"game_id","forecast_hour","forecast_time_local","temperature_f","apparent_temperature_f","wind_mph","wind_gust_mph","wind_direction","precipitation_probability","precipitation_in","conditions","forecast_timezone","forecast_method"
"822868",0,"2026-07-27 00:00:00 CDT",86.8,90.9,7,11.6,174,0,0,"Clear","America/Chicago","open_meteo_first_pitch_plus_four_hours_v1"
"822868",1,"2026-07-27 00:00:00 CDT",84.2,87.1,7.6,14.8,177,0,0,"Clear","America/Chicago","open_meteo_first_pitch_plus_four_hours_v1"
"822868",2,"2026-07-27 00:00:00 CDT",82.2,85.3,7.5,16.1,189,0,0,"Clear","America/Chicago","open_meteo_first_pitch_plus_four_hours_v1"
"822868",3,"2026-07-27 00:00:00 CDT",82,84.8,9.6,19.5,191,0,0,"Clear","America/Chicago","open_meteo_first_pitch_plus_four_hours_v1"
"822868",4,"2026-07-27 00:00:00 CDT",82.9,85.6,8.5,17.4,194,0,0,"Clear","America/Chicago","open_meteo_first_pitch_plus_four_hours_v1"
"824245",0,"2026-07-27 00:00:00 EDT",75.5,80.1,4.7,7.8,273,1,0,"Clear","America/Detroit","open_meteo_first_pitch_plus_four_hours_v1"
"824245",1,"2026-07-27 00:00:00 EDT",73.8,79.2,2.7,6,305,1,0,"Clear","America/Detroit","open_meteo_first_pitch_plus_four_hours_v1"
"824245",2,"2026-07-27 00:00:00 EDT",73,77.7,3.8,4.3,220,0,0,"Partly cloudy","America/Detroit","open_meteo_first_pitch_plus_four_hours_v1"
"824245",3,"2026-07-27 00:00:00 EDT",72,76.8,2.9,6.3,261,0,0,"Clear","America/Detroit","open_meteo_first_pitch_plus_four_hours_v1"
"824245",4,"2026-07-27 00:00:00 EDT",71.1,76.2,2.8,7.6,252,1,0,"Clear","America/Detroit","open_meteo_first_pitch_plus_four_hours_v1"
"823353",0,"2026-07-27 00:00:00 EDT",69.9,74.5,1.2,1.3,202,3,0,"Clear","America/New_York","open_meteo_first_pitch_plus_four_hours_v1"
"823353",1,"2026-07-27 00:00:00 EDT",68.8,72.7,2.9,4.9,238,1,0,"Partly cloudy","America/New_York","open_meteo_first_pitch_plus_four_hours_v1"
"823353",2,"2026-07-27 00:00:00 EDT",68,72.7,0.9,2.2,194,1,0,"Partly cloudy","America/New_York","open_meteo_first_pitch_plus_four_hours_v1"
"823353",3,"2026-07-27 00:00:00 EDT",67.4,71.5,2.5,5.8,243,3,0,"Clear","America/New_York","open_meteo_first_pitch_plus_four_hours_v1"
"823353",4,"2026-07-27 00:00:00 EDT",66.8,71.5,0.7,3.8,288,3,0,"Clear","America/New_York","open_meteo_first_pitch_plus_four_hours_v1"
"823839",0,"2026-07-27 00:00:00 EDT",77.2,85.6,3.4,4.5,184,3,0,"Clear","America/New_York","open_meteo_first_pitch_plus_four_hours_v1"
"823839",1,"2026-07-27 00:00:00 EDT",76.8,85,2.7,4.5,204,4,0,"Clear","America/New_York","open_meteo_first_pitch_plus_four_hours_v1"
"823839",2,"2026-07-27 00:00:00 EDT",76.6,84.7,4.1,6.3,279,3,0,"Partly cloudy","America/New_York","open_meteo_first_pitch_plus_four_hours_v1"
"823839",3,"2026-07-27 00:00:00 EDT",75.7,84.6,2.5,7.6,297,2,0,"Partly cloudy","America/New_York","open_meteo_first_pitch_plus_four_hours_v1"
"823839",4,"2026-07-27 00:00:00 EDT",75.5,83.4,4.1,4.7,241,4,0,"Clear","America/New_York","open_meteo_first_pitch_plus_four_hours_v1"
"822705",0,"2026-07-27 00:00:00 EDT",75.7,81,3.8,9.4,173,18,0,"Partly cloudy","America/New_York","open_meteo_first_pitch_plus_four_hours_v1"
"822705",1,"2026-07-27 00:00:00 EDT",73.5,77.9,5.8,14.3,178,20,0,"Partly cloudy","America/New_York","open_meteo_first_pitch_plus_four_hours_v1"
"822705",2,"2026-07-27 00:00:00 EDT",73.8,78.1,6.2,16.8,193,18,0,"Partly cloudy","America/New_York","open_meteo_first_pitch_plus_four_hours_v1"
"822705",3,"2026-07-27 00:00:00 EDT",72.1,77.6,2.8,13,194,16,0,"Partly cloudy","America/New_York","open_meteo_first_pitch_plus_four_hours_v1"
"822705",4,"2026-07-27 00:00:00 EDT",73.3,79.9,2.7,12.8,180,24,0,"Clear","America/New_York","open_meteo_first_pitch_plus_four_hours_v1"
"824490",0,"2026-07-27 00:00:00 EDT",70.9,75.2,4,3.8,56,5,0,"Clear","America/New_York","open_meteo_first_pitch_plus_four_hours_v1"
"824490",1,"2026-07-27 00:00:00 EDT",70.2,75,2.5,2.5,5,0,0,"Clear","America/New_York","open_meteo_first_pitch_plus_four_hours_v1"
"824490",2,"2026-07-27 00:00:00 EDT",69.4,74.2,1.8,2.2,90,0,0,"Clear","America/New_York","open_meteo_first_pitch_plus_four_hours_v1"
"824490",3,"2026-07-27 00:00:00 EDT",68.5,73.2,1.8,2,76,0,0,"Clear","America/New_York","open_meteo_first_pitch_plus_four_hours_v1"
"824490",4,"2026-07-27 00:00:00 EDT",67.9,72.5,1.1,1.6,37,0,0,"Partly cloudy","America/New_York","open_meteo_first_pitch_plus_four_hours_v1"
"823597",0,"2026-07-27 00:00:00 EDT",71.7,74,4.5,12.5,171,0,0,"Partly cloudy","America/New_York","open_meteo_first_pitch_plus_four_hours_v1"
"823597",1,"2026-07-27 00:00:00 EDT",72.4,72.7,5.1,15.4,203,1,0,"Clear","America/New_York","open_meteo_first_pitch_plus_four_hours_v1"
"823597",2,"2026-07-27 00:00:00 EDT",71.8,73.3,4.5,13.9,213,3,0,"Partly cloudy","America/New_York","open_meteo_first_pitch_plus_four_hours_v1"
"823597",3,"2026-07-27 00:00:00 EDT",70.2,72.2,3.3,11,196,2,0,"Clear","America/New_York","open_meteo_first_pitch_plus_four_hours_v1"
"823597",4,"2026-07-27 00:00:00 EDT",69.7,71.3,4.5,7.4,180,2,0,"Clear","America/New_York","open_meteo_first_pitch_plus_four_hours_v1"
"824570",0,"2026-07-27 00:00:00 CDT",78.4,86.2,8.1,15.7,208,0,0,"Partly cloudy","America/Chicago","open_meteo_first_pitch_plus_four_hours_v1"
"824570",1,"2026-07-27 00:00:00 CDT",77.3,85.6,5.6,15.9,187,1,0,"Clear","America/Chicago","open_meteo_first_pitch_plus_four_hours_v1"
"824570",2,"2026-07-27 00:00:00 CDT",76.4,83.3,7.6,14.1,212,1,0,"Partly cloudy","America/Chicago","open_meteo_first_pitch_plus_four_hours_v1"
"824570",3,"2026-07-27 00:00:00 CDT",76.2,84.1,5.6,13.9,230,1,0,"Clear","America/Chicago","open_meteo_first_pitch_plus_four_hours_v1"
"824570",4,"2026-07-27 00:00:00 CDT",76.4,85,5,11,216,1,0,"Cloudy","America/Chicago","open_meteo_first_pitch_plus_four_hours_v1"
"823025",0,"2026-07-27 00:00:00 CDT",83.8,96.2,2.2,3.4,96,1,0,"Clear","America/Chicago","open_meteo_first_pitch_plus_four_hours_v1"
"823025",1,"2026-07-27 00:00:00 CDT",84.3,97.1,1.6,1.8,82,1,0,"Clear","America/Chicago","open_meteo_first_pitch_plus_four_hours_v1"
"823025",2,"2026-07-27 00:00:00 CDT",83.7,96.1,2.7,4.7,246,1,0,"Clear","America/Chicago","open_meteo_first_pitch_plus_four_hours_v1"
"823025",3,"2026-07-27 00:00:00 CDT",83.7,93.5,5.4,7.6,228,1,0,"Partly cloudy","America/Chicago","open_meteo_first_pitch_plus_four_hours_v1"
"823025",4,"2026-07-27 00:00:00 CDT",82.1,89.5,7.4,13.6,226,1,0,"Clear","America/Chicago","open_meteo_first_pitch_plus_four_hours_v1"
"824001",0,"2026-07-27 00:00:00 PDT",72.6,76.8,2.7,7.4,189,0,0,"Clear","America/Los_Angeles","open_meteo_first_pitch_plus_four_hours_v1"
"824001",1,"2026-07-27 00:00:00 PDT",72.2,75.7,3.5,6.3,235,0,0,"Clear","America/Los_Angeles","open_meteo_first_pitch_plus_four_hours_v1"
"824001",2,"2026-07-27 00:00:00 PDT",70.2,74.9,1.4,3.4,162,0,0,"Clear","America/Los_Angeles","open_meteo_first_pitch_plus_four_hours_v1"
"824001",3,"2026-07-27 00:00:00 PDT",70.1,75.2,1.3,2.7,211,0,0,"Clear","America/Los_Angeles","open_meteo_first_pitch_plus_four_hours_v1"
"824001",4,"2026-07-27 00:00:00 PDT",69.4,73.8,2.7,4,222,0,0,"Clear","America/Los_Angeles","open_meteo_first_pitch_plus_four_hours_v1"
"824977",0,"2026-07-27 00:00:00 PDT",65.9,63.5,6,13.6,167,0,0,"Clear","America/Los_Angeles","open_meteo_first_pitch_plus_four_hours_v1"
"824977",1,"2026-07-27 00:00:00 PDT",64.5,61.1,6.7,11.9,165,0,0,"Clear","America/Los_Angeles","open_meteo_first_pitch_plus_four_hours_v1"
"824977",2,"2026-07-27 00:00:00 PDT",62.5,60,6.7,11.4,166,0,0,"Clear","America/Los_Angeles","open_meteo_first_pitch_plus_four_hours_v1"
"824977",3,"2026-07-27 00:00:00 PDT",62.1,60,6.3,12.3,174,0,0,"Clear","America/Los_Angeles","open_meteo_first_pitch_plus_four_hours_v1"
"824977",4,"2026-07-27 00:00:00 PDT",60.8,59,6,10.3,165,0,0,"Clear","America/Los_Angeles","open_meteo_first_pitch_plus_four_hours_v1"
"823195",0,"2026-07-27 00:00:00 PDT",58.5,57.4,5.2,16.3,263,0,0,"Partly cloudy","America/Los_Angeles","open_meteo_first_pitch_plus_four_hours_v1"
"823195",1,"2026-07-27 00:00:00 PDT",56.6,55.5,4.2,17.9,245,0,0,"Partly cloudy","America/Los_Angeles","open_meteo_first_pitch_plus_four_hours_v1"
"823195",2,"2026-07-27 00:00:00 PDT",56.8,55.2,6.8,15.9,278,0,0,"Partly cloudy","America/Los_Angeles","open_meteo_first_pitch_plus_four_hours_v1"
"823195",3,"2026-07-27 00:00:00 PDT",56,54.7,4.9,17,275,0,0,"Clear","America/Los_Angeles","open_meteo_first_pitch_plus_four_hours_v1"
"823195",4,"2026-07-27 00:00:00 PDT",55.4,52.2,9,18.6,279,0,0,"Clear","America/Los_Angeles","open_meteo_first_pitch_plus_four_hours_v1"
