"game_date","game_pk","play_id","inning","half_inning","fielder_id","fielder_name","fielding_team","position","description","trajectory_group","launch_speed","launch_angle","hit_distance","estimated_out_probability","estimated_play_difficulty","estimated_range_runs","advancement_runs_saved","play_runs_saved","play_story","gameday_url","publication_status","opportunity_model","source_through","generated_at_utc"
2026-03-25,"823244","88c88a2b-a46f-3b91-ae13-b213a01511fc",7,"bottom","641355","Cody Bellinger","New York Yankees","LF","Jung Hoo Lee lines out to left fielder Cody Bellinger.","line_drive",79.1,30,247,0.323574795196948,0.676425204803052,0.608782684322747,0,0.608782684322747,"Cody Bellinger converted a 32% estimated-out opportunity.","https://www.mlb.com/gameday/823244","development estimate; not official Catch Probability","sabrhood_batted_ball_context_v1","2026-09-16","2026-09-17 14:48:49 UTC"
2026-03-26,"823325","44264d46-98ad-35c4-8523-877c7d825c0b",8,"bottom","682985","Riley Greene","Detroit Tigers","LF","Xander Bogaerts lines out to left fielder Riley Greene.","line_drive",101.7,20,357,0.317426675896184,0.682573324103817,0.614315991693435,0.0366558502525285,0.650971841945963,"Riley Greene converted a 32% estimated-out opportunity and added  0.04 estimated advancement runs saved.","https://www.mlb.com/gameday/823325","development estimate; not official Catch Probability","sabrhood_batted_ball_context_v1","2026-09-16","2026-09-17 14:48:49 UTC"
2026-03-27,"823162","c29d30e6-9785-30c3-b629-6f6a2cf56eff",8,"top","677594","Julio Rodríguez","Seattle Mariners","CF","Mariners challenged (catch or drop), call on the field was overturned: Brayan Rocchio lines out to center fielder Julio Rodríguez.","line_drive",92.7,13,269,0.0765371614096053,0.923462838590395,0.831116554731355,0,0.831116554731355,"Julio Rodríguez converted a 8% estimated-out opportunity.","https://www.mlb.com/gameday/823162","development estimate; not official Catch Probability","sabrhood_batted_ball_context_v1","2026-09-16","2026-09-17 14:48:49 UTC"
2026-03-28,"823488","d103b350-ec74-3d2b-b5b3-851303465552",8,"top","666969","Adolis García","Philadelphia Phillies","RF","Josh Jung lines out to right fielder Adolis García.","line_drive",81.2,23,237,0.175515205150499,0.824484794849501,0.742036315364551,0,0.742036315364551,"Adolis García converted a 18% estimated-out opportunity.","https://www.mlb.com/gameday/823488","development estimate; not official Catch Probability","sabrhood_batted_ball_context_v1","2026-09-16","2026-09-17 14:48:49 UTC"
2026-03-29,"824215","e0a11d36-15d1-3ce8-b6f2-5cc5680e7f40",6,"bottom","666139","Josh Lowe","Los Angeles Angels","LF","Jose Altuve lines out to left fielder Josh Lowe.","line_drive",76.3,25,242,0.159207097345353,0.840792902654647,0.756713612389182,0,0.756713612389182,"Josh Lowe converted a 16% estimated-out opportunity.","https://www.mlb.com/gameday/824215","development estimate; not official Catch Probability","sabrhood_batted_ball_context_v1","2026-09-16","2026-09-17 14:48:49 UTC"
2026-03-30,"822834","b10ed00f-ccda-38eb-8e2b-35f55bec086d",1,"top",,"Addison Barger","Toronto Blue Jays","RF","Jake McCarthy lines out sharply to right fielder Addison Barger.","line_drive",101.5,20,356,0.326785458159167,0.673214541840833,0.605893087656749,0,0.605893087656749,"Addison Barger converted a 33% estimated-out opportunity.","https://www.mlb.com/gameday/822834","development estimate; not official Catch Probability","sabrhood_batted_ball_context_v1","2026-09-16","2026-09-17 14:48:49 UTC"
2026-03-31,"823807","cf6b7cf5-0be1-3ff9-a62a-ca1c111fca72",2,"bottom","802415","Chandler Simpson","Tampa Bay Rays","LF","Jake Bauers lines out to left fielder Chandler Simpson.","line_drive",90,17,259,0.228111634808414,0.771888365191586,0.694699528672427,0.0242852836397901,0.718984812312217,"Chandler Simpson converted a 23% estimated-out opportunity and added  0.02 estimated advancement runs saved.","https://www.mlb.com/gameday/823807","development estimate; not official Catch Probability","sabrhood_batted_ball_context_v1","2026-09-16","2026-09-17 14:48:49 UTC"
2026-04-01,"824136","b7239171-a8d5-3a25-981c-f79283b59cb5",5,"top","664728","Kyle Isbel","Kansas City Royals","CF","Austin Martin lines out to center fielder Kyle Isbel.","line_drive",98.2,16,258,0.0615079678547354,0.938492032145265,0.844642828930738,0.0198587395764422,0.86450156850718,"Kyle Isbel converted a 6% estimated-out opportunity and added  0.02 estimated advancement runs saved.","https://www.mlb.com/gameday/824136","development estimate; not official Catch Probability","sabrhood_batted_ball_context_v1","2026-09-16","2026-09-17 14:48:49 UTC"
2026-04-02,"824133","cdd8a7f3-663a-3052-8f6c-895673bc0a78",6,"top","657041","Lane Thomas","Kansas City Royals","RF","Byron Buxton lines out sharply to right fielder Lane Thomas.","line_drive",105.2,21,353,0.210964471922779,0.789035528077221,0.710131975269499,0,0.710131975269499,"Lane Thomas converted a 21% estimated-out opportunity.","https://www.mlb.com/gameday/824133","development estimate; not official Catch Probability","sabrhood_batted_ball_context_v1","2026-09-16","2026-09-17 14:48:49 UTC"
2026-04-03,"825103","bb6dbed7-d2b4-3910-9d62-8a5b8e2ac675",2,"bottom","642201","Eli White","Atlanta Braves","LF","Nolan Arenado lines out sharply to left fielder Eli White.","line_drive",103.3,14,273,0.100316285607971,0.899683714392029,0.809715342952826,0,0.809715342952826,"Eli White converted a 10% estimated-out opportunity.","https://www.mlb.com/gameday/825103","development estimate; not official Catch Probability","sabrhood_batted_ball_context_v1","2026-09-16","2026-09-17 14:48:49 UTC"
2026-04-04,"823730","46203fcb-b764-3486-b58a-6930f4d84edf",5,"top","668885","Austin Martin","Minnesota Twins","LF","Chandler Simpson lines out to left fielder Austin Martin.","line_drive",77.3,26,248,0.159207097345353,0.840792902654647,0.756713612389182,0.0342846210799385,0.79099823346912,"Austin Martin converted a 16% estimated-out opportunity and added  0.03 estimated advancement runs saved.","https://www.mlb.com/gameday/823730","development estimate; not official Catch Probability","sabrhood_batted_ball_context_v1","2026-09-16","2026-09-17 14:48:49 UTC"
2026-04-05,"825025","0d849f7b-7345-3544-8663-857082efa189",8,"top","671732","Lawrence Butler","Athletics","RF","Carlos Correa lines out to right fielder Lawrence Butler.","line_drive",82.7,21,249,0.175515205150499,0.824484794849501,0.742036315364551,0.0926800504739608,0.834716365838512,"Lawrence Butler converted a 18% estimated-out opportunity and added  0.09 estimated advancement runs saved.","https://www.mlb.com/gameday/825025","development estimate; not official Catch Probability","sabrhood_batted_ball_context_v1","2026-09-16","2026-09-17 14:48:49 UTC"
2026-04-06,"823002","3df40d08-749e-3ada-a95d-1d16bdab2b08",7,"bottom","664023","Ian Happ","Chicago Cubs","LF","Taylor Walls lines out to left fielder Ian Happ.","line_drive",90.3,18,263,0.228111634808414,0.771888365191586,0.694699528672427,0.0396440881321738,0.734343616804601,"Ian Happ converted a 23% estimated-out opportunity and added  0.04 estimated advancement runs saved.","https://www.mlb.com/gameday/823002","development estimate; not official Catch Probability","sabrhood_batted_ball_context_v1","2026-09-16","2026-09-17 14:48:49 UTC"
2026-04-07,"823648","49c9c437-b296-3ac3-b43f-082adcfce9b1",10,"top","673357","Luis Robert Jr","New York Mets","CF","Ildemaro Vargas lines out to center fielder Luis Robert Jr.","line_drive",85.2,17,273,0.105694175279931,0.894305824720069,0.804875242248062,0.074269133437307,0.879144375685369,"Luis Robert Jr converted a 11% estimated-out opportunity and added  0.07 estimated advancement runs saved.","https://www.mlb.com/gameday/823648","development estimate; not official Catch Probability","sabrhood_batted_ball_context_v1","2026-09-16","2026-09-17 14:48:49 UTC"
2026-04-08,"823646","2b9ab437-6d49-3110-8f32-3ed6b8a5d737",8,"top","683146","Brett Baty","New York Mets","RF","Corbin Carroll lines out sharply to right fielder Brett Baty.","line_drive",100.3,15,273,0.10196747638703,0.89803252361297,0.808229271251673,0,0.808229271251673,"Brett Baty converted a 10% estimated-out opportunity.","https://www.mlb.com/gameday/823646","development estimate; not official Catch Probability","sabrhood_batted_ball_context_v1","2026-09-16","2026-09-17 14:48:49 UTC"
2026-04-09,"823724","5036c2da-a391-39c6-a876-0404fe1fc547",7,"bottom",,"Parker Meadows","Detroit Tigers","CF","Royce Lewis lines out sharply to center fielder Parker Meadows.","line_drive",110.7,12,316,0.306349321705426,0.693650678294574,0.624285610465116,0,0.624285610465116,"Parker Meadows converted a 31% estimated-out opportunity.","https://www.mlb.com/gameday/823724","development estimate; not official Catch Probability","sabrhood_batted_ball_context_v1","2026-09-16","2026-09-17 14:48:49 UTC"
2026-04-10,"824128","94cfb2c1-6bdb-3861-aff7-ce27b37cc85a",6,"bottom","656537","Derek Hill","Chicago White Sox","RF","Vinnie Pasquantino lines out sharply to right fielder Derek Hill.","line_drive",101,14,271,0.10196747638703,0.89803252361297,0.808229271251673,0,0.808229271251673,"Derek Hill converted a 10% estimated-out opportunity.","https://www.mlb.com/gameday/824128","development estimate; not official Catch Probability","sabrhood_batted_ball_context_v1","2026-09-16","2026-09-17 14:48:49 UTC"
2026-04-11,"824697","2c04c3c0-ed96-3a58-91b3-a8be94213cfb",11,"bottom","694377","Nick Yorke","Pittsburgh Pirates","RF","Matt Shaw lines out to right fielder Nick Yorke.","line_drive",79.1,24,248,0.180035790644593,0.819964209355407,0.737967788419867,0.100559362049407,0.838527150469274,"Nick Yorke converted a 18% estimated-out opportunity and added  0.10 estimated advancement runs saved.","https://www.mlb.com/gameday/824697","development estimate; not official Catch Probability","sabrhood_batted_ball_context_v1","2026-09-16","2026-09-17 14:48:49 UTC"
2026-04-12,"823075","a4b3f76f-f354-3cdb-8afd-8d2a89628cf3",1,"bottom","678882","Ceddanne Rafaela","Boston Red Sox","CF","JJ Wetherholt lines out sharply to center fielder Ceddanne Rafaela.","line_drive",107.4,16,292,0.121567191152947,0.878432808847053,0.790589527962348,0,0.790589527962348,"Ceddanne Rafaela converted a 12% estimated-out opportunity.","https://www.mlb.com/gameday/823075","development estimate; not official Catch Probability","sabrhood_batted_ball_context_v1","2026-09-16","2026-09-17 14:48:49 UTC"
2026-04-13,"823400","8ebe3353-63a3-370b-af09-f022edf6d89d",5,"top","663968","Jake Mangum","Pittsburgh Pirates","LF","Nasim Nuñez lines out to left fielder Jake Mangum.","line_drive",76.7,26,248,0.159207097345353,0.840792902654647,0.756713612389182,0,0.756713612389182,"Jake Mangum converted a 16% estimated-out opportunity.","https://www.mlb.com/gameday/823400","development estimate; not official Catch Probability","sabrhood_batted_ball_context_v1","2026-09-16","2026-09-17 14:48:49 UTC"
2026-04-14,"824616","3310f605-9421-360a-8da2-9c503c9921e8",3,"bottom","802415","Chandler Simpson","Tampa Bay Rays","LF","Miguel Vargas lines out sharply to left fielder Chandler Simpson.","line_drive",107.6,16,272,0.0852550361484282,0.914744963851572,0.823270467466415,0,0.823270467466415,"Chandler Simpson converted a 9% estimated-out opportunity.","https://www.mlb.com/gameday/824616","development estimate; not official Catch Probability","sabrhood_batted_ball_context_v1","2026-09-16","2026-09-17 14:48:49 UTC"
2026-04-15,"823963","08938cc5-22f6-345d-870e-ce10ad175a6b",5,"top","606192","Teoscar Hernández","Los Angeles Dodgers","LF","Carson Benge lines into a force out, left fielder Teoscar Hernández to second baseman Alex Freeland. Francisco Alvarez out at 2nd. Carson Benge to 1st.","line_drive",92.4,17,250,0.228111634808414,0.771888365191586,0.694699528672427,0.0212590902599235,0.715958618932351,"Teoscar Hernández converted a 23% estimated-out opportunity and added  0.02 estimated advancement runs saved.","https://www.mlb.com/gameday/823963","development estimate; not official Catch Probability","sabrhood_batted_ball_context_v1","2026-09-16","2026-09-17 14:48:49 UTC"
2026-04-16,"824614","fb177ee6-d4b4-36bb-ad18-9260e1525527",1,"bottom","802415","Chandler Simpson","Tampa Bay Rays","LF","Miguel Vargas lines out sharply to left fielder Chandler Simpson.","line_drive",109.6,16,276,0.331129792463827,0.668870207536173,0.601983186782556,0,0.601983186782556,"Chandler Simpson converted a 33% estimated-out opportunity.","https://www.mlb.com/gameday/824614","development estimate; not official Catch Probability","sabrhood_batted_ball_context_v1","2026-09-16","2026-09-17 14:48:49 UTC"
2026-04-17,"823559","84c3df9d-55fa-3c25-9203-e8dd9433d30e",7,"bottom","695506","Jac Caglianone","Kansas City Royals","RF","Trent Grisham lines out sharply to right fielder Jac Caglianone.","line_drive",106.7,15,272,0.0696178812472111,0.930382118752789,0.83734390687751,0.0987893200395976,0.936133226917108,"Jac Caglianone converted a 7% estimated-out opportunity and added  0.10 estimated advancement runs saved.","https://www.mlb.com/gameday/823559","development estimate; not official Catch Probability","sabrhood_batted_ball_context_v1","2026-09-16","2026-09-17 14:48:49 UTC"
2026-04-18,"824694","d13b0893-9d67-3c8c-ad79-77509b7bbb23",6,"bottom","701807","Carson Benge","New York Mets","LF","Michael Busch lines out to left fielder Carson Benge.","line_drive",91.4,19,262,0.228111634808414,0.771888365191586,0.694699528672427,0,0.694699528672427,"Carson Benge converted a 23% estimated-out opportunity.","https://www.mlb.com/gameday/824694","development estimate; not official Catch Probability","sabrhood_batted_ball_context_v1","2026-09-16","2026-09-17 14:48:49 UTC"
2026-04-19,"824452","af5b7352-044e-33c6-929a-6d2bf00f756a",6,"top","682657","Angel Martínez","Cleveland Guardians","LF","Taylor Ward lines out to left fielder Angel Martínez.","line_drive",99.9,14,267,0.178878031966911,0.821121968033089,0.73900977122978,0,0.73900977122978,"Angel Martínez converted a 18% estimated-out opportunity.","https://www.mlb.com/gameday/824452","development estimate; not official Catch Probability","sabrhood_batted_ball_context_v1","2026-09-16","2026-09-17 14:48:49 UTC"
2026-04-20,"824692","120383c2-b18d-37be-ae78-8110f19c0357",9,"top","807713","Matt Shaw","Chicago Cubs","RF","Trea Turner lines out to right fielder Matt Shaw.","line_drive",97.4,15,272,0.221273917786531,0.778726082213469,0.700853473992122,0.0930971130751201,0.793950587067243,"Matt Shaw converted a 22% estimated-out opportunity and added  0.09 estimated advancement runs saved.","https://www.mlb.com/gameday/824692","development estimate; not official Catch Probability","sabrhood_batted_ball_context_v1","2026-09-16","2026-09-17 14:48:49 UTC"
2026-04-21,"824690","d1b4a242-a80a-3112-9d8c-3b805cf3ce41",8,"top","673548","Seiya Suzuki","Chicago Cubs","RF","Felix Reyes lines out to right fielder Seiya Suzuki.","line_drive",92,18,271,0.239150785532065,0.760849214467935,0.684764293021141,0,0.684764293021141,"Seiya Suzuki converted a 24% estimated-out opportunity.","https://www.mlb.com/gameday/824690","development estimate; not official Catch Probability","sabrhood_batted_ball_context_v1","2026-09-16","2026-09-17 14:48:49 UTC"
2026-04-22,"823147","381b351b-4b4e-3b77-81a7-11a7776bf321",9,"top","608701","Rob Refsnyder","Seattle Mariners","RF","Austin Wynns lines out sharply to right fielder Rob Refsnyder.","line_drive",101.7,14,260,0.10196747638703,0.89803252361297,0.808229271251673,0,0.808229271251673,"Rob Refsnyder converted a 10% estimated-out opportunity.","https://www.mlb.com/gameday/823147","development estimate; not official Catch Probability","sabrhood_batted_ball_context_v1","2026-09-16","2026-09-17 14:48:49 UTC"
2026-04-23,"825096","6715b404-4166-3ce9-b3e7-0af24ba1b241",4,"top","678489","Jorge Barrosa","Arizona Diamondbacks","LF","Sam Antonacci lines out to left fielder Jorge Barrosa.","line_drive",90.4,20,265,0.314903809127736,0.685096190872264,0.616586571785038,0,0.616586571785038,"Jorge Barrosa converted a 31% estimated-out opportunity.","https://www.mlb.com/gameday/825096","development estimate; not official Catch Probability","sabrhood_batted_ball_context_v1","2026-09-16","2026-09-17 14:48:49 UTC"
2026-04-24,"823069","d00d2e26-e500-3327-a0e7-d65eb5ea31b1",9,"bottom","608701","Rob Refsnyder","Seattle Mariners","RF","Nolan Gorman lines out sharply to right fielder Rob Refsnyder.","line_drive",111.9,20,334,0.25078046561245,0.74921953438755,0.674297580948795,0,0.674297580948795,"Rob Refsnyder converted a 25% estimated-out opportunity.","https://www.mlb.com/gameday/823069","development estimate; not official Catch Probability","sabrhood_batted_ball_context_v1","2026-09-16","2026-09-17 14:48:49 UTC"
2026-04-25,"825093","9466f002-3e27-47be-b42c-eeb63f0e23cf",4,"bottom","657656","Ramón Laureano","San Diego Padres","LF","Alek Thomas lines out sharply to left fielder Ramón Laureano.","line_drive",101.1,18,359,0.30884796664451,0.69115203335549,0.622036830019941,0.0305264962589613,0.652563326278902,"Ramón Laureano converted a 31% estimated-out opportunity and added  0.03 estimated advancement runs saved.","https://www.mlb.com/gameday/825093","development estimate; not official Catch Probability","sabrhood_batted_ball_context_v1","2026-09-16","2026-09-17 14:48:49 UTC"
2026-04-26,"823959","8a2663f4-0fcf-32a6-a918-a0031968a32e",8,"bottom","691718","Pete Crow-Armstrong","Chicago Cubs","CF","Dalton Rushing lines out sharply to center fielder Pete Crow-Armstrong.","line_drive",106.6,13,287,0.121567191152947,0.878432808847053,0.790589527962348,0,0.790589527962348,"Pete Crow-Armstrong converted a 12% estimated-out opportunity.","https://www.mlb.com/gameday/823959","development estimate; not official Catch Probability","sabrhood_batted_ball_context_v1","2026-09-16","2026-09-17 14:48:49 UTC"
2026-04-27,"824609","6323457d-b003-3531-9fc7-94c74464cf92",7,"top","671976","Tristan Peters","Chicago White Sox","CF","Vaughn Grissom lines out sharply to center fielder Tristan Peters.","line_drive",102,16,299,0.187785873242675,0.812214126757325,0.730992714081592,0,0.730992714081592,"Tristan Peters converted a 19% estimated-out opportunity.","https://www.mlb.com/gameday/824609","development estimate; not official Catch Probability","sabrhood_batted_ball_context_v1","2026-09-16","2026-09-17 14:48:49 UTC"
2026-04-28,"822908","5f3efa93-48c8-3971-938d-21698a72dd09",1,"bottom","663757","Trent Grisham","New York Yankees","CF","Josh Jung lines out sharply to center fielder Trent Grisham.","line_drive",103.4,16,288,0.187785873242675,0.812214126757325,0.730992714081592,0,0.730992714081592,"Trent Grisham converted a 19% estimated-out opportunity.","https://www.mlb.com/gameday/822908","development estimate; not official Catch Probability","sabrhood_batted_ball_context_v1","2026-09-16","2026-09-17 14:48:49 UTC"
2026-04-29,"823312","4c5893c5-6a8f-38de-91fc-0bd4cad8c678",7,"top","665487","Fernando Tatis Jr","San Diego Padres","RF","Nico Hoerner lines out to right fielder Fernando Tatis Jr.","line_drive",82.4,21,240,0.175515205150499,0.824484794849501,0.742036315364551,0,0.742036315364551,"Fernando Tatis Jr converted a 18% estimated-out opportunity.","https://www.mlb.com/gameday/823312","development estimate; not official Catch Probability","sabrhood_batted_ball_context_v1","2026-09-16","2026-09-17 14:48:49 UTC"
2026-04-30,"823471","5e63ee11-c538-32f8-b653-61782622b367",2,"top","666969","Adolis García","Philadelphia Phillies","RF","Eric Haase lines out to right fielder Adolis García.","line_drive",81.9,21,241,0.175515205150499,0.824484794849501,0.742036315364551,0.0365233707261491,0.7785596860907,"Adolis García converted a 18% estimated-out opportunity and added  0.04 estimated advancement runs saved.","https://www.mlb.com/gameday/823471","development estimate; not official Catch Probability","sabrhood_batted_ball_context_v1","2026-09-16","2026-09-17 14:48:49 UTC"
2026-05-01,"823146","eb278be5-49fc-3ac8-9801-a92c245baeb4",3,"bottom","686555","Isaac Collins","Kansas City Royals","LF","J.P. Crawford lines out to left fielder Isaac Collins.","line_drive",92.6,16,257,0.228111634808414,0.771888365191586,0.694699528672427,0.0358538977711225,0.73055342644355,"Isaac Collins converted a 23% estimated-out opportunity and added  0.04 estimated advancement runs saved.","https://www.mlb.com/gameday/823146","development estimate; not official Catch Probability","sabrhood_batted_ball_context_v1","2026-09-16","2026-09-17 14:48:49 UTC"
2026-05-02,"824042","faff1298-e086-3a53-bcb4-13bf1912ae2a",10,"bottom","701807","Carson Benge","New York Mets","RF","Josh Lowe lines out to right fielder Carson Benge.","line_drive",89.8,19,234,0.0868108259810897,0.91318917401891,0.821870256617019,0.0779919728004331,0.899862229417452,"Carson Benge converted a 9% estimated-out opportunity and added  0.08 estimated advancement runs saved.","https://www.mlb.com/gameday/824042","development estimate; not official Catch Probability","sabrhood_batted_ball_context_v1","2026-09-16","2026-09-17 14:48:49 UTC"
2026-05-03,"823065","a6fc280d-b6f5-3ad4-9fbd-74957d7d3459",9,"top","701675","Nathan Church","St. Louis Cardinals","CF","Kyle Tucker lines out to center fielder Nathan Church.","line_drive",99.4,18,295,0.282903469194121,0.717096530805879,0.645386877725291,0,0.645386877725291,"Nathan Church converted a 28% estimated-out opportunity.","https://www.mlb.com/gameday/823065","development estimate; not official Catch Probability","sabrhood_batted_ball_context_v1","2026-09-16","2026-09-17 14:48:49 UTC"
2026-05-04,"824120","7a4ad672-dfbb-32d2-a80d-5266dcbb8b9b",4,"top","686555","Isaac Collins","Kansas City Royals","LF","Travis Bazzana lines out to left fielder Isaac Collins.","line_drive",98.1,15,266,0.178878031966911,0.821121968033089,0.73900977122978,0,0.73900977122978,"Isaac Collins converted a 18% estimated-out opportunity.","https://www.mlb.com/gameday/824120","development estimate; not official Catch Probability","sabrhood_batted_ball_context_v1","2026-09-16","2026-09-17 14:48:49 UTC"
2026-05-05,"824200","78170b51-3a52-3b32-9a09-8b4cebabb22d",2,"top",,"Zach Cole","Houston Astros","CF","Miguel Rojas lines out sharply to center fielder Zach Cole.","line_drive",101,14,291,0.187785873242675,0.812214126757325,0.730992714081592,0,0.730992714081592,"Zach Cole converted a 19% estimated-out opportunity.","https://www.mlb.com/gameday/824200","development estimate; not official Catch Probability","sabrhood_batted_ball_context_v1","2026-09-16","2026-09-17 14:48:49 UTC"
2026-05-06,"823226","830135cf-e32a-3b5b-8e2e-3a5e1a0fe696",5,"top","671218","Heliot Ramos","San Francisco Giants","LF","Jackson Merrill lines out to left fielder Heliot Ramos.","line_drive",87.3,19,247,0.0957150338532899,0.90428496614671,0.813856469532039,0,0.813856469532039,"Heliot Ramos converted a 10% estimated-out opportunity.","https://www.mlb.com/gameday/823226","development estimate; not official Catch Probability","sabrhood_batted_ball_context_v1","2026-09-16","2026-09-17 14:48:49 UTC"
2026-05-07,"822741","aa5d3f30-9dce-33dc-ad7d-929f5226d4fd",3,"bottom","668885","Austin Martin","Minnesota Twins","LF","James Wood lines out sharply to left fielder Austin Martin.","line_drive",108.2,14,289,0.331129792463827,0.668870207536173,0.601983186782556,0,0.601983186782556,"Austin Martin converted a 33% estimated-out opportunity.","https://www.mlb.com/gameday/822741","development estimate; not official Catch Probability","sabrhood_batted_ball_context_v1","2026-09-16","2026-09-17 14:48:49 UTC"
2026-05-08,"823794","398fb9dc-a45e-332f-b1dc-7a32316f5558",3,"bottom","592450","Aaron Judge","New York Yankees","RF","Luis Rengifo lines out to right fielder Aaron Judge.","line_drive",85.6,19,269,0.28151015520415,0.71848984479585,0.646640860316265,0.0740045913423124,0.720645451658578,"Aaron Judge converted a 28% estimated-out opportunity and added  0.07 estimated advancement runs saved.","https://www.mlb.com/gameday/823794","development estimate; not official Catch Probability","sabrhood_batted_ball_context_v1","2026-09-16","2026-09-17 14:48:49 UTC"
2026-05-09,"824606","64a1dbcc-effc-3a8c-8280-ae9b70796b2d",4,"top","803011","Sam Antonacci","Chicago White Sox","LF","J.P. Crawford lines out to left fielder Sam Antonacci.","line_drive",103.5,11,255,0.100316285607971,0.899683714392029,0.809715342952826,0,0.809715342952826,"Sam Antonacci converted a 10% estimated-out opportunity.","https://www.mlb.com/gameday/824606","development estimate; not official Catch Probability","sabrhood_batted_ball_context_v1","2026-09-16","2026-09-17 14:48:49 UTC"
2026-05-10,"823868","0031e46a-5b6f-3d47-8028-f10d0028c243",5,"top","805300","Jakob Marsee","Miami Marlins","CF","Brady House lines out sharply to center fielder Jakob Marsee.","line_drive",102.6,14,281,0.187785873242675,0.812214126757325,0.730992714081592,0,0.730992714081592,"Jakob Marsee converted a 19% estimated-out opportunity.","https://www.mlb.com/gameday/823868","development estimate; not official Catch Probability","sabrhood_batted_ball_context_v1","2026-09-16","2026-09-17 14:48:49 UTC"
2026-05-11,"824199","289410cf-53e2-3a43-95e2-e95bdfc8d095",1,"top","701358","Cam Smith","Houston Astros","RF","Julio Rodríguez lines out to right fielder Cam Smith.","line_drive",75,27,244,0.180035790644593,0.819964209355407,0.737967788419867,0,0.737967788419867,"Cam Smith converted a 18% estimated-out opportunity.","https://www.mlb.com/gameday/824199","development estimate; not official Catch Probability","sabrhood_batted_ball_context_v1","2026-09-16","2026-09-17 14:48:49 UTC"
2026-05-12,"823951","3fae79c1-2698-3244-a730-9ced48ce2697",1,"bottom","808982","Jung Hoo Lee","San Francisco Giants","RF","Will Smith out on a sacrifice fly to right fielder Jung Hoo Lee. Shohei Ohtani scores.","line_drive",106.5,21,352,0.210964471922779,0.789035528077221,0.710131975269499,0.0854068145282289,0.795538789797728,"Jung Hoo Lee converted a 21% estimated-out opportunity and added  0.09 estimated advancement runs saved.","https://www.mlb.com/gameday/823951","development estimate; not official Catch Probability","sabrhood_batted_ball_context_v1","2026-09-16","2026-09-17 14:48:49 UTC"
2026-05-13,"822815","3d1e0969-0ac6-38f9-b7fd-d137007a14d2",2,"bottom","802415","Chandler Simpson","Tampa Bay Rays","LF","Daulton Varsho lines out sharply to left fielder Chandler Simpson.","line_drive",101.7,16,265,0.100316285607971,0.899683714392029,0.809715342952826,0.0233047228114589,0.833020065764285,"Chandler Simpson converted a 10% estimated-out opportunity and added  0.02 estimated advancement runs saved.","https://www.mlb.com/gameday/822815","development estimate; not official Catch Probability","sabrhood_batted_ball_context_v1","2026-09-16","2026-09-17 14:48:49 UTC"
2026-05-14,"823383","539201be-1cf0-3428-a381-febc5510369a",3,"top","668804","Bryan Reynolds","Pittsburgh Pirates","LF","Brenton Doyle lines out sharply to left fielder Bryan Reynolds.","line_drive",107.1,17,368,0.299481743707981,0.700518256292019,0.630466430662817,0,0.630466430662817,"Bryan Reynolds converted a 30% estimated-out opportunity.","https://www.mlb.com/gameday/823383","development estimate; not official Catch Probability","sabrhood_batted_ball_context_v1","2026-09-16","2026-09-17 14:48:49 UTC"
2026-05-15,"823061","83a35b69-e1ff-3673-95ea-3391bb0189b5",4,"bottom","695506","Jac Caglianone","Kansas City Royals","RF","Masyn Winn lines out to right fielder Jac Caglianone.","line_drive",96.2,14,272,0.221273917786531,0.778726082213469,0.700853473992122,0,0.700853473992122,"Jac Caglianone converted a 22% estimated-out opportunity.","https://www.mlb.com/gameday/823061","development estimate; not official Catch Probability","sabrhood_batted_ball_context_v1","2026-09-16","2026-09-17 14:48:49 UTC"
2026-05-16,"824038","c04a053e-0440-3d0c-ab3e-0810b3714f1f",8,"bottom","681624","Andy Pages","Los Angeles Dodgers","CF","Logan O'Hoppe lines out sharply to center fielder Andy Pages.","line_drive",105.2,16,290,0.121567191152947,0.878432808847053,0.790589527962348,0,0.790589527962348,"Andy Pages converted a 12% estimated-out opportunity.","https://www.mlb.com/gameday/824038","development estimate; not official Catch Probability","sabrhood_batted_ball_context_v1","2026-09-16","2026-09-17 14:48:49 UTC"
2026-05-17,"822738","01274fb5-8514-3222-bb3f-ca5c30974f5d",7,"bottom","681297","Colton Cowser","Baltimore Orioles","LF","Luis García Jr. lines out to left fielder Colton Cowser.","line_drive",97.2,15,268,0.178878031966911,0.821121968033089,0.73900977122978,0.0341643020544724,0.773174073284252,"Colton Cowser converted a 18% estimated-out opportunity and added  0.03 estimated advancement runs saved.","https://www.mlb.com/gameday/822738","development estimate; not official Catch Probability","sabrhood_batted_ball_context_v1","2026-09-16","2026-09-17 14:48:49 UTC"
2026-05-18,"823301","bda8974f-f1fb-3b62-8b06-542d8c8afc54",5,"bottom","663656","Kyle Tucker","Los Angeles Dodgers","RF","Ramón Laureano lines out sharply to right fielder Kyle Tucker.","line_drive",101.9,14,272,0.10196747638703,0.89803252361297,0.808229271251673,0,0.808229271251673,"Kyle Tucker converted a 10% estimated-out opportunity.","https://www.mlb.com/gameday/823301","development estimate; not official Catch Probability","sabrhood_batted_ball_context_v1","2026-09-16","2026-09-17 14:48:49 UTC"
2026-05-19,"823704","5293d33c-3b6a-366c-9c2c-ba9843582266",2,"top","668885","Austin Martin","Minnesota Twins","RF","Christian Vázquez lines out to right fielder Austin Martin.","line_drive",81.7,20,247,0.175515205150499,0.824484794849501,0.742036315364551,0,0.742036315364551,"Austin Martin converted a 18% estimated-out opportunity.","https://www.mlb.com/gameday/823704","development estimate; not official Catch Probability","sabrhood_batted_ball_context_v1","2026-09-16","2026-09-17 14:48:49 UTC"
2026-05-20,"823134","66ff3646-6e01-30e5-a9f2-b9a4d3d2577f",4,"top","668227","Randy Arozarena","Seattle Mariners","LF","Jarred Kelenic lines out to left fielder Randy Arozarena.","line_drive",77.2,23,244,0.159207097345353,0.840792902654647,0.756713612389182,0,0.756713612389182,"Randy Arozarena converted a 16% estimated-out opportunity.","https://www.mlb.com/gameday/823134","development estimate; not official Catch Probability","sabrhood_batted_ball_context_v1","2026-09-16","2026-09-17 14:48:49 UTC"
2026-05-21,"825083","58a63a7d-0886-3fce-9d70-8684f44a61ee",5,"top","682998","Corbin Carroll","Arizona Diamondbacks","RF","Troy Johnston lines out to right fielder Corbin Carroll.","line_drive",87.1,19,251,0.28151015520415,0.71848984479585,0.646640860316265,0,0.646640860316265,"Corbin Carroll converted a 28% estimated-out opportunity.","https://www.mlb.com/gameday/825083","development estimate; not official Catch Probability","sabrhood_batted_ball_context_v1","2026-09-16","2026-09-17 14:48:49 UTC"
2026-05-22,"824029","d6dbd475-92f1-3860-9508-e67224bfbdba",1,"bottom","696030","Alejandro Osuna","Texas Rangers","LF","Jo Adell lines out sharply to left fielder Alejandro Osuna.","line_drive",114.9,16,370,0.214044558840735,0.785955441159265,0.707359897043339,0.038138227105256,0.745498124148595,"Alejandro Osuna converted a 21% estimated-out opportunity and added  0.04 estimated advancement runs saved.","https://www.mlb.com/gameday/824029","development estimate; not official Catch Probability","sabrhood_batted_ball_context_v1","2026-09-16","2026-09-17 14:48:49 UTC"
2026-05-23,"824516","86ba1fb0-52a4-3015-86d4-22e01083f787",2,"top","670770","TJ Friedl","Cincinnati Reds","LF","Masyn Winn out on a sacrifice fly to left fielder TJ Friedl. Jordan Walker scores.","line_drive",97.2,13,270,0.178878031966911,0.821121968033089,0.73900977122978,0.0280311390538718,0.767040910283652,"TJ Friedl converted a 18% estimated-out opportunity and added  0.03 estimated advancement runs saved.","https://www.mlb.com/gameday/824516","development estimate; not official Catch Probability","sabrhood_batted_ball_context_v1","2026-09-16","2026-09-17 14:48:49 UTC"
2026-05-24,"823544","b7a9f439-dc33-38e4-92d4-4a7a6fb42ab2",4,"top","641355","Cody Bellinger","New York Yankees","LF","Chandler Simpson lines out to left fielder Cody Bellinger.","line_drive",80.7,26,248,0.0974203684463928,0.902579631553607,0.812321668398246,0,0.812321668398246,"Cody Bellinger converted a 10% estimated-out opportunity.","https://www.mlb.com/gameday/823544","development estimate; not official Catch Probability","sabrhood_batted_ball_context_v1","2026-09-16","2026-09-17 14:48:49 UTC"
2026-05-25,"824598","d94b5a57-e3c7-3a7c-977e-8c937449f1ce",4,"top",,"Rikuu Nishida","Chicago White Sox","RF","Kody Clemens lines out sharply to right fielder Rikuu Nishida.","line_drive",105.6,21,371,0.210964471922779,0.789035528077221,0.710131975269499,0,0.710131975269499,"Rikuu Nishida converted a 21% estimated-out opportunity.","https://www.mlb.com/gameday/824598","development estimate; not official Catch Probability","sabrhood_batted_ball_context_v1","2026-09-16","2026-09-17 14:48:49 UTC"
2026-05-26,"824837","d7403276-ac30-3cf8-af9f-3e7529818a07",3,"bottom","683748","Victor Mesa Jr","Tampa Bay Rays","RF","Leody Taveras lines out to right fielder Victor Mesa Jr.","line_drive",95.3,16,270,0.221273917786531,0.778726082213469,0.700853473992122,0,0.700853473992122,"Victor Mesa Jr converted a 22% estimated-out opportunity.","https://www.mlb.com/gameday/824837","development estimate; not official Catch Probability","sabrhood_batted_ball_context_v1","2026-09-16","2026-09-17 14:48:49 UTC"
2026-05-27,"823295","a6412093-2bfa-3610-8d72-bf57f66de975",3,"top","657656","Ramón Laureano","San Diego Padres","LF","Edmundo Sosa lines out sharply to left fielder Ramón Laureano.","line_drive",105.5,21,358,0.230418630531553,0.769581369468447,0.692623232521603,0,0.692623232521603,"Ramón Laureano converted a 23% estimated-out opportunity.","https://www.mlb.com/gameday/823295","development estimate; not official Catch Probability","sabrhood_batted_ball_context_v1","2026-09-16","2026-09-17 14:48:49 UTC"
2026-05-28,"824757","c06d8dd5-30ac-3896-9698-c38f412ce4ac",8,"bottom","643289","Mauricio Dubón","Atlanta Braves","LF","Carlos Narváez lines out sharply to left fielder Mauricio Dubón.","line_drive",101.8,13,267,0.100316285607971,0.899683714392029,0.809715342952826,0,0.809715342952826,"Mauricio Dubón converted a 10% estimated-out opportunity.","https://www.mlb.com/gameday/824757","development estimate; not official Catch Probability","sabrhood_batted_ball_context_v1","2026-09-16","2026-09-17 14:48:49 UTC"
2026-05-29,"824835","f60a2cba-810f-3b9c-9acb-8377f6be6cd5",8,"bottom","662139","Daulton Varsho","Toronto Blue Jays","CF","Jeremiah Jackson lines out sharply to center fielder Daulton Varsho.","line_drive",100.4,16,284,0.187785873242675,0.812214126757325,0.730992714081592,0,0.730992714081592,"Daulton Varsho converted a 19% estimated-out opportunity.","https://www.mlb.com/gameday/824835","development estimate; not official Catch Probability","sabrhood_batted_ball_context_v1","2026-09-16","2026-09-17 14:48:49 UTC"
2026-05-30,"824431","b0ab6908-3415-3069-a862-47a0bfaa9f05",8,"top","682177","Daniel Schneemann","Cleveland Guardians","CF","Jarren Duran lines out to center fielder Daniel Schneemann.","line_drive",84.6,22,269,0.226874707631649,0.773125292368351,0.695812763131516,0.081875342782397,0.777688105913913,"Daniel Schneemann converted a 23% estimated-out opportunity and added  0.08 estimated advancement runs saved.","https://www.mlb.com/gameday/824431","development estimate; not official Catch Probability","sabrhood_batted_ball_context_v1","2026-09-16","2026-09-17 14:48:49 UTC"
2026-05-31,"823133","23683b08-0f9b-3a90-95f4-d1938b86095f",2,"top","670042","Luke Raley","Seattle Mariners","RF","Jose Fernandez lines out to right fielder Luke Raley.","line_drive",76.3,28,240,0.180035790644593,0.819964209355407,0.737967788419867,0.0255664825150794,0.763534270934946,"Luke Raley converted a 18% estimated-out opportunity and added  0.03 estimated advancement runs saved.","https://www.mlb.com/gameday/823133","development estimate; not official Catch Probability","sabrhood_batted_ball_context_v1","2026-09-16","2026-09-17 14:48:49 UTC"
2026-06-01,"825078","d5d55702-6e70-3821-a948-5dce86acc4b6",4,"top","678489","Jorge Barrosa","Arizona Diamondbacks","CF","Will Smith lines out sharply to center fielder Jorge Barrosa.","line_drive",104.8,12,284,0.187785873242675,0.812214126757325,0.730992714081592,0,0.730992714081592,"Jorge Barrosa converted a 19% estimated-out opportunity.","https://www.mlb.com/gameday/825078","development estimate; not official Catch Probability","sabrhood_batted_ball_context_v1","2026-09-16","2026-09-17 14:48:49 UTC"
2026-06-02,"824189","cbd33f35-b145-33e5-a9f9-c58a1dc15c2e",4,"bottom","668804","Bryan Reynolds","Pittsburgh Pirates","LF","Jeremy Peña lines into a force out, left fielder Bryan Reynolds to catcher Endy Rodríguez to second baseman Brandon Lowe. Brice Matthews scores. Christian Vázquez out at 2nd. Jeremy Peña to 1st.","line_drive",91.1,17,263,0.228111634808414,0.771888365191586,0.694699528672427,-0.173766168992765,0.694699528672427,"Bryan Reynolds converted a 23% estimated-out opportunity.","https://www.mlb.com/gameday/824189","development estimate; not official Catch Probability","sabrhood_batted_ball_context_v1","2026-09-16","2026-09-17 14:48:49 UTC"
2026-06-03,"823701","8b9682f1-e178-35fb-b8a5-92eaa669f9c4",9,"top","681546","James Outman","Minnesota Twins","CF","Colson Montgomery lines out sharply to center fielder James Outman.","line_drive",101.2,16,294,0.187785873242675,0.812214126757325,0.730992714081592,0,0.730992714081592,"James Outman converted a 19% estimated-out opportunity.","https://www.mlb.com/gameday/823701","development estimate; not official Catch Probability","sabrhood_batted_ball_context_v1","2026-09-16","2026-09-17 14:48:49 UTC"
2026-06-04,"824185","4925de20-8358-3778-a1fa-c6be2f212d59",8,"bottom","663968","Jake Mangum","Pittsburgh Pirates","LF","Isaac Paredes lines out to left fielder Jake Mangum.","line_drive",98.9,16,266,0.178878031966911,0.821121968033089,0.73900977122978,0,0.73900977122978,"Jake Mangum converted a 18% estimated-out opportunity.","https://www.mlb.com/gameday/824185","development estimate; not official Catch Probability","sabrhood_batted_ball_context_v1","2026-09-16","2026-09-17 14:48:49 UTC"
2026-06-05,"823538","24e80440-6679-3b23-89dd-fa78536116c0",6,"bottom","678882","Ceddanne Rafaela","Boston Red Sox","CF","Anthony Volpe lines out sharply to center fielder Ceddanne Rafaela.","line_drive",104.8,15,294,0.187785873242675,0.812214126757325,0.730992714081592,0,0.730992714081592,"Ceddanne Rafaela converted a 19% estimated-out opportunity.","https://www.mlb.com/gameday/823538","development estimate; not official Catch Probability","sabrhood_batted_ball_context_v1","2026-09-16","2026-09-17 14:48:49 UTC"
2026-06-06,"822891","228058ad-d8d4-3fbe-bdd7-751efe2593af",5,"top","694671","Wyatt Langford","Texas Rangers","LF","Steven Kwan lines out to left fielder Wyatt Langford.","line_drive",91.4,18,266,0.228111634808414,0.771888365191586,0.694699528672427,0,0.694699528672427,"Wyatt Langford converted a 23% estimated-out opportunity.","https://www.mlb.com/gameday/822891","development estimate; not official Catch Probability","sabrhood_batted_ball_context_v1","2026-09-16","2026-09-17 14:48:49 UTC"
2026-06-07,"824268","490bff85-391c-3d5e-a1cc-b1651b8fae40",5,"top","681481","Kerry Carpenter","Detroit Tigers","RF","Jhonny Pereda lines out to right fielder Kerry Carpenter.","line_drive",95.7,16,272,0.221273917786531,0.778726082213469,0.700853473992122,0.0301370546431435,0.730990528635266,"Kerry Carpenter converted a 22% estimated-out opportunity and added  0.03 estimated advancement runs saved.","https://www.mlb.com/gameday/824268","development estimate; not official Catch Probability","sabrhood_batted_ball_context_v1","2026-09-16","2026-09-17 14:48:49 UTC"
2026-06-08,"823218","eb6dd9dc-531f-331a-84e2-d37d4994d912",1,"bottom","695734","Daylen Lile","Washington Nationals","LF","Jung Hoo Lee lines out to left fielder Daylen Lile.","line_drive",92.7,16,266,0.228111634808414,0.771888365191586,0.694699528672427,0,0.694699528672427,"Daylen Lile converted a 23% estimated-out opportunity.","https://www.mlb.com/gameday/823218","development estimate; not official Catch Probability","sabrhood_batted_ball_context_v1","2026-09-16","2026-09-17 14:48:49 UTC"
2026-06-09,"824267","cec31467-b415-3bde-bafb-0f2f25b596dc",3,"bottom","663616","Trevor Larnach","Minnesota Twins","LF","Riley Greene out on a sacrifice fly to left fielder Trevor Larnach. Kevin McGonigle scores.","line_drive",101,24,354,0.317426675896184,0.682573324103817,0.614315991693435,0.0398023497291719,0.654118341422607,"Trevor Larnach converted a 32% estimated-out opportunity and added  0.04 estimated advancement runs saved.","https://www.mlb.com/gameday/824267","development estimate; not official Catch Probability","sabrhood_batted_ball_context_v1","2026-09-16","2026-09-17 14:48:49 UTC"
2026-06-10,"824590","2131e45a-c7a0-33f5-bc02-8a31eccd7a58",2,"top","695731","Braden Montgomery","Chicago White Sox","RF","Austin Wynns lines out to right fielder Braden Montgomery.","line_drive",97.8,16,274,0.221273917786531,0.778726082213469,0.700853473992122,0,0.700853473992122,"Braden Montgomery converted a 22% estimated-out opportunity.","https://www.mlb.com/gameday/824590","development estimate; not official Catch Probability","sabrhood_batted_ball_context_v1","2026-09-16","2026-09-17 14:48:49 UTC"
2026-06-11,"824346","af909f18-8712-343c-80a6-281c0dc65230",7,"bottom","664023","Ian Happ","Chicago Cubs","LF","Brett Sullivan lines out to left fielder Ian Happ.","line_drive",95.1,16,274,0.178878031966911,0.821121968033089,0.73900977122978,0,0.73900977122978,"Ian Happ converted a 18% estimated-out opportunity.","https://www.mlb.com/gameday/824346","development estimate; not official Catch Probability","sabrhood_batted_ball_context_v1","2026-09-16","2026-09-17 14:48:49 UTC"
2026-06-12,"823695","e661d07a-dece-3b98-b27a-d959990d40dd",6,"bottom","663457","Lars Nootbaar","St. Louis Cardinals","LF","Brooks Lee lines out to left fielder Lars Nootbaar.","line_drive",98.2,14,261,0.178878031966911,0.821121968033089,0.73900977122978,0,0.73900977122978,"Lars Nootbaar converted a 18% estimated-out opportunity.","https://www.mlb.com/gameday/823695","development estimate; not official Catch Probability","sabrhood_batted_ball_context_v1","2026-09-16","2026-09-17 14:48:49 UTC"
2026-06-13,"823776","c1babfc0-255a-37bd-9b9d-b934582a50f2",4,"top","694192","Jackson Chourio","Milwaukee Brewers","LF","Alec Bohm lines out sharply to left fielder Jackson Chourio.","line_drive",106.4,18,354,0.299481743707981,0.700518256292019,0.630466430662817,0,0.630466430662817,"Jackson Chourio converted a 30% estimated-out opportunity.","https://www.mlb.com/gameday/823776","development estimate; not official Catch Probability","sabrhood_batted_ball_context_v1","2026-09-16","2026-09-17 14:48:49 UTC"
2026-06-14,"824751","e5321fa5-e4f0-3251-b83c-a0a20a1ac446",7,"top","680776","Jarren Duran","Boston Red Sox","LF","Nicky Lopez lines out to left fielder Jarren Duran.","line_drive",86.7,17,248,0.0957150338532899,0.90428496614671,0.813856469532039,0,0.813856469532039,"Jarren Duran converted a 10% estimated-out opportunity.","https://www.mlb.com/gameday/824751","development estimate; not official Catch Probability","sabrhood_batted_ball_context_v1","2026-09-16","2026-09-17 14:48:49 UTC"
2026-06-15,"823046","5ddcd246-5f26-38fa-8a54-0f21d1a1a02d",5,"top","663457","Lars Nootbaar","St. Louis Cardinals","LF","Gavin Sheets lines out sharply to left fielder Lars Nootbaar.","line_drive",104.9,13,269,0.100316285607971,0.899683714392029,0.809715342952826,0,0.809715342952826,"Lars Nootbaar converted a 10% estimated-out opportunity.","https://www.mlb.com/gameday/823046","development estimate; not official Catch Probability","sabrhood_batted_ball_context_v1","2026-09-16","2026-09-17 14:48:49 UTC"
2026-06-16,"823128","57f1e207-79d6-34d3-a44e-ed2e325dd4e0",6,"bottom","681297","Colton Cowser","Baltimore Orioles","CF","Cole Young lines out to center fielder Colton Cowser.","line_drive",78,28,270,0.313973792400412,0.686026207599588,0.617423586839629,0,0.617423586839629,"Colton Cowser converted a 31% estimated-out opportunity.","https://www.mlb.com/gameday/823128","development estimate; not official Catch Probability","sabrhood_batted_ball_context_v1","2026-09-16","2026-09-17 14:48:49 UTC"
2026-06-17,"824178","bbd8b74c-0d99-30be-9bf7-3b58624a0dc2",5,"bottom","681481","Kerry Carpenter","Detroit Tigers","RF","Christian Walker lines out to right fielder Kerry Carpenter.","line_drive",100,12,266,0.10196747638703,0.89803252361297,0.808229271251673,0.067710067492341,0.875939338744014,"Kerry Carpenter converted a 10% estimated-out opportunity and added  0.07 estimated advancement runs saved.","https://www.mlb.com/gameday/824178","development estimate; not official Catch Probability","sabrhood_batted_ball_context_v1","2026-09-16","2026-09-17 14:48:49 UTC"
2026-06-18,"823125","f445895b-8e2e-340b-b22f-1ed01781aa9d",5,"top",,"Miles Mastrobuoni","Seattle Mariners","LF","Samuel Basallo lines out to left fielder Miles Mastrobuoni.","line_drive",80.2,29,247,0.0974203684463928,0.902579631553607,0.812321668398246,0,0.812321668398246,"Miles Mastrobuoni converted a 10% estimated-out opportunity.","https://www.mlb.com/gameday/823125","development estimate; not official Catch Probability","sabrhood_batted_ball_context_v1","2026-09-16","2026-09-17 14:48:49 UTC"
2026-06-19,"824179","62da1408-1784-3da5-b3ef-27d0837d5a8f",6,"bottom","680757","Steven Kwan","Cleveland Guardians","LF","Yainer Diaz lines out sharply to left fielder Steven Kwan.","line_drive",109.5,12,271,0.0852550361484282,0.914744963851572,0.823270467466415,0,0.823270467466415,"Steven Kwan converted a 9% estimated-out opportunity.","https://www.mlb.com/gameday/824179","development estimate; not official Catch Probability","sabrhood_batted_ball_context_v1","2026-09-16","2026-09-17 14:48:49 UTC"
2026-06-20,"823532","d1911a94-d3a9-3367-98ef-0cdfe0474708",3,"top","691176","Jasson Domínguez","New York Yankees","RF","JJ Bleday lines out to right fielder Jasson Domínguez.","line_drive",79.2,22,247,0.180035790644593,0.819964209355407,0.737967788419867,0.0945273080841011,0.832495096503968,"Jasson Domínguez converted a 18% estimated-out opportunity and added  0.09 estimated advancement runs saved.","https://www.mlb.com/gameday/823532","development estimate; not official Catch Probability","sabrhood_batted_ball_context_v1","2026-09-16","2026-09-17 14:48:49 UTC"
2026-06-21,"823123","7c3015c9-6a97-3a0d-89b9-5a131f9c9459",6,"top","686527","Dominic Canzone","Seattle Mariners","RF","Ceddanne Rafaela lines into a double play, right fielder Dominic Canzone to shortstop J.P. Crawford. Nate Eaton out at 2nd.","line_drive",97.5,14,258,0.221273917786531,0.778726082213469,0.700853473992122,0,0.700853473992122,"Dominic Canzone converted a 22% estimated-out opportunity.","https://www.mlb.com/gameday/823123","development estimate; not official Catch Probability","sabrhood_batted_ball_context_v1","2026-09-16","2026-09-17 14:48:49 UTC"
2026-06-22,"822800","e07e14b5-9333-363d-834f-dc877da15452",4,"bottom","670541","Yordan Alvarez","Houston Astros","LF","Vladimir Guerrero Jr. out on a sacrifice fly to left fielder Yordan Alvarez. Andrés Giménez scores.","line_drive",83.6,18,271,0.294148640622306,0.705851359377694,0.635266223439925,0.0515694221407355,0.68683564558066,"Yordan Alvarez converted a 29% estimated-out opportunity and added  0.05 estimated advancement runs saved.","https://www.mlb.com/gameday/822800","development estimate; not official Catch Probability","sabrhood_batted_ball_context_v1","2026-09-16","2026-09-17 14:48:49 UTC"
2026-06-23,"823210","50a5125b-c176-38d9-8d4c-0684777650b2",8,"top","813841","Jonah Cox","San Francisco Giants","CF","Jeff McNeil lines out sharply to center fielder Jonah Cox.","line_drive",101.5,15,298,0.187785873242675,0.812214126757325,0.730992714081592,0,0.730992714081592,"Jonah Cox converted a 19% estimated-out opportunity.","https://www.mlb.com/gameday/823210","development estimate; not official Catch Probability","sabrhood_batted_ball_context_v1","2026-09-16","2026-09-17 14:48:49 UTC"
2026-06-24,"824583","2310959d-59fa-37f9-bf32-87395fbe76c4",5,"top","695731","Braden Montgomery","Chicago White Sox","RF","Travis Bazzana lines out to right fielder Braden Montgomery.","line_drive",94,20,268,0.279650579060428,0.720349420939572,0.648314478845615,0,0.648314478845615,"Braden Montgomery converted a 28% estimated-out opportunity.","https://www.mlb.com/gameday/824583","development estimate; not official Catch Probability","sabrhood_batted_ball_context_v1","2026-09-16","2026-09-17 14:48:49 UTC"
2026-06-25,"822717","01fcaffd-aede-3223-a7ea-640023043135",3,"top","695734","Daylen Lile","Washington Nationals","LF","Justin Crawford lines out to left fielder Daylen Lile.","line_drive",98.2,15,268,0.178878031966911,0.821121968033089,0.73900977122978,0,0.73900977122978,"Daylen Lile converted a 18% estimated-out opportunity.","https://www.mlb.com/gameday/822717","development estimate; not official Catch Probability","sabrhood_batted_ball_context_v1","2026-09-16","2026-09-17 14:48:49 UTC"
2026-06-26,"823688","b18bb967-3482-3c99-8111-a0811855f234",2,"bottom","694249","Cole Carrigg","Colorado Rockies","CF","Trevor Larnach lines out sharply to center fielder Cole Carrigg.","line_drive",101.9,13,299,0.187785873242675,0.812214126757325,0.730992714081592,0,0.730992714081592,"Cole Carrigg converted a 19% estimated-out opportunity.","https://www.mlb.com/gameday/823688","development estimate; not official Catch Probability","sabrhood_batted_ball_context_v1","2026-09-16","2026-09-17 14:48:49 UTC"
2026-06-27,"823207","a4774656-27c5-3ede-b148-b11c43f28d9e",6,"top","669477","Casey Schmitt","San Francisco Giants","LF","Ozzie Albies lines out to left fielder Casey Schmitt.","line_drive",87.6,18,257,0.28157409287095,0.71842590712905,0.646583316416145,0,0.646583316416145,"Casey Schmitt converted a 28% estimated-out opportunity.","https://www.mlb.com/gameday/823207","development estimate; not official Catch Probability","sabrhood_batted_ball_context_v1","2026-09-16","2026-09-17 14:48:49 UTC"
2026-06-28,"822959","68f843c5-dc06-3b4b-9b4c-ab86998205a5",3,"bottom","682998","Corbin Carroll","Arizona Diamondbacks","RF","Chandler Simpson lines out to right fielder Corbin Carroll.","line_drive",87.5,15,262,0.28151015520415,0.71848984479585,0.646640860316265,0.0273283259312846,0.67396918624755,"Corbin Carroll converted a 28% estimated-out opportunity and added  0.03 estimated advancement runs saved.","https://www.mlb.com/gameday/822959","development estimate; not official Catch Probability","sabrhood_batted_ball_context_v1","2026-09-16","2026-09-17 14:48:49 UTC"
2026-06-29,"823771","887c4763-8d39-3a77-a1b0-c548853d16d5",1,"bottom","682622","Noelvi Marte","Cincinnati Reds","RF","Gary Sánchez lines out sharply to right fielder Noelvi Marte.","line_drive",104.5,13,265,0.10196747638703,0.89803252361297,0.808229271251673,0,0.808229271251673,"Noelvi Marte converted a 10% estimated-out opportunity.","https://www.mlb.com/gameday/823771","development estimate; not official Catch Probability","sabrhood_batted_ball_context_v1","2026-09-16","2026-09-17 14:48:49 UTC"
2026-06-30,"824984","caa56fdf-6e54-3139-81ec-fcbb28c6963f",8,"top","687515","Colby Thomas","Athletics","RF","Freddie Freeman lines out to right fielder Colby Thomas.","line_drive",107,18,359,0.156640232806225,0.843359767193775,0.759023790474398,0.0357036449226282,0.794727435397026,"Colby Thomas converted a 16% estimated-out opportunity and added  0.04 estimated advancement runs saved.","https://www.mlb.com/gameday/824984","development estimate; not official Catch Probability","sabrhood_batted_ball_context_v1","2026-09-16","2026-09-17 14:48:49 UTC"
2026-07-01,"822791","b00e9170-c9e6-3b38-8979-b9e24ef5b5e2",8,"bottom","621438","Tyrone Taylor","New York Mets","LF","Nathan Lukes lines out to left fielder Tyrone Taylor.","line_drive",89.5,17,264,0.28157409287095,0.71842590712905,0.646583316416145,0,0.646583316416145,"Tyrone Taylor converted a 28% estimated-out opportunity.","https://www.mlb.com/gameday/822791","development estimate; not official Catch Probability","sabrhood_batted_ball_context_v1","2026-09-16","2026-09-17 14:48:49 UTC"
2026-07-02,"824416","02109ebb-79e9-31bf-a624-17f64f2137b1",5,"top","680757","Steven Kwan","Cleveland Guardians","CF","Jacob Gonzalez lines out to center fielder Steven Kwan.","line_drive",96.3,16,294,0.282903469194121,0.717096530805879,0.645386877725291,0.104234525270746,0.749621402996036,"Steven Kwan converted a 28% estimated-out opportunity and added  0.10 estimated advancement runs saved.","https://www.mlb.com/gameday/824416","development estimate; not official Catch Probability","sabrhood_batted_ball_context_v1","2026-09-16","2026-09-17 14:48:49 UTC"
2026-07-03,"823527","0263f773-27ce-3c1f-aac8-f45fa8926319",1,"bottom","807712","Luke Keaschall","Minnesota Twins","RF","Cody Bellinger lines out sharply to right fielder Luke Keaschall.","line_drive",105.2,15,267,0.0696178812472111,0.930382118752789,0.83734390687751,0,0.83734390687751,"Luke Keaschall converted a 7% estimated-out opportunity.","https://www.mlb.com/gameday/823527","development estimate; not official Catch Probability","sabrhood_batted_ball_context_v1","2026-09-16","2026-09-17 14:48:49 UTC"
2026-07-04,"824171","f12ae8bf-1eb4-39ef-898e-3ead806f28d7",3,"top","664774","LaMonte Wade Jr","Houston Astros","LF","Richie Palacios lines out to left fielder LaMonte Wade Jr.","line_drive",91.6,15,262,0.228111634808414,0.771888365191586,0.694699528672427,0,0.694699528672427,"LaMonte Wade Jr converted a 23% estimated-out opportunity.","https://www.mlb.com/gameday/824171","development estimate; not official Catch Probability","sabrhood_batted_ball_context_v1","2026-09-16","2026-09-17 14:48:49 UTC"
2026-07-05,"824902","bc1a8f37-8fdb-3aec-93d0-6a2014433d89",2,"bottom",,"A","New York Mets","CF","Jim Jarvis lines out to center fielder A.J. Ewing.","line_drive",83.2,18,267,0.21609589623283,0.78390410376717,0.705513693390453,0.0285237620556996,0.734037455446153,"A converted a 22% estimated-out opportunity and added  0.03 estimated advancement runs saved.","https://www.mlb.com/gameday/824902","development estimate; not official Catch Probability","sabrhood_batted_ball_context_v1","2026-09-16","2026-09-17 14:48:49 UTC"
2026-07-06,"824089","efc05eff-eb41-332f-a070-cdff660b08ae",8,"top","686555","Isaac Collins","Kansas City Royals","LF","Rafael Marchán lines out to left fielder Isaac Collins.","line_drive",84.7,19,248,0.0895566029501615,0.910443397049839,0.819399057344855,0,0.819399057344855,"Isaac Collins converted a 9% estimated-out opportunity.","https://www.mlb.com/gameday/824089","development estimate; not official Catch Probability","sabrhood_batted_ball_context_v1","2026-09-16","2026-09-17 14:48:49 UTC"
2026-07-07,"823035","0b735f89-eb47-3dea-af65-cf0f458c87b6",3,"top","691023","Jordan Walker","St. Louis Cardinals","RF","Luis Lara lines out to right fielder Jordan Walker.","line_drive",85.7,19,231,0.0868108259810897,0.91318917401891,0.821870256617019,0,0.821870256617019,"Jordan Walker converted a 9% estimated-out opportunity.","https://www.mlb.com/gameday/823035","development estimate; not official Catch Probability","sabrhood_batted_ball_context_v1","2026-09-16","2026-09-17 14:48:49 UTC"
2026-07-08,"823279","3c4288f2-a0bc-3943-b4ae-d22ae0e3b2eb",6,"top","701538","Jackson Merrill","San Diego Padres","CF","Ildemaro Vargas lines out to center fielder Jackson Merrill.","line_drive",82.4,17,270,0.21609589623283,0.78390410376717,0.705513693390453,0.020499050283386,0.726012743673839,"Jackson Merrill converted a 22% estimated-out opportunity and added  0.02 estimated advancement runs saved.","https://www.mlb.com/gameday/823279","development estimate; not official Catch Probability","sabrhood_batted_ball_context_v1","2026-09-16","2026-09-17 14:48:49 UTC"
2026-07-09,"824494","58d78647-3556-39e2-b42a-e05a485b5da9",6,"top","668709","JJ Bleday","Cincinnati Reds","LF","Justin Crawford lines out to left fielder JJ Bleday.","line_drive",95.5,17,272,0.178878031966911,0.821121968033089,0.73900977122978,0,0.73900977122978,"JJ Bleday converted a 18% estimated-out opportunity.","https://www.mlb.com/gameday/824494","development estimate; not official Catch Probability","sabrhood_batted_ball_context_v1","2026-09-16","2026-09-17 14:48:49 UTC"
2026-07-10,"822955","c10d4327-702e-3b2c-9fc0-99e364209de0",4,"top","683748","Victor Mesa Jr","Tampa Bay Rays","RF","Randy Arozarena lines out to right fielder Victor Mesa Jr.","line_drive",89.7,17,267,0.28151015520415,0.71848984479585,0.646640860316265,0.0882502408082139,0.734891101124479,"Victor Mesa Jr converted a 28% estimated-out opportunity and added  0.09 estimated advancement runs saved.","https://www.mlb.com/gameday/822955","development estimate; not official Catch Probability","sabrhood_batted_ball_context_v1","2026-09-16","2026-09-17 14:48:49 UTC"
2026-07-11,"824576","b2b30201-b6fe-3688-b16e-43a73e7ccac2",2,"bottom","671732","Lawrence Butler","Athletics","RF","Braden Montgomery lines out to right fielder Lawrence Butler.","line_drive",92.4,18,260,0.239150785532065,0.760849214467935,0.684764293021141,0.0300957139274706,0.714860006948612,"Lawrence Butler converted a 24% estimated-out opportunity and added  0.03 estimated advancement runs saved.","https://www.mlb.com/gameday/824576","development estimate; not official Catch Probability","sabrhood_batted_ball_context_v1","2026-09-16","2026-09-17 14:48:49 UTC"
2026-07-12,"822708","bbfc4020-9360-35c1-9795-defea04f6319",2,"bottom","641355","Cody Bellinger","New York Yankees","LF","Jorbit Vivas pops out to left fielder Cody Bellinger.","popup",85.9,60,182,0.134920634920635,0.865079365079365,0.778571428571429,0,0.778571428571429,"Cody Bellinger converted a 13% estimated-out opportunity.","https://www.mlb.com/gameday/822708","development estimate; not official Catch Probability","sabrhood_batted_ball_context_v1","2026-09-16","2026-09-17 14:48:49 UTC"
2026-07-16,"823440","d76b9c78-2294-395e-b36a-60182ba8f965",8,"top","669016","Brandon Marsh","Philadelphia Phillies","LF","Jorge Polanco lines out sharply to left fielder Brandon Marsh.","line_drive",100.1,19,325,0.517759433323401,0.482240566676599,0.434016510008939,0,0.434016510008939,"Brandon Marsh converted a 52% estimated-out opportunity.","https://www.mlb.com/gameday/823440","development estimate; not official Catch Probability","sabrhood_batted_ball_context_v1","2026-09-16","2026-09-17 14:48:49 UTC"
2026-07-17,"824766","3e4c8818-67af-3d6f-91f4-dcd70b53385e",5,"top","680776","Jarren Duran","Boston Red Sox","LF","Chandler Simpson lines out to left fielder Jarren Duran.","line_drive",86.2,15,231,0.0957150338532899,0.90428496614671,0.813856469532039,0,0.813856469532039,"Jarren Duran converted a 10% estimated-out opportunity.","https://www.mlb.com/gameday/824766","development estimate; not official Catch Probability","sabrhood_batted_ball_context_v1","2026-09-16","2026-09-17 14:48:49 UTC"
2026-07-18,"824738","8b5765b3-7b90-3ff2-8acf-a022c58cac55",5,"bottom","683748","Victor Mesa Jr","Tampa Bay Rays","RF","Ceddanne Rafaela lines out to right fielder Victor Mesa Jr.","line_drive",80.1,26,237,0.175515205150499,0.824484794849501,0.742036315364551,0,0.742036315364551,"Victor Mesa Jr converted a 18% estimated-out opportunity.","https://www.mlb.com/gameday/824738","development estimate; not official Catch Probability","sabrhood_batted_ball_context_v1","2026-09-16","2026-09-17 14:48:49 UTC"
2026-07-19,"824411","e21ae799-e26f-3213-a7b7-e39677a95704",1,"top",,"Kahlil Watson","Cleveland Guardians","RF","Ryan O'Hearn lines out sharply to right fielder Kahlil Watson.","line_drive",101.3,16,255,0.10196747638703,0.89803252361297,0.808229271251673,0,0.808229271251673,"Kahlil Watson converted a 10% estimated-out opportunity.","https://www.mlb.com/gameday/824411","development estimate; not official Catch Probability","sabrhood_batted_ball_context_v1","2026-09-16","2026-09-17 14:48:49 UTC"
2026-07-20,"823112","396f7402-5c3c-332d-9424-1962dac55b91",2,"top","677594","Julio Rodríguez","Seattle Mariners","CF","Tyler Stephenson lines out to center fielder Julio Rodríguez.","line_drive",99.7,17,299,0.282903469194121,0.717096530805879,0.645386877725291,0,0.645386877725291,"Julio Rodríguez converted a 28% estimated-out opportunity.","https://www.mlb.com/gameday/823112","development estimate; not official Catch Probability","sabrhood_batted_ball_context_v1","2026-09-16","2026-09-17 14:48:49 UTC"
2026-07-21,"824165","23f57145-02d3-3feb-b84d-7819806b7d1b",3,"top","666211","Taylor Trammell","Houston Astros","RF","Javier Sanoja lines out to right fielder Taylor Trammell.","line_drive",75.5,25,246,0.180035790644593,0.819964209355407,0.737967788419867,0,0.737967788419867,"Taylor Trammell converted a 18% estimated-out opportunity.","https://www.mlb.com/gameday/824165","development estimate; not official Catch Probability","sabrhood_batted_ball_context_v1","2026-09-16","2026-09-17 14:48:49 UTC"
2026-07-22,"824735","eac1df11-8fc8-3cb1-aac6-dbc531213daf",7,"top","678882","Ceddanne Rafaela","Boston Red Sox","CF","Pete Alonso lines out sharply to center fielder Ceddanne Rafaela.","line_drive",105.1,16,298,0.121567191152947,0.878432808847053,0.790589527962348,0.0230504546239218,0.813639982586269,"Ceddanne Rafaela converted a 12% estimated-out opportunity and added  0.02 estimated advancement runs saved.","https://www.mlb.com/gameday/824735","development estimate; not official Catch Probability","sabrhood_batted_ball_context_v1","2026-09-16","2026-09-17 14:48:49 UTC"
2026-07-23,"823042","347431c2-850f-3c9a-97f7-58c27d757fea",8,"top","691023","Jordan Walker","St. Louis Cardinals","RF","Gabriel Moreno singles on a line drive to right fielder Jordan Walker. Tyler Locklear scores. Nolan Arenado to 3rd. Geraldo Perdomo to 2nd.","line_drive",92.4,9,150,0.125445980349971,0.125445980349971,-0.112901382314974,0.539360558882267,0.539360558882267,"Jordan Walker converted a 13% estimated-out opportunity and added  0.54 estimated advancement runs saved.","https://www.mlb.com/gameday/823042","development estimate; not official Catch Probability","sabrhood_batted_ball_context_v1","2026-09-16","2026-09-17 14:48:49 UTC"
2026-07-24,"823434","771a7dca-ab24-3350-9990-d45a7f77e9ee",8,"bottom","641355","Cody Bellinger","New York Yankees","LF","Trea Turner lines out to left fielder Cody Bellinger.","line_drive",95.5,15,271,0.178878031966911,0.821121968033089,0.73900977122978,0.0500155194469684,0.789025290676749,"Cody Bellinger converted a 18% estimated-out opportunity and added  0.05 estimated advancement runs saved.","https://www.mlb.com/gameday/823434","development estimate; not official Catch Probability","sabrhood_batted_ball_context_v1","2026-09-16","2026-09-17 14:48:49 UTC"
2026-07-25,"824734","45054315-9151-3b40-b3b6-c70bf1bce6ac",2,"top","680776","Jarren Duran","Boston Red Sox","LF","Ernie Clement lines out to left fielder Jarren Duran.","line_drive",95.2,16,269,0.178878031966911,0.821121968033089,0.73900977122978,0.0515694221407355,0.790579193370516,"Jarren Duran converted a 18% estimated-out opportunity and added  0.05 estimated advancement runs saved.","https://www.mlb.com/gameday/824734","development estimate; not official Catch Probability","sabrhood_batted_ball_context_v1","2026-09-16","2026-09-17 14:48:49 UTC"
2026-07-26,"822706","c222a0dc-cad9-39fc-946f-7400d84050c3",5,"bottom","682998","Corbin Carroll","Arizona Diamondbacks","RF","Jacob Young lines out to right fielder Corbin Carroll.","line_drive",78.1,21,238,0.180035790644593,0.819964209355407,0.737967788419867,0,0.737967788419867,"Corbin Carroll converted a 18% estimated-out opportunity.","https://www.mlb.com/gameday/822706","development estimate; not official Catch Probability","sabrhood_batted_ball_context_v1","2026-09-16","2026-09-17 14:48:49 UTC"
2026-07-27,"824570","c4956024-57c0-36c7-a7ae-df7954002fa4",3,"top","545341","Randal Grichuk","Chicago White Sox","LF","Spencer Jones lines out to left fielder Randal Grichuk.","line_drive",77.5,26,243,0.159207097345353,0.840792902654647,0.756713612389182,0,0.756713612389182,"Randal Grichuk converted a 16% estimated-out opportunity.","https://www.mlb.com/gameday/824570","development estimate; not official Catch Probability","sabrhood_batted_ball_context_v1","2026-09-16","2026-09-17 14:48:49 UTC"
2026-07-28,"823350","2cc5d1fb-d1a6-338c-ac24-66e6c178d679",2,"bottom","682998","Corbin Carroll","Arizona Diamondbacks","RF","Nick Gonzales lines out to right fielder Corbin Carroll.","line_drive",76.1,25,241,0.180035790644593,0.819964209355407,0.737967788419867,0,0.737967788419867,"Corbin Carroll converted a 18% estimated-out opportunity.","https://www.mlb.com/gameday/823350","development estimate; not official Catch Probability","sabrhood_batted_ball_context_v1","2026-09-16","2026-09-17 14:48:49 UTC"
2026-07-29,"823596","24d75cf6-d224-3ddb-ab51-b20e1032bc0d",1,"bottom","642201","Eli White","Atlanta Braves","LF","Bo Bichette lines out to left fielder Eli White.","line_drive",73.1,25,246,0.149261004916936,0.850738995083064,0.765665095574758,-0.157674605184005,0.765665095574758,"Eli White converted a 15% estimated-out opportunity.","https://www.mlb.com/gameday/823596","development estimate; not official Catch Probability","sabrhood_batted_ball_context_v1","2026-09-16","2026-09-17 14:48:49 UTC"
2026-07-30,"823023","da48264b-0a22-3867-8e3d-7faf2de1c654",10,"bottom","691718","Pete Crow-Armstrong","Chicago Cubs","CF","Alec Burleson lines out sharply to center fielder Pete Crow-Armstrong.","line_drive",102.1,15,293,0.187785873242675,0.812214126757325,0.730992714081592,0,0.730992714081592,"Pete Crow-Armstrong converted a 19% estimated-out opportunity.","https://www.mlb.com/gameday/823023","development estimate; not official Catch Probability","sabrhood_batted_ball_context_v1","2026-09-16","2026-09-17 14:48:49 UTC"
2026-07-31,"822782","c0208548-9a8b-3be9-8da8-dc00ead8c84d",2,"top","660821","Jesús Sánchez","Toronto Blue Jays","LF","José Fermín lines out to left fielder Jesús Sánchez.","line_drive",97.1,15,260,0.178878031966911,0.821121968033089,0.73900977122978,0,0.73900977122978,"Jesús Sánchez converted a 18% estimated-out opportunity.","https://www.mlb.com/gameday/822782","development estimate; not official Catch Probability","sabrhood_batted_ball_context_v1","2026-09-16","2026-09-17 14:48:49 UTC"
2026-08-01,"823920","20dd139c-3ebc-3f9c-ae21-c5f4fa68e0b1",8,"top","571771","Enrique Hernández","Los Angeles Dodgers","LF","Anthony Seigler lines out to left fielder Enrique Hernández.","line_drive",95.8,17,264,0.178878031966911,0.821121968033089,0.73900977122978,0,0.73900977122978,"Enrique Hernández converted a 18% estimated-out opportunity.","https://www.mlb.com/gameday/823920","development estimate; not official Catch Probability","sabrhood_batted_ball_context_v1","2026-09-16","2026-09-17 14:48:49 UTC"
2026-08-02,"824648","bbb99751-c3a1-3287-9d4c-7d8201cab2f2",5,"bottom","663757","Trent Grisham","New York Yankees","CF","Pedro Ramírez lines out to center fielder Trent Grisham.","line_drive",85.3,18,273,0.105694175279931,0.894305824720069,0.804875242248062,0.0258186578074646,0.830693900055527,"Trent Grisham converted a 11% estimated-out opportunity and added  0.03 estimated advancement runs saved.","https://www.mlb.com/gameday/824648","development estimate; not official Catch Probability","sabrhood_batted_ball_context_v1","2026-09-16","2026-09-17 14:48:49 UTC"
2026-08-03,"823520","3a820de5-3de6-35af-bd73-5b9e99e2fa7f",6,"top","682987","Spencer Jones","New York Yankees","LF","JJ Wetherholt grounds out to left fielder Spencer Jones.","ground_ball",76.9,31,270,0.0388276993379811,0.961172300662019,0.865055070595817,0,0.865055070595817,"Spencer Jones converted a 4% estimated-out opportunity.","https://www.mlb.com/gameday/823520","development estimate; not official Catch Probability","sabrhood_batted_ball_context_v1","2026-09-16","2026-09-17 14:48:49 UTC"
2026-08-04,"824484","46ca9c46-57ec-3d56-8405-cefcf35dc944",3,"bottom","703607","Henry Bolte","Athletics","CF","Ke'Bryan Hayes lines out to center fielder Henry Bolte.","line_drive",86.1,18,272,0.105694175279931,0.894305824720069,0.804875242248062,0,0.804875242248062,"Henry Bolte converted a 11% estimated-out opportunity.","https://www.mlb.com/gameday/824484","development estimate; not official Catch Probability","sabrhood_batted_ball_context_v1","2026-09-16","2026-09-17 14:48:49 UTC"
2026-08-05,"824158","edc1e2fd-b7b7-3fcd-9c2f-f3fcd0c24424",4,"bottom","660821","Jesús Sánchez","Toronto Blue Jays","LF","Jeremy Peña lines out sharply to left fielder Jesús Sánchez.","line_drive",100.2,17,269,0.100316285607971,0.899683714392029,0.809715342952826,0,0.809715342952826,"Jesús Sánchez converted a 10% estimated-out opportunity.","https://www.mlb.com/gameday/824158","development estimate; not official Catch Probability","sabrhood_batted_ball_context_v1","2026-09-16","2026-09-17 14:48:49 UTC"
2026-08-06,"824729","9cc83285-045c-371b-a042-3016f55e95d5",11,"bottom",,"Sam Antonacci on the infield fly rule","Chicago White Sox","LF","Andruw Monasterio pops out to left fielder Sam Antonacci on the infield fly rule.","popup",89.2,67,148,0.145299145299145,0.854700854700855,0.769230769230769,0.116777540710729,0.886008309941498,"Sam Antonacci on the infield fly rule converted a 15% estimated-out opportunity and added  0.12 estimated advancement runs saved.","https://www.mlb.com/gameday/824729","development estimate; not official Catch Probability","sabrhood_batted_ball_context_v1","2026-09-16","2026-09-17 14:48:49 UTC"
2026-08-07,"822699","18bcc1c6-95d9-3647-9e7c-fba0e64655e5",5,"bottom","668709","JJ Bleday","Cincinnati Reds","LF","CJ Abrams lines out to left fielder JJ Bleday.","line_drive",98.1,14,272,0.178878031966911,0.821121968033089,0.73900977122978,0.0392861560294211,0.778295927259201,"JJ Bleday converted a 18% estimated-out opportunity and added  0.04 estimated advancement runs saved.","https://www.mlb.com/gameday/822699","development estimate; not official Catch Probability","sabrhood_batted_ball_context_v1","2026-09-16","2026-09-17 14:48:49 UTC"
2026-08-08,"823514","1947e240-ed4a-3c4f-b6a9-4966caa1970d",5,"top","682987","Spencer Jones","New York Yankees","RF","Ronald Acuña Jr. lines out to right fielder Spencer Jones.","line_drive",96.6,17,273,0.221273917786531,0.778726082213469,0.700853473992122,0.0928084788655471,0.793661952857669,"Spencer Jones converted a 22% estimated-out opportunity and added  0.09 estimated advancement runs saved.","https://www.mlb.com/gameday/823514","development estimate; not official Catch Probability","sabrhood_batted_ball_context_v1","2026-09-16","2026-09-17 14:48:49 UTC"
2026-08-09,"823513","685d05bb-1ae1-3663-b6b4-ab977973c51d",6,"bottom","660670","Ronald Acuña Jr","Atlanta Braves","RF","Ben Rice lines out to right fielder Ronald Acuña Jr.","line_drive",94.8,19,267,0.239150785532065,0.760849214467935,0.684764293021141,0.0853487252631269,0.770113018284268,"Ronald Acuña Jr converted a 24% estimated-out opportunity and added  0.09 estimated advancement runs saved.","https://www.mlb.com/gameday/823513","development estimate; not official Catch Probability","sabrhood_batted_ball_context_v1","2026-09-16","2026-09-17 14:48:49 UTC"
2026-08-10,"823918","492ddb02-d33b-3486-9537-a1fafcfd9b9c",6,"bottom","686555","Isaac Collins","Kansas City Royals","LF","Hunter Feduccia lines out to left fielder Isaac Collins.","line_drive",93.5,18,269,0.228111634808414,0.771888365191586,0.694699528672427,0,0.694699528672427,"Isaac Collins converted a 23% estimated-out opportunity.","https://www.mlb.com/gameday/823918","development estimate; not official Catch Probability","sabrhood_batted_ball_context_v1","2026-09-16","2026-09-17 14:48:49 UTC"
2026-08-11,"823673","345a5e3c-7982-308f-8f1a-418e7c6a8522",8,"bottom","641933","Tyler O'Neill","Baltimore Orioles","RF","Brooks Lee lines out to right fielder Tyler O'Neill.","line_drive",84.7,18,260,0.250693747211067,0.749306252788933,0.67437562751004,0.0317398516528862,0.706115479162926,"Tyler O'Neill converted a 25% estimated-out opportunity and added  0.03 estimated advancement runs saved.","https://www.mlb.com/gameday/823673","development estimate; not official Catch Probability","sabrhood_batted_ball_context_v1","2026-09-16","2026-09-17 14:48:49 UTC"
2026-08-12,"823263","22d11286-6121-3a8f-8a7d-5c6b992052f1",9,"bottom","669003","Garrett Mitchell","Milwaukee Brewers","CF","Jase Bowen lines out to center fielder Garrett Mitchell.","line_drive",97.7,18,263,0.0615079678547354,0.938492032145265,0.844642828930738,0,0.844642828930738,"Garrett Mitchell converted a 6% estimated-out opportunity.","https://www.mlb.com/gameday/823263","development estimate; not official Catch Probability","sabrhood_batted_ball_context_v1","2026-09-16","2026-09-17 14:48:49 UTC"
2026-08-13,"823508","ccbe2b35-44fc-38ae-8ced-bab76716fa73",8,"bottom","668227","Randy Arozarena","Seattle Mariners","LF","Ben Rice lines out to left fielder Randy Arozarena.","line_drive",97.5,15,272,0.178878031966911,0.821121968033089,0.73900977122978,0,0.73900977122978,"Randy Arozarena converted a 18% estimated-out opportunity.","https://www.mlb.com/gameday/823508","development estimate; not official Catch Probability","sabrhood_batted_ball_context_v1","2026-09-16","2026-09-17 14:48:49 UTC"
2026-08-14,"823913","01f6fad5-4f9c-3ed2-a62e-fc558a5e03dc",5,"bottom","669003","Garrett Mitchell","Milwaukee Brewers","CF","Shohei Ohtani lines out sharply to center fielder Garrett Mitchell.","line_drive",104.9,14,290,0.187785873242675,0.812214126757325,0.730992714081592,0,0.730992714081592,"Garrett Mitchell converted a 19% estimated-out opportunity.","https://www.mlb.com/gameday/823913","development estimate; not official Catch Probability","sabrhood_batted_ball_context_v1","2026-09-16","2026-09-17 14:48:49 UTC"
2026-08-15,"822941","b2a393dc-f84a-39a0-841f-d2b669726fbb",5,"bottom",,"Christian Franklin","Baltimore Orioles","LF","Taylor Walls lines out to left fielder Christian Franklin.","line_drive",75.3,28,244,0.159207097345353,0.840792902654647,0.756713612389182,0,0.756713612389182,"Christian Franklin converted a 16% estimated-out opportunity.","https://www.mlb.com/gameday/822941","development estimate; not official Catch Probability","sabrhood_batted_ball_context_v1","2026-09-16","2026-09-17 14:48:49 UTC"
2026-08-16,"822774","f3dc8bfb-e61a-36ac-a761-81214c105115",10,"bottom","671218","Heliot Ramos","New York Yankees","LF","Nathan Lukes lines out to left fielder Heliot Ramos.","line_drive",94.8,17,273,0.228111634808414,0.771888365191586,0.694699528672427,0.0322673492932546,0.726966877965682,"Heliot Ramos converted a 23% estimated-out opportunity and added  0.03 estimated advancement runs saved.","https://www.mlb.com/gameday/822774","development estimate; not official Catch Probability","sabrhood_batted_ball_context_v1","2026-09-16","2026-09-17 14:48:49 UTC"
2026-08-17,"824514","20d24f21-d7b7-3e05-a679-627b5ec5aea4",7,"bottom","691023","Jordan Walker","St. Louis Cardinals","RF","Michael Toglia lines out to right fielder Jordan Walker.","line_drive",86.9,19,272,0.28151015520415,0.71848984479585,0.646640860316265,0,0.646640860316265,"Jordan Walker converted a 28% estimated-out opportunity.","https://www.mlb.com/gameday/824514","development estimate; not official Catch Probability","sabrhood_batted_ball_context_v1","2026-09-16","2026-09-17 14:48:49 UTC"
2026-08-18,"824723","455e2e3a-291c-38f9-99ee-93464acac1fa",7,"bottom","814439","Ryan Waldschmidt","Arizona Diamondbacks","LF","Caleb Durbin lines out to left fielder Ryan Waldschmidt.","line_drive",96.4,15,239,0.047412319208909,0.952587680791091,0.857328912711982,0,0.857328912711982,"Ryan Waldschmidt converted a 5% estimated-out opportunity.","https://www.mlb.com/gameday/824723","development estimate; not official Catch Probability","sabrhood_batted_ball_context_v1","2026-09-16","2026-09-17 14:48:49 UTC"
2026-08-19,"823424","714ef48f-33f3-3405-ab5d-c355c29d0872",7,"top","669016","Brandon Marsh","Philadelphia Phillies","LF","Esteury Ruiz lines out sharply to left fielder Brandon Marsh.","line_drive",105.4,14,272,0.0852550361484282,0.914744963851572,0.823270467466415,0,0.823270467466415,"Brandon Marsh converted a 9% estimated-out opportunity.","https://www.mlb.com/gameday/823424","development estimate; not official Catch Probability","sabrhood_batted_ball_context_v1","2026-09-16","2026-09-17 14:48:49 UTC"
2026-08-20,"822934","852df228-75eb-310a-9ed6-c7851e630fbd",7,"bottom","664770","Nathan Lukes","Toronto Blue Jays","RF","Richie Palacios lines out sharply to right fielder Nathan Lukes.","line_drive",103.9,14,262,0.10196747638703,0.89803252361297,0.808229271251673,0,0.808229271251673,"Nathan Lukes converted a 10% estimated-out opportunity.","https://www.mlb.com/gameday/822934","development estimate; not official Catch Probability","sabrhood_batted_ball_context_v1","2026-09-16","2026-09-17 14:48:49 UTC"
2026-08-21,"824721","2309fc5a-94ab-32f8-8768-badbdc7c86cf",8,"top","680776","Jarren Duran","Boston Red Sox","LF","Bryce Eldridge lines out sharply to left fielder Jarren Duran.","line_drive",104.7,14,270,0.100316285607971,0.899683714392029,0.809715342952826,0,0.809715342952826,"Jarren Duran converted a 10% estimated-out opportunity.","https://www.mlb.com/gameday/824721","development estimate; not official Catch Probability","sabrhood_batted_ball_context_v1","2026-09-16","2026-09-17 14:48:49 UTC"
2026-08-22,"823910","a8b8c4d3-c100-3e84-938d-315d7adc620e",7,"bottom","663968","Jake Mangum","Pittsburgh Pirates","LF","Tommy Edman lines out to left fielder Jake Mangum.","line_drive",96.2,15,255,0.178878031966911,0.821121968033089,0.73900977122978,0.0299358405646478,0.768945611794428,"Jake Mangum converted a 18% estimated-out opportunity and added  0.03 estimated advancement runs saved.","https://www.mlb.com/gameday/823910","development estimate; not official Catch Probability","sabrhood_batted_ball_context_v1","2026-09-16","2026-09-17 14:48:49 UTC"
2026-08-23,"824720","4bbc6213-c77a-3253-8f3b-c22aceabbce0",1,"top","678882","Ceddanne Rafaela","Boston Red Sox","CF","Andrew Knizner lines out to center fielder Ceddanne Rafaela.","line_drive",91.4,14,270,0.0765371614096053,0.923462838590395,0.831116554731355,0,0.831116554731355,"Ceddanne Rafaela converted a 8% estimated-out opportunity.","https://www.mlb.com/gameday/824720","development estimate; not official Catch Probability","sabrhood_batted_ball_context_v1","2026-09-16","2026-09-17 14:48:49 UTC"
2026-08-24,"823097","b225632a-5440-3f78-be7e-29c646bbe44c",8,"bottom","547180","Bryce Harper","Philadelphia Phillies","RF","Dominic Canzone lines out sharply to right fielder Bryce Harper.","line_drive",107.6,14,328,0.387365321501058,0.612634678498942,0.551371210649048,0.0313896545705168,0.582760865219565,"Bryce Harper converted a 39% estimated-out opportunity and added  0.03 estimated advancement runs saved.","https://www.mlb.com/gameday/823097","development estimate; not official Catch Probability","sabrhood_batted_ball_context_v1","2026-09-16","2026-09-17 14:48:49 UTC"
2026-08-25,"824881","ce485a70-d99d-3d8a-b013-5ca394581b3c",4,"bottom","677950","Alek Thomas","Los Angeles Dodgers","CF","Mike Yastrzemski lines out to center fielder Alek Thomas.","line_drive",102.8,16,296,0.187785873242675,0.812214126757325,0.730992714081592,-0.173538624394321,0.730992714081592,"Alek Thomas converted a 19% estimated-out opportunity.","https://www.mlb.com/gameday/824881","development estimate; not official Catch Probability","sabrhood_batted_ball_context_v1","2026-09-16","2026-09-17 14:48:49 UTC"
2026-08-26,"824234","a983cc0c-d79f-34c2-b90b-c17902015863",6,"top","703601","Max Clark","Detroit Tigers","CF","Chandler Simpson lines out to center fielder Max Clark.","line_drive",85.1,17,271,0.105694175279931,0.894305824720069,0.804875242248062,0.023162153094919,0.828037395342981,"Max Clark converted a 11% estimated-out opportunity and added  0.02 estimated advancement runs saved.","https://www.mlb.com/gameday/824234","development estimate; not official Catch Probability","sabrhood_batted_ball_context_v1","2026-09-16","2026-09-17 14:48:49 UTC"
2026-08-27,"823179","c927283d-3e70-37c0-ba0b-d0b0ea478c2c",2,"top","687551","Drew Gilbert","San Francisco Giants","RF","Jose Fernandez lines out to right fielder Drew Gilbert.","line_drive",87.5,19,265,0.28151015520415,0.71848984479585,0.646640860316265,0,0.646640860316265,"Drew Gilbert converted a 28% estimated-out opportunity.","https://www.mlb.com/gameday/823179","development estimate; not official Catch Probability","sabrhood_batted_ball_context_v1","2026-09-16","2026-09-17 14:48:49 UTC"
2026-08-28,"823504","5fab13a5-a7df-3716-87e4-9f64bdb0604d",6,"bottom","677800","Wilyer Abreu","Boston Red Sox","RF","George Lombard Jr. lines out to right fielder Wilyer Abreu.","line_drive",88.1,19,244,0.0868108259810897,0.91318917401891,0.821870256617019,0.0792602661563346,0.901130522773354,"Wilyer Abreu converted a 9% estimated-out opportunity and added  0.08 estimated advancement runs saved.","https://www.mlb.com/gameday/823504","development estimate; not official Catch Probability","sabrhood_batted_ball_context_v1","2026-09-16","2026-09-17 14:48:49 UTC"
2026-08-29,"824230","127d7518-b8dc-35fc-baa6-813f679a71e7",3,"top","701162","Ben Malgeri","Detroit Tigers","RF","Hunter Feduccia lines out sharply to right fielder Ben Malgeri.","line_drive",106.4,18,355,0.156640232806225,0.843359767193775,0.759023790474398,0,0.759023790474398,"Ben Malgeri converted a 16% estimated-out opportunity.","https://www.mlb.com/gameday/824230","development estimate; not official Catch Probability","sabrhood_batted_ball_context_v1","2026-09-16","2026-09-17 14:48:49 UTC"
2026-08-30,"823662","89f58a30-f4a6-3507-a30d-685cd82672e4",6,"bottom","671976","Tristan Peters","Chicago White Sox","LF","Royce Lewis lines out sharply to left fielder Tristan Peters.","line_drive",107.2,15,291,0.331129792463827,0.668870207536173,0.601983186782556,0,0.601983186782556,"Tristan Peters converted a 33% estimated-out opportunity.","https://www.mlb.com/gameday/823662","development estimate; not official Catch Probability","sabrhood_batted_ball_context_v1","2026-09-16","2026-09-17 14:48:49 UTC"
2026-08-31,"824149","3f8cd831-dd1b-3db0-8f3c-35c051c0ef2b",9,"top","666211","Taylor Trammell","Houston Astros","LF","Braden Montgomery lines out to left fielder Taylor Trammell.","line_drive",97.5,14,256,0.178878031966911,0.821121968033089,0.73900977122978,0,0.73900977122978,"Taylor Trammell converted a 18% estimated-out opportunity.","https://www.mlb.com/gameday/824149","development estimate; not official Catch Probability","sabrhood_batted_ball_context_v1","2026-09-16","2026-09-17 14:48:49 UTC"
2026-09-01,"824391","417000aa-a69f-3c5c-a5f1-40a5a529dd85",3,"bottom","664702","Myles Straw","Toronto Blue Jays","LF","Steven Kwan lines out to left fielder Myles Straw.","line_drive",91.3,14,232,0.0503755891594658,0.949624410840534,0.854661969756481,0,0.854661969756481,"Myles Straw converted a 5% estimated-out opportunity.","https://www.mlb.com/gameday/824391","development estimate; not official Catch Probability","sabrhood_batted_ball_context_v1","2026-09-16","2026-09-17 14:48:49 UTC"
2026-09-02,"823339","aab5211a-4460-3b78-bb95-af0310a1eb4b",9,"bottom","806367","Turner Hill","San Francisco Giants","LF","Bryan Reynolds lines out sharply to left fielder Turner Hill.","line_drive",102.3,13,266,0.100316285607971,0.899683714392029,0.809715342952826,0,0.809715342952826,"Turner Hill converted a 10% estimated-out opportunity.","https://www.mlb.com/gameday/823339","development estimate; not official Catch Probability","sabrhood_batted_ball_context_v1","2026-09-16","2026-09-17 14:48:49 UTC"
2026-09-03,"824144","cfb201d5-5e73-3f17-b046-c68b9a7bf4d4",5,"bottom","695731","Braden Montgomery","Chicago White Sox","RF","Jose Altuve lines out to right fielder Braden Montgomery.","line_drive",80.1,30,279,0.308652880753784,0.691347119246216,0.622212407321594,0,0.622212407321594,"Braden Montgomery converted a 31% estimated-out opportunity.","https://www.mlb.com/gameday/824144","development estimate; not official Catch Probability","sabrhood_batted_ball_context_v1","2026-09-16","2026-09-17 14:48:49 UTC"
2026-09-04,"823338","7acaa721-50b3-32f7-878a-ce616f3a907c",7,"top","665833","Oneil Cruz","Pittsburgh Pirates","CF","Christian Moore lines out sharply to center fielder Oneil Cruz.","line_drive",106.9,13,288,0.121567191152947,0.878432808847053,0.790589527962348,0.0199217690994888,0.810511297061837,"Oneil Cruz converted a 12% estimated-out opportunity and added  0.02 estimated advancement runs saved.","https://www.mlb.com/gameday/823338","development estimate; not official Catch Probability","sabrhood_batted_ball_context_v1","2026-09-16","2026-09-17 14:48:49 UTC"
2026-09-05,"823419","66138d5d-930b-3334-be9c-fdb2d8f6245d",1,"bottom","660670","Ronald Acuña Jr","Atlanta Braves","RF","Bryson Stott lines out sharply to right fielder Ronald Acuña Jr.","line_drive",105.8,18,374,0.156640232806225,0.843359767193775,0.759023790474398,0,0.759023790474398,"Ronald Acuña Jr converted a 16% estimated-out opportunity.","https://www.mlb.com/gameday/823419","development estimate; not official Catch Probability","sabrhood_batted_ball_context_v1","2026-09-16","2026-09-17 14:48:49 UTC"
2026-09-06,"824142","ca52c53d-d488-3532-99c4-1a1c12fab6a5",2,"bottom","694371","Tommy Troy","Arizona Diamondbacks","LF","Christian Vázquez lines out to left fielder Tommy Troy.","line_drive",73.8,31,256,0.310003625596713,0.689996374403287,0.620996736962959,0.0246541336594886,0.645650870622447,"Tommy Troy converted a 31% estimated-out opportunity and added  0.02 estimated advancement runs saved.","https://www.mlb.com/gameday/824142","development estimate; not official Catch Probability","sabrhood_batted_ball_context_v1","2026-09-16","2026-09-17 14:48:49 UTC"
2026-09-07,"824793","0cbbe8d9-07b3-3de3-8da1-9d40f43eb76c",1,"bottom","690984","Petey Halpin","Cleveland Guardians","CF","Jackson Holliday lines out to center fielder Petey Halpin.","line_drive",76.3,29,254,0.313973792400412,0.686026207599588,0.617423586839629,0.0960817066787729,0.713505293518402,"Petey Halpin converted a 31% estimated-out opportunity and added  0.10 estimated advancement runs saved.","https://www.mlb.com/gameday/824793","development estimate; not official Catch Probability","sabrhood_batted_ball_context_v1","2026-09-16","2026-09-17 14:48:49 UTC"
2026-09-08,"824875","d235f820-a8c9-30bf-8edd-4c79112c11b6",1,"top","671739","Michael Harris II","Atlanta Braves","CF","Chandler Simpson lines out to center fielder Michael Harris II.","line_drive",91.7,14,273,0.0765371614096053,0.923462838590395,0.831116554731355,0,0.831116554731355,"Michael Harris II converted a 8% estimated-out opportunity.","https://www.mlb.com/gameday/824875","development estimate; not official Catch Probability","sabrhood_batted_ball_context_v1","2026-09-16","2026-09-17 14:48:49 UTC"
2026-09-09,"823090","b2e99dfe-326d-3bb9-a824-d738ccd6eeac",1,"bottom","607043","Brandon Nimmo","Texas Rangers","RF","J.P. Crawford lines out to right fielder Brandon Nimmo.","line_drive",100,15,270,0.10196747638703,0.89803252361297,0.808229271251673,0,0.808229271251673,"Brandon Nimmo converted a 10% estimated-out opportunity.","https://www.mlb.com/gameday/823090","development estimate; not official Catch Probability","sabrhood_batted_ball_context_v1","2026-09-16","2026-09-17 14:48:49 UTC"
2026-09-10,"823499","11b7ef0c-8932-346d-a278-663a1afba2d1",7,"top","682987","Spencer Jones","New York Yankees","CF","Jordan Beck lines out to center fielder Spencer Jones.","line_drive",98.9,16,295,0.282903469194121,0.717096530805879,0.645386877725291,0,0.645386877725291,"Spencer Jones converted a 28% estimated-out opportunity.","https://www.mlb.com/gameday/823499","development estimate; not official Catch Probability","sabrhood_batted_ball_context_v1","2026-09-16","2026-09-17 14:48:49 UTC"
2026-09-11,"824711","9c16d6a6-1d48-3f33-943e-d241c90b77d3",8,"top","701350","Roman Anthony","Boston Red Sox","LF","John Rave lines out to left fielder Roman Anthony.","line_drive",101,12,266,0.100316285607971,0.899683714392029,0.809715342952826,0.0308441951230652,0.840559538075891,"Roman Anthony converted a 10% estimated-out opportunity and added  0.03 estimated advancement runs saved.","https://www.mlb.com/gameday/824711","development estimate; not official Catch Probability","sabrhood_batted_ball_context_v1","2026-09-16","2026-09-17 14:48:49 UTC"
2026-09-12,"823170","8377b80e-1bc8-3fe7-98aa-1e53d582c761",4,"bottom","687957","Dustin Harris","San Diego Padres","RF","Jonah Cox lines out to right fielder Dustin Harris.","line_drive",78.5,29,248,0.180035790644593,0.819964209355407,0.737967788419867,0,0.737967788419867,"Dustin Harris converted a 18% estimated-out opportunity.","https://www.mlb.com/gameday/823170","development estimate; not official Catch Probability","sabrhood_batted_ball_context_v1","2026-09-16","2026-09-17 14:48:49 UTC"
2026-09-13,"824708","584bb141-175f-3b9e-a95c-d8284bc1b185",7,"top","681987","Nate Eaton","Boston Red Sox","CF","Royals challenged (force play), call on the field was upheld: Tyler Tolbert flies into a force out, center fielder Nate Eaton to third baseman Caleb Durbin. Isaac Collins out at 3rd. John Rave to 2nd. Tyler Tolbert to 1st.","fly_ball",73.7,26,244,0.289153376676298,0.710846623323702,0.639761960991332,0.123656835071342,0.763418796062674,"Nate Eaton converted a 29% estimated-out opportunity and added  0.12 estimated advancement runs saved.","https://www.mlb.com/gameday/824708","development estimate; not official Catch Probability","sabrhood_batted_ball_context_v1","2026-09-16","2026-09-17 14:48:49 UTC"
2026-09-14,"823981","2ac655c2-a728-35ae-b657-479ca3823491",8,"bottom","668227","Randy Arozarena","Seattle Mariners","LF","Travis d'Arnaud lines out to left fielder Randy Arozarena.","line_drive",96.5,16,268,0.178878031966911,0.821121968033089,0.73900977122978,0,0.73900977122978,"Randy Arozarena converted a 18% estimated-out opportunity.","https://www.mlb.com/gameday/823981","development estimate; not official Catch Probability","sabrhood_batted_ball_context_v1","2026-09-16","2026-09-17 14:48:49 UTC"
2026-09-15,"823007","f41e3119-96da-3f5f-867e-fe04e6781d31",1,"bottom","806367","Turner Hill","San Francisco Giants","LF","Jordan Walker lines out sharply to left fielder Turner Hill.","line_drive",111,14,360,0.214044558840735,0.785955441159265,0.707359897043339,0,0.707359897043339,"Turner Hill converted a 21% estimated-out opportunity.","https://www.mlb.com/gameday/823007","development estimate; not official Catch Probability","sabrhood_batted_ball_context_v1","2026-09-16","2026-09-17 14:48:49 UTC"
2026-09-16,"823004","ebaa5258-1604-3dec-b0c0-f7fd62c96cac",9,"bottom","813841","Jonah Cox","San Francisco Giants","CF","José Fermín out on a sacrifice fly to center fielder Jonah Cox. Nolan Gorman scores.","line_drive",101.3,18,293,0.187785873242675,0.812214126757325,0.730992714081592,0.0738092238955504,0.804801937977143,"Jonah Cox converted a 19% estimated-out opportunity and added  0.07 estimated advancement runs saved.","https://www.mlb.com/gameday/823004","development estimate; not official Catch Probability","sabrhood_batted_ball_context_v1","2026-09-16","2026-09-17 14:48:49 UTC"
