"graphic_id","page_group","title","subtitle","image_path","file_name","alt_text","coverage_note","orientation","featured","display_order","source_acquired_at_utc","publication_status"
"league-pitch-usage-trends","League trends","League Pitch Usage Trends","Fourteen-day rolling pitch-type usage reveals how MLB's collective arsenal is changing.","images/graphics-feed/league-pitch-usage-trends.png","league-pitch-usage-trends.png","Small-multiple line charts showing rolling MLB pitch-type usage.","Fourteen-day rolling league trends through the current PBP date.","landscape",TRUE,1,"2026-08-06 04:45:52 UTC","prototype"
"league-production-trends","League trends","League Production Trends","League production rates show when the run environment, contact, and plate discipline move together.","images/graphics-feed/league-production-trends.png","league-production-trends.png","Small-multiple line charts showing indexed rolling MLB production rates.","Fourteen-day rolling league trends through the current PBP date.","landscape",TRUE,2,"2026-08-06 04:45:52 UTC","prototype"
"league-pitch-velocity-trends","League trends","League Pitch Velocity Trends","The six most-used pitch types tracked by rolling average velocity.","images/graphics-feed/league-pitch-velocity-trends.png","league-pitch-velocity-trends.png","Small-multiple line charts showing rolling velocity by pitch type.","Fourteen-day rolling league trends through the current PBP date.","landscape",TRUE,3,"2026-08-06 04:45:52 UTC","prototype"
"league-batted-ball-trends","League trends","League Batted-Ball Trends","Exit velocity, launch angle, hard-hit rate, and ground-ball rate tell the league contact story.","images/graphics-feed/league-batted-ball-trends.png","league-batted-ball-trends.png","Small-multiple line charts showing rolling MLB batted-ball characteristics.","Fourteen-day rolling league trends through the current PBP date.","landscape",TRUE,4,"2026-08-06 04:45:52 UTC","prototype"
"league-starter-bullpen-workload","League trends","Starter and Bullpen Workload","Starter and bullpen shares reveal who is carrying the league's plate appearances.","images/graphics-feed/league-starter-bullpen-workload.png","league-starter-bullpen-workload.png","Line chart comparing starter and bullpen shares of league batters faced.","Fourteen-day rolling league trends through the current PBP date.","landscape",TRUE,5,"2026-08-06 04:45:52 UTC","prototype"
"mlb-positional-war-map","Team identity","MLB Positional WAR Map","Every team and primary position ranked by FanGraphs WAR to expose roster strengths and needs.","images/graphics-feed/mlb-positional-war-map.png","mlb-positional-war-map.png","Heatmap ranking every MLB team by FanGraphs WAR at each primary position.","Current FanGraphs season WAR aggregated by primary listed position.","landscape",TRUE,6,"2026-08-06 04:45:52 UTC","prototype"
"hitter-discipline-frontier","Player profiles","Plate-Discipline Frontier","The league's best combinations of chase avoidance and in-zone contact.","images/graphics-feed/hitter-discipline-frontier.png","hitter-discipline-frontier.png","Scatterplot comparing hitter chase rate with zone contact rate.","Pitch-level discipline profiles with at least 300 pitches seen.","landscape",TRUE,7,"2026-08-06 04:45:52 UTC","prototype"
"arsenal-takeover-spotlights","Pitch changes","Emerging Weapon Spotlights","Shared-axis movement maps for pitchers whose emerging pitch gained usage and whiffs together.","images/graphics-feed/arsenal-takeover-spotlights.png","arsenal-takeover-spotlights.png","Faceted, zero-centered movement maps with pitch-type colors and usage-sized points.","Recent five-game pitch changes placed inside each pitcher's season arsenal.","landscape",TRUE,8,"2026-08-06 04:45:52 UTC","prototype"
"pull-rate-leader-spray","Player profiles","Pull-Rate Leader Spray Chart","A field-level view of the qualified hitter who produces the league's highest pull rate.","images/graphics-feed/pull-rate-leader-spray.png","pull-rate-leader-spray.png","Spray chart showing batted balls for MLB's qualified pull-rate leader.","Full-season batted balls for the qualified pull-rate leader.","landscape",TRUE,9,"2026-08-06 04:45:52 UTC","prototype"
"hitter-change-leaders","Player movement","Hitters Changing Fastest","The strongest recent hitter shifts against earlier-season and league baselines.","images/graphics-feed/hitter-change-leaders.png","hitter-change-leaders.png","Horizontal bars ranking hitters by standardized recent performance change.","Recent versus prior performance; movement standardized against MLB.","landscape",TRUE,10,"2026-08-06 04:45:52 UTC","prototype"
"pitcher-change-leaders","Player movement","Pitchers Changing Fastest","The strongest recent pitcher shifts against earlier-season and league baselines.","images/graphics-feed/pitcher-change-leaders.png","pitcher-change-leaders.png","Horizontal bars ranking pitchers by standardized recent performance change.","Recent versus prior performance allowed; movement standardized against MLB.","landscape",FALSE,11,"2026-08-06 04:45:52 UTC","prototype"
"pitch-usage-movers","Pitch changes","Pitches Taking On New Roles","The pitch types with the largest recent usage changes.","images/graphics-feed/pitch-usage-movers.png","pitch-usage-movers.png","Horizontal bars showing the largest recent changes in pitch usage.","Recent five-game pitch mix versus the prior-season window.","landscape",TRUE,12,"2026-08-06 04:45:52 UTC","prototype"
"hitter-league-separation","League separation","Hitter League Separation","Multi-stat season fingerprints for hitters furthest from the league middle.","images/graphics-feed/hitter-league-separation.png","hitter-league-separation.png","Heatmap of season percentiles for hitters with the largest league separation.","Full-season pitch-by-pitch summary percentiles.","landscape",FALSE,13,"2026-08-06 04:45:52 UTC","prototype"
"pitcher-league-separation","League separation","Pitcher League Separation","Multi-stat season fingerprints for pitchers furthest from the league middle.","images/graphics-feed/pitcher-league-separation.png","pitcher-league-separation.png","Heatmap of season percentiles for pitchers with the largest league separation.","Full-season pitch-by-pitch summary percentiles.","landscape",FALSE,14,"2026-08-06 04:45:52 UTC","prototype"
"team-identity-quadrant","Team identity","Team Identity Quadrant","All 30 clubs positioned by run generation and pitching performance.","images/graphics-feed/team-identity-quadrant.png","team-identity-quadrant.png","Scatterplot positioning MLB teams by run generation and pitching performance.","Full-season team summaries through the current data date.","landscape",TRUE,15,"2026-08-06 04:45:52 UTC","prototype"
"all-mlb-defense-team","Defense","All-MLB Defense Team","One current FRV-based selection at every tracked defensive position.","images/graphics-feed/all-mlb-defense-team.png","all-mlb-defense-team.png","Baseball-field alignment naming the selected catcher, infielders, and outfielders on the All-MLB Defense Team.","Official Fielding Run Value with league-position playing-time adjustment; minimum 150 innings.","landscape",TRUE,16,"2026-08-06 04:45:52 UTC","prototype"
"gold-glove-watch-rosters","Defense","AL and NL Gold Glove Watch Rosters","Separate American League and National League leaders at each position.","images/graphics-feed/gold-glove-watch-rosters.png","gold-glove-watch-rosters.png","Side-by-side American League and National League Gold Glove Watch rosters by position.","League-specific leaders from official Fielding Run Value; pitcher and utility are not covered.","landscape",TRUE,17,"2026-08-06 04:45:52 UTC","prototype"
"defensive-position-leaders","Defense","Defensive Leaders by Position","The top three qualified defenders at every position by official Fielding Run Value.","images/graphics-feed/defensive-position-leaders.png","defensive-position-leaders.png","Eight position panels showing the top three defenders by Fielding Run Value.","Official Fielding Run Value; minimum 150 innings.","landscape",TRUE,18,"2026-08-06 04:45:52 UTC","prototype"
"runner-advancement-defenders","Defense","Runner-Advancement Prevention Leaders","The fielders doing the most to stop runners from taking the next base.","images/graphics-feed/runner-advancement-defenders.png","runner-advancement-defenders.png","Horizontal leaderboard of the top runner-advancement prevention scores.","SABRhood runner-advancement development model; minimum 50 opportunities.","landscape",FALSE,19,"2026-08-06 04:45:52 UTC","prototype"
