"batter_id","player_name","team","pitches","swings","whiffs","out_of_zone_pitches","chases","zone_swings","zone_contact","swing_rate","whiff_rate","chase_rate","zone_contact_rate","discipline_score","discipline_method","discipline_rank","source_through","generated_at_utc"
"605141","Mookie Betts","Los Angeles Dodgers",1049,434,52,494,95,339,320,0.413727359389895,0.119815668202765,0.192307692307692,0.943952802359882,97.9,"pitch_level_chase_contact_profile_v1",1,"2026-07-22","2026-07-23 18:38:16 UTC"
"680757","Steven Kwan","Cleveland Guardians",1489,542,37,742,159,382,372,0.364002686366689,0.0682656826568266,0.214285714285714,0.973821989528796,97.7,"pitch_level_chase_contact_profile_v1",2,"2026-07-22","2026-07-23 18:38:16 UTC"
"664702","Myles Straw","Toronto Blue Jays",667,267,28,328,66,201,187,0.400299850074962,0.104868913857678,0.201219512195122,0.930348258706468,96.8,"pitch_level_chase_contact_profile_v1",3,"2026-07-22","2026-07-23 18:38:16 UTC"
"672695","Geraldo Perdomo","Arizona Diamondbacks",1764,694,77,883,191,502,464,0.393424036281179,0.110951008645533,0.216308040770102,0.924302788844621,94.5,"pitch_level_chase_contact_profile_v1",4,"2026-07-22","2026-07-23 18:38:16 UTC"
"800050","Chase DeLauter","Cleveland Guardians",1369,588,79,691,141,445,410,0.429510591672754,0.134353741496599,0.204052098408104,0.921348314606742,94.3,"pitch_level_chase_contact_profile_v1",5,"2026-07-22","2026-07-23 18:38:16 UTC"
"686217","Sal Frelick","Milwaukee Brewers",1195,512,45,580,138,367,351,0.428451882845188,0.087890625,0.237931034482759,0.956403269754768,93.9,"pitch_level_chase_contact_profile_v1",6,"2026-07-22","2026-07-23 18:38:16 UTC"
"669257","Will Smith","Los Angeles Dodgers",858,354,50,436,93,261,240,0.412587412587413,0.141242937853107,0.213302752293578,0.919540229885057,92.9,"pitch_level_chase_contact_profile_v1",7,"2026-07-22","2026-07-23 18:38:16 UTC"
"672580","Maikel Garcia","Kansas City Royals",1130,443,61,563,128,315,292,0.392035398230088,0.137697516930023,0.227353463587922,0.926984126984127,92.2,"pitch_level_chase_contact_profile_v1",8,"2026-07-22","2026-07-23 18:38:16 UTC"
"669743","Alex Call","Los Angeles Dodgers",616,265,33,304,68,197,181,0.430194805194805,0.124528301886792,0.223684210526316,0.918781725888325,92.1,"pitch_level_chase_contact_profile_v1",9,"2026-07-22","2026-07-23 18:38:16 UTC"
"663757","Trent Grisham","New York Yankees",1329,504,80,658,111,393,357,0.379232505643341,0.158730158730159,0.168693009118541,0.908396946564885,91.5,"pitch_level_chase_contact_profile_v1",10,"2026-07-22","2026-07-23 18:38:16 UTC"
"665877","José Fermín","St. Louis Cardinals",792,320,38,395,92,228,210,0.404040404040404,0.11875,0.232911392405063,0.921052631578947,91.5,"pitch_level_chase_contact_profile_v1",11,"2026-07-22","2026-07-23 18:38:16 UTC"
"687462","Spencer Horwitz","Pittsburgh Pirates",1189,481,66,630,153,328,306,0.404541631623213,0.137214137214137,0.242857142857143,0.932926829268293,90.9,"pitch_level_chase_contact_profile_v1",12,"2026-07-22","2026-07-23 18:38:16 UTC"
"805808","Kevin McGonigle","Detroit Tigers",1792,764,110,922,172,592,534,0.426339285714286,0.143979057591623,0.186550976138829,0.902027027027027,90.4,"pitch_level_chase_contact_profile_v1",13,"2026-07-22","2026-07-23 18:38:16 UTC"
"807712","Luke Keaschall","Minnesota Twins",1413,592,89,713,159,433,397,0.418966737438075,0.150337837837838,0.223001402524544,0.916859122401848,90.2,"pitch_level_chase_contact_profile_v1",14,"2026-07-22","2026-07-23 18:38:16 UTC"
"805300","Jakob Marsee","Miami Marlins",1595,642,108,821,193,449,418,0.402507836990596,0.168224299065421,0.235079171741778,0.930957683741648,89.7,"pitch_level_chase_contact_profile_v1",15,"2026-07-22","2026-07-23 18:38:16 UTC"
"679845","Nick Loftin","Kansas City Royals",811,336,48,404,98,238,220,0.414303329223181,0.142857142857143,0.242574257425743,0.92436974789916,89.5,"pitch_level_chase_contact_profile_v1",16,"2026-07-22","2026-07-23 18:38:16 UTC"
"681508","Mickey Gasper","Boston Red Sox",443,184,32,225,53,131,124,0.415349887133183,0.173913043478261,0.235555555555556,0.946564885496183,89.4,"pitch_level_chase_contact_profile_v1",17,"2026-07-22","2026-07-23 18:38:16 UTC"
"803011","Sam Antonacci","Chicago White Sox",1308,556,72,668,152,403,366,0.425076452599388,0.129496402877698,0.227544910179641,0.90818858560794,89.1,"pitch_level_chase_contact_profile_v1",18,"2026-07-22","2026-07-23 18:38:16 UTC"
"680777","Ryan Jeffers","Minnesota Twins",728,277,41,388,88,189,172,0.380494505494505,0.148014440433213,0.22680412371134,0.91005291005291,88.8,"pitch_level_chase_contact_profile_v1",19,"2026-07-22","2026-07-23 18:38:16 UTC"
"666310","Bo Naylor","Cleveland Guardians",389,176,23,199,51,122,115,0.452442159383033,0.130681818181818,0.256281407035176,0.942622950819672,88.5,"pitch_level_chase_contact_profile_v1",20,"2026-07-22","2026-07-23 18:38:16 UTC"
"689414","Liam Hicks","Miami Marlins",1332,551,53,700,187,364,354,0.413663663663664,0.0961887477313975,0.267142857142857,0.972527472527473,88,"pitch_level_chase_contact_profile_v1",21,"2026-07-22","2026-07-23 18:38:16 UTC"
"669364","Xavier Edwards","Miami Marlins",1695,727,105,885,210,517,470,0.428908554572271,0.144429160935351,0.23728813559322,0.909090909090909,87.4,"pitch_level_chase_contact_profile_v1",22,"2026-07-22","2026-07-23 18:38:16 UTC"
"641487","J.P. Crawford","Seattle Mariners",1483,566,85,745,145,421,374,0.381658799730276,0.15017667844523,0.194630872483221,0.888361045130641,86.4,"pitch_level_chase_contact_profile_v1",23,"2026-07-22","2026-07-23 18:38:16 UTC"
"668939","Adley Rutschman","Baltimore Orioles",1166,482,67,595,149,333,305,0.413379073756432,0.139004149377593,0.250420168067227,0.915915915915916,86.2,"pitch_level_chase_contact_profile_v1",24,"2026-07-22","2026-07-23 18:38:16 UTC"
"608324","Alex Bregman","Chicago Cubs",1832,750,118,910,197,553,496,0.40938864628821,0.157333333333333,0.216483516483516,0.896925858951175,85.7,"pitch_level_chase_contact_profile_v1",25,"2026-07-22","2026-07-23 18:38:16 UTC"
"621493","Taylor Ward","Baltimore Orioles",1959,669,117,985,140,529,472,0.341500765696784,0.174887892376682,0.142131979695431,0.892249527410208,85.7,"pitch_level_chase_contact_profile_v1",26,"2026-07-22","2026-07-23 18:38:16 UTC"
"663457","Lars Nootbaar","St. Louis Cardinals",585,204,37,283,49,155,139,0.348717948717949,0.181372549019608,0.173144876325088,0.896774193548387,85.6,"pitch_level_chase_contact_profile_v1",27,"2026-07-22","2026-07-23 18:38:16 UTC"
"673490","Ha-Seong Kim","Atlanta Braves",349,147,26,176,43,104,96,0.421203438395415,0.17687074829932,0.244318181818182,0.923076923076923,85.3,"pitch_level_chase_contact_profile_v1",28,"2026-07-22","2026-07-23 18:38:16 UTC"
"668885","Austin Martin","Minnesota Twins",1138,447,83,574,100,347,309,0.392794376098418,0.185682326621924,0.174216027874564,0.890489913544669,84.3,"pitch_level_chase_contact_profile_v1",29,"2026-07-22","2026-07-23 18:38:16 UTC"
"680977","Brendan Donovan","Seattle Mariners",356,152,26,190,48,104,96,0.426966292134831,0.171052631578947,0.252631578947368,0.923076923076923,84.1,"pitch_level_chase_contact_profile_v1",30,"2026-07-22","2026-07-23 18:38:16 UTC"
"678554","Curtis Mead","Washington Nationals",1356,556,90,711,183,373,343,0.410029498525074,0.161870503597122,0.257383966244726,0.919571045576407,84,"pitch_level_chase_contact_profile_v1",31,"2026-07-22","2026-07-23 18:38:16 UTC"
"678391","Jorbit Vivas","Washington Nationals",766,386,62,404,106,280,259,0.503916449086162,0.160621761658031,0.262376237623762,0.925,83.9,"pitch_level_chase_contact_profile_v1",32,"2026-07-22","2026-07-23 18:38:16 UTC"
"641584","Jake Fraley","Tampa Bay Rays",379,170,33,184,40,127,115,0.448548812664908,0.194117647058824,0.217391304347826,0.905511811023622,83.5,"pitch_level_chase_contact_profile_v1",33,"2026-07-22","2026-07-23 18:38:16 UTC"
"683734","Andrew Vaughn","Milwaukee Brewers",719,290,47,372,84,206,183,0.403337969401947,0.162068965517241,0.225806451612903,0.888349514563107,82.5,"pitch_level_chase_contact_profile_v1",34,"2026-07-22","2026-07-23 18:38:16 UTC"
"694384","Nolan Schanuel","Los Angeles Angels",1318,589,88,672,189,400,372,0.446889226100152,0.149405772495756,0.28125,0.93,81.5,"pitch_level_chase_contact_profile_v1",35,"2026-07-22","2026-07-23 18:38:16 UTC"
"665742","Juan Soto","New York Mets",1438,566,106,774,154,412,363,0.393602225312935,0.187279151943463,0.198966408268734,0.881067961165049,81.1,"pitch_level_chase_contact_profile_v1",36,"2026-07-22","2026-07-23 18:38:16 UTC"
"686555","Isaac Collins","Kansas City Royals",1306,519,104,646,130,389,347,0.39739663093415,0.200385356454721,0.201238390092879,0.892030848329049,81,"pitch_level_chase_contact_profile_v1",37,"2026-07-22","2026-07-23 18:38:16 UTC"
"656716","Zach McKinstry","Detroit Tigers",1017,495,68,491,143,352,332,0.486725663716814,0.137373737373737,0.291242362525458,0.943181818181818,80.6,"pitch_level_chase_contact_profile_v1",38,"2026-07-22","2026-07-23 18:38:16 UTC"
"687551","Drew Gilbert","San Francisco Giants",886,375,71,443,111,264,241,0.423250564334086,0.189333333333333,0.250564334085779,0.912878787878788,80.6,"pitch_level_chase_contact_profile_v1",39,"2026-07-22","2026-07-23 18:38:16 UTC"
"657041","Lane Thomas","Kansas City Royals",1198,491,90,615,126,365,321,0.409849749582638,0.183299389002037,0.204878048780488,0.879452054794521,80.3,"pitch_level_chase_contact_profile_v1",40,"2026-07-22","2026-07-23 18:38:16 UTC"
"545361","Mike Trout","Los Angeles Angels",1617,634,132,864,171,460,411,0.392084106369821,0.20820189274448,0.197916666666667,0.893478260869565,80.1,"pitch_level_chase_contact_profile_v1",41,"2026-07-22","2026-07-23 18:38:16 UTC"
"608348","Carson Kelly","Chicago Cubs",1048,467,88,548,137,330,299,0.445610687022901,0.188436830835118,0.25,0.906060606060606,80,"pitch_level_chase_contact_profile_v1",42,"2026-07-22","2026-07-23 18:38:16 UTC"
"650490","Yandy Díaz","Tampa Bay Rays",1601,741,92,807,223,516,468,0.462835727670206,0.124156545209177,0.27633209417596,0.906976744186046,80,"pitch_level_chase_contact_profile_v1",43,"2026-07-22","2026-07-23 18:38:16 UTC"
"664761","Alec Bohm","Philadelphia Phillies",1449,670,103,730,191,479,433,0.462387853692202,0.153731343283582,0.261643835616438,0.903966597077244,79.9,"pitch_level_chase_contact_profile_v1",44,"2026-07-22","2026-07-23 18:38:16 UTC"
"702332","Caleb Durbin","Boston Red Sox",1233,589,81,610,178,411,380,0.477696674776967,0.137521222410866,0.291803278688525,0.924574209245742,78.9,"pitch_level_chase_contact_profile_v1",45,"2026-07-22","2026-07-23 18:38:16 UTC"
"802415","Chandler Simpson","Tampa Bay Rays",1264,587,52,618,186,399,377,0.464398734177215,0.0885860306643952,0.300970873786408,0.944862155388471,78.9,"pitch_level_chase_contact_profile_v1",46,"2026-07-22","2026-07-23 18:38:16 UTC"
"671289","Tyler Freeman","Colorado Rockies",929,463,53,479,143,320,299,0.498385360602799,0.114470842332613,0.298538622129436,0.934375,78.7,"pitch_level_chase_contact_profile_v1",47,"2026-07-22","2026-07-23 18:38:16 UTC"
"670541","Yordan Alvarez","Houston Astros",1737,747,125,957,263,484,442,0.430051813471503,0.167336010709505,0.274817136886102,0.913223140495868,78.6,"pitch_level_chase_contact_profile_v1",48,"2026-07-22","2026-07-23 18:38:16 UTC"
"667472","Dane Myers","Cincinnati Reds",629,249,43,326,69,180,157,0.395866454689984,0.172690763052209,0.211656441717791,0.872222222222222,78.3,"pitch_level_chase_contact_profile_v1",49,"2026-07-22","2026-07-23 18:38:16 UTC"
"656976","Pavin Smith","Arizona Diamondbacks",359,157,26,174,43,114,101,0.437325905292479,0.165605095541401,0.247126436781609,0.885964912280702,78.1,"pitch_level_chase_contact_profile_v1",50,"2026-07-22","2026-07-23 18:38:16 UTC"
"807799","Masataka Yoshida","Boston Red Sox",783,334,42,404,118,216,198,0.426564495530013,0.125748502994012,0.292079207920792,0.916666666666667,77.8,"pitch_level_chase_contact_profile_v1",51,"2026-07-22","2026-07-23 18:38:16 UTC"
"663538","Nico Hoerner","Chicago Cubs",1588,720,77,811,251,469,453,0.453400503778338,0.106944444444444,0.309494451294698,0.965884861407249,77.3,"pitch_level_chase_contact_profile_v1",52,"2026-07-22","2026-07-23 18:38:16 UTC"
"655316","Andruw Monasterio","Boston Red Sox",768,367,58,367,99,268,241,0.477864583333333,0.158038147138965,0.269754768392371,0.899253731343284,77,"pitch_level_chase_contact_profile_v1",53,"2026-07-22","2026-07-23 18:38:16 UTC"
"605170","Victor Caratini","Minnesota Twins",1067,442,91,541,138,304,277,0.414245548266167,0.205882352941176,0.255083179297597,0.911184210526316,76.7,"pitch_level_chase_contact_profile_v1",54,"2026-07-22","2026-07-23 18:38:16 UTC"
"670623","Isaac Paredes","Houston Astros",1797,796,122,948,262,534,481,0.442960489705064,0.153266331658291,0.276371308016878,0.900749063670412,76.4,"pitch_level_chase_contact_profile_v1",55,"2026-07-22","2026-07-23 18:38:16 UTC"
"666397","Edouard Julien","Colorado Rockies",1069,436,91,534,102,334,293,0.407857811038354,0.208715596330275,0.191011235955056,0.877245508982036,76.3,"pitch_level_chase_contact_profile_v1",56,"2026-07-22","2026-07-23 18:38:16 UTC"
"808982","Jung Hoo Lee","San Francisco Giants",1373,640,74,691,216,424,405,0.466132556445739,0.115625,0.312590448625181,0.955188679245283,76.3,"pitch_level_chase_contact_profile_v1",57,"2026-07-22","2026-07-23 18:38:16 UTC"
"691016","Tyler Soderstrom","Athletics",1401,643,124,746,191,452,407,0.458957887223412,0.192846034214619,0.256032171581769,0.900442477876106,76.2,"pitch_level_chase_contact_profile_v1",58,"2026-07-22","2026-07-23 18:38:16 UTC"
"630105","Jake Cronenworth","San Diego Padres",735,338,68,376,106,232,216,0.459863945578231,0.201183431952663,0.281914893617021,0.931034482758621,75.4,"pitch_level_chase_contact_profile_v1",59,"2026-07-22","2026-07-23 18:38:16 UTC"
"690993","Colt Keith","Detroit Tigers",1048,460,89,508,121,339,299,0.438931297709924,0.193478260869565,0.238188976377953,0.882005899705015,75.2,"pitch_level_chase_contact_profile_v1",60,"2026-07-22","2026-07-23 18:38:16 UTC"
"669707","Jared Triolo","Pittsburgh Pirates",864,382,77,421,100,282,250,0.44212962962963,0.201570680628272,0.237529691211401,0.886524822695035,75,"pitch_level_chase_contact_profile_v1",61,"2026-07-22","2026-07-23 18:38:16 UTC"
"608070","José Ramírez","Cleveland Guardians",1291,601,90,707,209,390,357,0.465530596436871,0.149750415973378,0.295615275813296,0.915384615384615,74.7,"pitch_level_chase_contact_profile_v1",62,"2026-07-22","2026-07-23 18:38:16 UTC"
"696030","Alejandro Osuna","Texas Rangers",700,333,40,349,110,223,208,0.475714285714286,0.12012012012012,0.315186246418338,0.932735426008969,74.6,"pitch_level_chase_contact_profile_v1",63,"2026-07-22","2026-07-23 18:38:16 UTC"
"650333","Luis Arraez","San Francisco Giants",1574,772,56,753,243,529,499,0.490470139771283,0.0725388601036269,0.322709163346614,0.943289224952741,74,"pitch_level_chase_contact_profile_v1",64,"2026-07-22","2026-07-23 18:38:16 UTC"
"694377","Nick Yorke","Pittsburgh Pirates",326,155,26,170,49,106,96,0.475460122699386,0.167741935483871,0.288235294117647,0.905660377358491,73.8,"pitch_level_chase_contact_profile_v1",65,"2026-07-22","2026-07-23 18:38:16 UTC"
"802139","JJ Wetherholt","St. Louis Cardinals",1693,737,136,855,192,543,470,0.435321913762552,0.184531886024423,0.224561403508772,0.865561694290976,73.8,"pitch_level_chase_contact_profile_v1",66,"2026-07-22","2026-07-23 18:38:16 UTC"
"663886","Tyler Stephenson","Cincinnati Reds",1075,484,113,520,111,373,331,0.450232558139535,0.233471074380165,0.213461538461538,0.887399463806971,73.7,"pitch_level_chase_contact_profile_v1",67,"2026-07-22","2026-07-23 18:38:16 UTC"
"673962","Josh Jung","Texas Rangers",1440,671,116,752,220,451,413,0.465972222222222,0.172876304023845,0.292553191489362,0.915742793791574,73.5,"pitch_level_chase_contact_profile_v1",68,"2026-07-22","2026-07-23 18:38:16 UTC"
"543807","George Springer","Toronto Blue Jays",1255,601,123,645,158,443,393,0.478884462151394,0.204658901830283,0.244961240310078,0.887133182844244,73.4,"pitch_level_chase_contact_profile_v1",69,"2026-07-22","2026-07-23 18:38:16 UTC"
"661388","William Contreras","Milwaukee Brewers",1418,668,113,755,218,450,407,0.471086036671368,0.169161676646707,0.288741721854305,0.904444444444444,73.1,"pitch_level_chase_contact_profile_v1",70,"2026-07-22","2026-07-23 18:38:16 UTC"
"663647","Ke'Bryan Hayes","Cincinnati Reds",479,212,40,246,74,138,130,0.44258872651357,0.188679245283019,0.300813008130081,0.942028985507246,72.6,"pitch_level_chase_contact_profile_v1",71,"2026-07-22","2026-07-23 18:38:16 UTC"
"678246","Miguel Vargas","Chicago White Sox",1707,773,132,863,187,585,500,0.452841241944933,0.170763260025873,0.216685979142526,0.854700854700855,72.4,"pitch_level_chase_contact_profile_v1",72,"2026-07-22","2026-07-23 18:38:16 UTC"
"686469","Vinnie Pasquantino","Kansas City Royals",1290,589,84,709,218,371,339,0.456589147286822,0.142614601018676,0.307475317348378,0.913746630727763,72.3,"pitch_level_chase_contact_profile_v1",73,"2026-07-22","2026-07-23 18:38:16 UTC"
"672515","Gabriel Moreno","Arizona Diamondbacks",1321,548,82,699,212,333,304,0.414837244511734,0.14963503649635,0.303290414878398,0.912912912912913,72,"pitch_level_chase_contact_profile_v1",74,"2026-07-22","2026-07-23 18:38:16 UTC"
"669392","Samad Taylor","San Diego Padres",411,169,36,216,62,107,99,0.411192214111922,0.21301775147929,0.287037037037037,0.925233644859813,71.7,"pitch_level_chase_contact_profile_v1",75,"2026-07-22","2026-07-23 18:38:16 UTC"
"672761","Wenceel Pérez","Detroit Tigers",653,313,52,330,96,217,195,0.479326186830015,0.166134185303514,0.290909090909091,0.898617511520737,71.5,"pitch_level_chase_contact_profile_v1",76,"2026-07-22","2026-07-23 18:38:16 UTC"
"696285","Jacob Young","Washington Nationals",1143,497,98,559,148,349,311,0.434820647419073,0.197183098591549,0.264758497316637,0.891117478510029,71.5,"pitch_level_chase_contact_profile_v1",77,"2026-07-22","2026-07-23 18:38:16 UTC"
"681198","TJ Rumfield","Colorado Rockies",1517,752,138,829,254,498,461,0.495715227422544,0.183510638297872,0.306393244873341,0.92570281124498,71.3,"pitch_level_chase_contact_profile_v1",78,"2026-07-22","2026-07-23 18:38:16 UTC"
"682848","Endy Rodríguez","Pittsburgh Pirates",473,205,47,243,59,146,130,0.433403805496829,0.229268292682927,0.242798353909465,0.89041095890411,71.1,"pitch_level_chase_contact_profile_v1",79,"2026-07-22","2026-07-23 18:38:16 UTC"
"687093","Vaughn Grissom","Los Angeles Angels",900,437,80,437,125,312,280,0.485555555555556,0.183066361556064,0.28604118993135,0.897435897435897,70.8,"pitch_level_chase_contact_profile_v1",80,"2026-07-22","2026-07-23 18:38:16 UTC"
"643446","Jeff McNeil","Athletics",1131,633,86,580,189,444,412,0.559681697612732,0.135860979462875,0.325862068965517,0.927927927927928,70.6,"pitch_level_chase_contact_profile_v1",81,"2026-07-22","2026-07-23 18:38:16 UTC"
"805367","Chase Meidroth","Chicago White Sox",1714,710,121,851,236,473,418,0.414235705950992,0.170422535211268,0.27732079905993,0.883720930232558,70.2,"pitch_level_chase_contact_profile_v1",82,"2026-07-22","2026-07-23 18:38:16 UTC"
"685133","Wade Meckler","Los Angeles Angels",512,232,53,271,72,160,145,0.453125,0.228448275862069,0.265682656826568,0.90625,70,"pitch_level_chase_contact_profile_v1",83,"2026-07-22","2026-07-23 18:38:16 UTC"
"650402","Gleyber Torres","Detroit Tigers",848,335,67,433,74,261,222,0.395047169811321,0.2,0.170900692840647,0.850574712643678,69.9,"pitch_level_chase_contact_profile_v1",84,"2026-07-22","2026-07-23 18:38:16 UTC"
"810938","Ben Williamson","Tampa Bay Rays",923,395,62,481,148,246,223,0.42795232936078,0.156962025316456,0.307692307692308,0.90650406504065,69.8,"pitch_level_chase_contact_profile_v1",85,"2026-07-22","2026-07-23 18:38:16 UTC"
"687401","Joey Ortiz","Milwaukee Brewers",1008,445,75,508,154,291,264,0.441468253968254,0.168539325842697,0.303149606299213,0.907216494845361,69.6,"pitch_level_chase_contact_profile_v1",86,"2026-07-22","2026-07-23 18:38:16 UTC"
"593428","Xander Bogaerts","San Diego Padres",1532,636,130,787,192,444,387,0.415143603133159,0.20440251572327,0.243964421855146,0.871621621621622,69.3,"pitch_level_chase_contact_profile_v1",87,"2026-07-22","2026-07-23 18:38:16 UTC"
"701807","Carson Benge","New York Mets",1664,749,146,830,222,527,465,0.450120192307692,0.194926568758344,0.267469879518072,0.882352941176471,69.2,"pitch_level_chase_contact_profile_v1",88,"2026-07-22","2026-07-23 18:38:16 UTC"
"683083","Nasim Nuñez","Washington Nationals",1345,634,123,674,176,458,401,0.471375464684015,0.194006309148265,0.261127596439169,0.875545851528384,68.9,"pitch_level_chase_contact_profile_v1",89,"2026-07-22","2026-07-23 18:38:16 UTC"
"671056","Iván Herrera","St. Louis Cardinals",1782,793,152,947,262,529,469,0.445005611672278,0.191677175283733,0.276663146779303,0.886578449905482,68.8,"pitch_level_chase_contact_profile_v1",90,"2026-07-22","2026-07-23 18:38:16 UTC"
"664728","Kyle Isbel","Kansas City Royals",661,312,47,346,116,196,187,0.472012102874433,0.150641025641026,0.335260115606936,0.954081632653061,68.7,"pitch_level_chase_contact_profile_v1",91,"2026-07-22","2026-07-23 18:38:16 UTC"
"691026","Masyn Winn","St. Louis Cardinals",1500,648,133,750,188,460,402,0.432,0.205246913580247,0.250666666666667,0.873913043478261,68.3,"pitch_level_chase_contact_profile_v1",92,"2026-07-22","2026-07-23 18:38:16 UTC"
"691720","Kyle Karros","Colorado Rockies",1405,623,149,769,188,435,386,0.443416370106762,0.239165329052969,0.244473342002601,0.88735632183908,68,"pitch_level_chase_contact_profile_v1",93,"2026-07-22","2026-07-23 18:38:16 UTC"
"650859","Luis Rengifo","San Diego Padres",873,429,73,469,139,290,260,0.491408934707904,0.17016317016317,0.29637526652452,0.896551724137931,67.8,"pitch_level_chase_contact_profile_v1",94,"2026-07-22","2026-07-23 18:38:16 UTC"
"823550","Sung-Mun Song","San Diego Padres",432,190,36,226,57,133,115,0.439814814814815,0.189473684210526,0.252212389380531,0.864661654135338,67.8,"pitch_level_chase_contact_profile_v1",95,"2026-07-22","2026-07-23 18:38:16 UTC"
"677870","Leo Jiménez","Miami Marlins",562,246,51,300,75,171,149,0.437722419928826,0.207317073170732,0.25,0.871345029239766,67.6,"pitch_level_chase_contact_profile_v1",96,"2026-07-22","2026-07-23 18:38:16 UTC"
"663993","Nathaniel Lowe","Cincinnati Reds",1027,462,88,525,142,320,280,0.44985394352483,0.19047619047619,0.27047619047619,0.875,67.2,"pitch_level_chase_contact_profile_v1",97,"2026-07-22","2026-07-23 18:38:16 UTC"
"700250","Ben Rice","New York Yankees",1639,712,161,847,210,500,439,0.434411226357535,0.226123595505618,0.247933884297521,0.878,67.2,"pitch_level_chase_contact_profile_v1",98,"2026-07-22","2026-07-23 18:38:16 UTC"
"668930","Brice Turang","Milwaukee Brewers",1852,795,155,945,226,567,486,0.4292656587473,0.19496855345912,0.239153439153439,0.857142857142857,67.1,"pitch_level_chase_contact_profile_v1",99,"2026-07-22","2026-07-23 18:38:16 UTC"
"665561","Rafael Marchán","Philadelphia Phillies",362,180,28,177,58,122,112,0.497237569060773,0.155555555555556,0.327683615819209,0.918032786885246,67,"pitch_level_chase_contact_profile_v1",100,"2026-07-22","2026-07-23 18:38:16 UTC"
"678011","Anthony Seigler","Boston Red Sox",380,178,34,186,52,126,111,0.468421052631579,0.191011235955056,0.279569892473118,0.880952380952381,67,"pitch_level_chase_contact_profile_v1",101,"2026-07-22","2026-07-23 18:38:16 UTC"
"694362","Blake Dunn","Cincinnati Reds",549,257,53,268,77,179,161,0.468123861566485,0.206225680933852,0.287313432835821,0.899441340782123,67,"pitch_level_chase_contact_profile_v1",102,"2026-07-22","2026-07-23 18:38:16 UTC"
"663837","Matt Vierling","Detroit Tigers",1060,506,81,531,172,334,305,0.477358490566038,0.160079051383399,0.32391713747646,0.913173652694611,66.6,"pitch_level_chase_contact_profile_v1",103,"2026-07-22","2026-07-23 18:38:16 UTC"
"657757","Gavin Sheets","San Diego Padres",1440,612,115,783,242,370,336,0.425,0.187908496732026,0.309067688378033,0.908108108108108,66.5,"pitch_level_chase_contact_profile_v1",104,"2026-07-22","2026-07-23 18:38:16 UTC"
"673548","Seiya Suzuki","Chicago Cubs",1598,651,152,831,188,461,401,0.40738423028786,0.233486943164363,0.226233453670277,0.869848156182213,66.4,"pitch_level_chase_contact_profile_v1",105,"2026-07-22","2026-07-23 18:38:16 UTC"
"687363","Victor Scott II","St. Louis Cardinals",683,317,74,326,72,245,212,0.464128843338214,0.233438485804416,0.220858895705521,0.86530612244898,66.4,"pitch_level_chase_contact_profile_v1",106,"2026-07-22","2026-07-23 18:38:16 UTC"
"687637","Dylan Beavers","Baltimore Orioles",693,299,65,350,81,218,188,0.431457431457431,0.217391304347826,0.231428571428571,0.862385321100917,66.3,"pitch_level_chase_contact_profile_v1",107,"2026-07-22","2026-07-23 18:38:16 UTC"
"670770","TJ Friedl","Cincinnati Reds",843,370,87,431,111,259,230,0.438908659549229,0.235135135135135,0.25754060324826,0.888030888030888,66.2,"pitch_level_chase_contact_profile_v1",108,"2026-07-22","2026-07-23 18:38:16 UTC"
"668723","Ryan Vilade","Tampa Bay Rays",669,331,59,333,93,237,207,0.494768310911809,0.178247734138973,0.279279279279279,0.873417721518987,65.9,"pitch_level_chase_contact_profile_v1",109,"2026-07-22","2026-07-23 18:38:16 UTC"
"666126","Carlos Cortes","Athletics",1006,452,85,519,133,318,273,0.449304174950298,0.188053097345133,0.25626204238921,0.858490566037736,65.7,"pitch_level_chase_contact_profile_v1",110,"2026-07-22","2026-07-23 18:38:16 UTC"
"500743","Miguel Rojas","Los Angeles Dodgers",580,277,45,320,100,177,159,0.477586206896552,0.162454873646209,0.3125,0.898305084745763,65.6,"pitch_level_chase_contact_profile_v1",111,"2026-07-22","2026-07-23 18:38:16 UTC"
"700337","Edgar Quero","Chicago White Sox",669,331,66,353,96,235,206,0.494768310911809,0.199395770392749,0.271954674220963,0.876595744680851,65.5,"pitch_level_chase_contact_profile_v1",112,"2026-07-22","2026-07-23 18:38:16 UTC"
"688363","Graham Pauley","Miami Marlins",411,185,39,218,59,126,111,0.450121654501217,0.210810810810811,0.270642201834862,0.880952380952381,65.4,"pitch_level_chase_contact_profile_v1",113,"2026-07-22","2026-07-23 18:38:16 UTC"
"573262","Mike Yastrzemski","Atlanta Braves",1119,461,96,562,147,314,274,0.411974977658624,0.20824295010846,0.261565836298932,0.872611464968153,65.3,"pitch_level_chase_contact_profile_v1",114,"2026-07-22","2026-07-23 18:38:16 UTC"
"641355","Cody Bellinger","New York Yankees",1618,737,135,843,247,489,431,0.455500618046972,0.183175033921303,0.29300118623962,0.881390593047035,65,"pitch_level_chase_contact_profile_v1",115,"2026-07-22","2026-07-23 18:38:16 UTC"
"593871","Jorge Polanco","New York Mets",341,156,30,180,57,99,90,0.457478005865103,0.192307692307692,0.316666666666667,0.909090909090909,64.2,"pitch_level_chase_contact_profile_v1",116,"2026-07-22","2026-07-23 18:38:16 UTC"
"660844","Leo Rivas","Seattle Mariners",534,195,44,265,47,148,125,0.365168539325843,0.225641025641026,0.177358490566038,0.844594594594595,64.1,"pitch_level_chase_contact_profile_v1",117,"2026-07-22","2026-07-23 18:38:16 UTC"
"666152","David Hamilton","Milwaukee Brewers",951,430,84,486,146,283,254,0.452155625657203,0.195348837209302,0.300411522633745,0.897526501766785,64.1,"pitch_level_chase_contact_profile_v1",118,"2026-07-22","2026-07-23 18:38:16 UTC"
"683011","Anthony Volpe","New York Yankees",675,301,68,349,86,215,186,0.445925925925926,0.225913621262458,0.246418338108883,0.865116279069767,63.6,"pitch_level_chase_contact_profile_v1",119,"2026-07-22","2026-07-23 18:38:16 UTC"
"596142","Gary Sánchez","Milwaukee Brewers",783,272,62,420,82,187,158,0.347381864623244,0.227941176470588,0.195238095238095,0.844919786096257,63.2,"pitch_level_chase_contact_profile_v1",120,"2026-07-22","2026-07-23 18:38:16 UTC"
"607043","Brandon Nimmo","Texas Rangers",1561,783,150,757,216,567,494,0.501601537475977,0.191570881226054,0.285336856010568,0.871252204585538,62.8,"pitch_level_chase_contact_profile_v1",121,"2026-07-22","2026-07-23 18:38:16 UTC"
"660688","Keibert Ruiz","Washington Nationals",732,376,48,365,136,240,226,0.513661202185792,0.127659574468085,0.372602739726027,0.941666666666667,62.8,"pitch_level_chase_contact_profile_v1",122,"2026-07-22","2026-07-23 18:38:16 UTC"
"691406","Junior Caminero","Tampa Bay Rays",1725,727,147,986,279,445,390,0.421449275362319,0.202200825309491,0.282961460446247,0.876404494382023,62.6,"pitch_level_chase_contact_profile_v1",123,"2026-07-22","2026-07-23 18:38:16 UTC"
"694497","Evan Carter","Texas Rangers",1162,471,117,578,112,359,306,0.405335628227194,0.248407643312102,0.193771626297578,0.852367688022284,62.4,"pitch_level_chase_contact_profile_v1",124,"2026-07-22","2026-07-23 18:38:16 UTC"
"595978","Austin Hedges","Cleveland Guardians",572,263,57,294,80,183,160,0.45979020979021,0.216730038022814,0.272108843537415,0.87431693989071,62.3,"pitch_level_chase_contact_profile_v1",125,"2026-07-22","2026-07-23 18:38:16 UTC"
"672640","Otto Lopez","Miami Marlins",1559,730,141,810,267,463,425,0.468248877485568,0.193150684931507,0.32962962962963,0.91792656587473,62.3,"pitch_level_chase_contact_profile_v1",126,"2026-07-22","2026-07-23 18:38:16 UTC"
"663656","Kyle Tucker","Los Angeles Dodgers",1580,767,165,804,201,566,485,0.485443037974684,0.215123859191656,0.25,0.856890459363958,62.1,"pitch_level_chase_contact_profile_v1",127,"2026-07-22","2026-07-23 18:38:16 UTC"
"679822","Justin Foscue","Texas Rangers",510,223,43,246,68,155,134,0.437254901960784,0.192825112107623,0.276422764227642,0.864516129032258,62,"pitch_level_chase_contact_profile_v1",128,"2026-07-22","2026-07-23 18:38:16 UTC"
"701350","Roman Anthony","Boston Red Sox",546,203,52,278,60,143,123,0.371794871794872,0.25615763546798,0.215827338129496,0.86013986013986,62,"pitch_level_chase_contact_profile_v1",129,"2026-07-22","2026-07-23 18:38:16 UTC"
"642086","Dominic Smith","Atlanta Braves",922,457,84,484,156,301,271,0.495661605206074,0.183807439824945,0.322314049586777,0.900332225913621,61.7,"pitch_level_chase_contact_profile_v1",130,"2026-07-22","2026-07-23 18:38:16 UTC"
"664954","Brett Sullivan","Colorado Rockies",503,262,40,244,83,179,162,0.520874751491054,0.152671755725191,0.340163934426229,0.905027932960894,61.5,"pitch_level_chase_contact_profile_v1",131,"2026-07-22","2026-07-23 18:38:16 UTC"
"643396","Isiah Kiner-Falefa","Boston Red Sox",455,224,38,243,84,140,128,0.492307692307692,0.169642857142857,0.345679012345679,0.914285714285714,61.3,"pitch_level_chase_contact_profile_v1",132,"2026-07-22","2026-07-23 18:38:16 UTC"
"672386","Alejandro Kirk","Toronto Blue Jays",429,188,32,220,65,123,107,0.438228438228438,0.170212765957447,0.295454545454545,0.869918699186992,61.3,"pitch_level_chase_contact_profile_v1",133,"2026-07-22","2026-07-23 18:38:16 UTC"
"668715","Spencer Steer","Cincinnati Reds",1497,680,151,767,202,478,414,0.454241816967268,0.222058823529412,0.263363754889179,0.866108786610879,60.8,"pitch_level_chase_contact_profile_v1",134,"2026-07-22","2026-07-23 18:38:16 UTC"
"670032","Nicky Lopez","Texas Rangers",518,269,43,252,85,184,166,0.519305019305019,0.159851301115242,0.337301587301587,0.902173913043478,60.8,"pitch_level_chase_contact_profile_v1",135,"2026-07-22","2026-07-23 18:38:16 UTC"
"681082","Bryson Stott","Philadelphia Phillies",1515,661,112,773,258,403,363,0.436303630363036,0.169440242057489,0.333764553686934,0.900744416873449,60.4,"pitch_level_chase_contact_profile_v1",136,"2026-07-22","2026-07-23 18:38:16 UTC"
"545121","Ildemaro Vargas","Arizona Diamondbacks",1120,548,71,587,225,322,297,0.489285714285714,0.12956204379562,0.383304940374787,0.922360248447205,60.3,"pitch_level_chase_contact_profile_v1",137,"2026-07-22","2026-07-23 18:38:16 UTC"
"606466","Ketel Marte","Arizona Diamondbacks",1557,760,147,824,264,493,443,0.488118175979448,0.193421052631579,0.320388349514563,0.898580121703854,60.2,"pitch_level_chase_contact_profile_v1",138,"2026-07-22","2026-07-23 18:38:16 UTC"
"691594","Javier Sanoja","Miami Marlins",886,460,51,462,188,272,253,0.519187358916479,0.110869565217391,0.406926406926407,0.930147058823529,60.2,"pitch_level_chase_contact_profile_v1",139,"2026-07-22","2026-07-23 18:38:16 UTC"
"683737","Michael Busch","Chicago Cubs",1820,771,185,980,241,530,457,0.423626373626374,0.239948119325551,0.245918367346939,0.862264150943396,59.9,"pitch_level_chase_contact_profile_v1",140,"2026-07-22","2026-07-23 18:38:16 UTC"
"805779","Jacob Wilson","Athletics",903,502,64,458,186,316,294,0.555924695459579,0.127490039840637,0.406113537117904,0.930379746835443,59.9,"pitch_level_chase_contact_profile_v1",141,"2026-07-22","2026-07-23 18:38:16 UTC"
"669134","Luis Campusano","San Diego Padres",392,172,43,209,56,116,102,0.438775510204082,0.25,0.267942583732057,0.879310344827586,59.6,"pitch_level_chase_contact_profile_v1",142,"2026-07-22","2026-07-23 18:38:16 UTC"
"805811","Bryce Eldridge","San Francisco Giants",1020,432,97,558,144,288,248,0.423529411764706,0.224537037037037,0.258064516129032,0.861111111111111,59.6,"pitch_level_chase_contact_profile_v1",143,"2026-07-22","2026-07-23 18:38:16 UTC"
"656305","Matt Chapman","San Francisco Giants",1419,631,133,717,189,442,379,0.444679351656096,0.210776545166403,0.263598326359833,0.857466063348416,59.5,"pitch_level_chase_contact_profile_v1",144,"2026-07-22","2026-07-23 18:38:16 UTC"
"670764","Taylor Walls","Tampa Bay Rays",1167,505,110,594,148,353,300,0.432733504712939,0.217821782178218,0.249158249158249,0.84985835694051,59.4,"pitch_level_chase_contact_profile_v1",145,"2026-07-22","2026-07-23 18:38:16 UTC"
"643289","Mauricio Dubón","Atlanta Braves",1468,769,115,802,301,468,431,0.523841961852861,0.149544863459038,0.375311720698254,0.920940170940171,59.3,"pitch_level_chase_contact_profile_v1",146,"2026-07-22","2026-07-23 18:38:16 UTC"
"686797","Brooks Lee","Minnesota Twins",1462,767,144,754,254,513,465,0.524623803009576,0.1877444589309,0.336870026525199,0.906432748538012,59.3,"pitch_level_chase_contact_profile_v1",147,"2026-07-22","2026-07-23 18:38:16 UTC"
"702284","Cole Young","Seattle Mariners",1561,760,130,798,249,511,448,0.486867392696989,0.171052631578947,0.31203007518797,0.876712328767123,59.3,"pitch_level_chase_contact_profile_v1",148,"2026-07-22","2026-07-23 18:38:16 UTC"
"666018","Jonathan Aranda","Tampa Bay Rays",1701,780,147,888,252,524,449,0.458553791887125,0.188461538461538,0.283783783783784,0.856870229007634,59.2,"pitch_level_chase_contact_profile_v1",149,"2026-07-22","2026-07-23 18:38:16 UTC"
"693307","Dillon Dingler","Detroit Tigers",1513,716,140,810,270,446,405,0.473231989424983,0.195530726256983,0.333333333333333,0.908071748878924,59.2,"pitch_level_chase_contact_profile_v1",150,"2026-07-22","2026-07-23 18:38:16 UTC"
"686452","Drew Millas","Washington Nationals",580,261,55,300,87,174,152,0.45,0.210727969348659,0.29,0.873563218390805,59,"pitch_level_chase_contact_profile_v1",151,"2026-07-22","2026-07-23 18:38:16 UTC"
"669242","Tommy Edman","Los Angeles Dodgers",367,178,37,193,58,120,106,0.485013623978202,0.207865168539326,0.300518134715026,0.883333333333333,58.8,"pitch_level_chase_contact_profile_v1",152,"2026-07-22","2026-07-23 18:38:16 UTC"
"543877","Christian Vázquez","Houston Astros",765,361,62,405,143,218,199,0.471895424836601,0.171745152354571,0.353086419753086,0.912844036697248,58.7,"pitch_level_chase_contact_profile_v1",153,"2026-07-22","2026-07-23 18:38:16 UTC"
"669397","Nick Allen","Houston Astros",384,179,41,183,42,137,115,0.466145833333333,0.229050279329609,0.229508196721311,0.839416058394161,58.6,"pitch_level_chase_contact_profile_v1",154,"2026-07-22","2026-07-23 18:38:16 UTC"
"676439","Hunter Feduccia","Tampa Bay Rays",609,274,61,325,85,187,160,0.44991789819376,0.222627737226277,0.261538461538462,0.855614973262032,58.1,"pitch_level_chase_contact_profile_v1",155,"2026-07-22","2026-07-23 18:38:16 UTC"
"806198","Cooper Pratt","Milwaukee Brewers",423,192,42,213,61,131,114,0.453900709219858,0.21875,0.286384976525822,0.870229007633588,57.7,"pitch_level_chase_contact_profile_v1",156,"2026-07-22","2026-07-23 18:38:16 UTC"
"608701","Rob Refsnyder","Seattle Mariners",477,211,52,246,60,151,129,0.442348008385744,0.246445497630332,0.24390243902439,0.854304635761589,57.5,"pitch_level_chase_contact_profile_v1",157,"2026-07-22","2026-07-23 18:38:16 UTC"
"641343","Jake Bauers","Milwaukee Brewers",1509,619,160,788,164,453,381,0.410205434062293,0.258481421647819,0.208121827411168,0.841059602649007,57.5,"pitch_level_chase_contact_profile_v1",158,"2026-07-22","2026-07-23 18:38:16 UTC"
"643376","Danny Jansen","Texas Rangers",570,255,59,282,67,188,158,0.447368421052632,0.231372549019608,0.23758865248227,0.840425531914894,57.5,"pitch_level_chase_contact_profile_v1",159,"2026-07-22","2026-07-23 18:38:16 UTC"
"691788","Joe Mack","Miami Marlins",747,349,78,380,100,249,213,0.467202141900937,0.223495702005731,0.263157894736842,0.855421686746988,57.4,"pitch_level_chase_contact_profile_v1",160,"2026-07-22","2026-07-23 18:38:16 UTC"
"518692","Freddie Freeman","Los Angeles Dodgers",1810,907,179,971,270,637,544,0.501104972375691,0.197353914002205,0.278063851699279,0.854003139717425,57.3,"pitch_level_chase_contact_profile_v1",161,"2026-07-22","2026-07-23 18:38:16 UTC"
"668804","Bryan Reynolds","Pittsburgh Pirates",1779,811,215,937,227,584,503,0.455874086565486,0.265104808877928,0.242262540021345,0.861301369863014,57.3,"pitch_level_chase_contact_profile_v1",162,"2026-07-22","2026-07-23 18:38:16 UTC"
"694671","Wyatt Langford","Texas Rangers",796,394,81,391,110,284,244,0.494974874371859,0.205583756345178,0.281329923273657,0.859154929577465,57.3,"pitch_level_chase_contact_profile_v1",163,"2026-07-22","2026-07-23 18:38:16 UTC"
"596019","Francisco Lindor","New York Mets",851,391,85,468,132,259,224,0.459459459459459,0.217391304347826,0.282051282051282,0.864864864864865,57.2,"pitch_level_chase_contact_profile_v1",164,"2026-07-22","2026-07-23 18:38:16 UTC"
"676694","Jake Meyers","Houston Astros",527,274,54,271,89,185,166,0.519924098671727,0.197080291970803,0.328413284132841,0.897297297297297,57,"pitch_level_chase_contact_profile_v1",165,"2026-07-22","2026-07-23 18:38:16 UTC"
"622268","Donovan Walton","Athletics",443,223,50,215,60,163,141,0.503386004514673,0.224215246636771,0.27906976744186,0.865030674846626,56.8,"pitch_level_chase_contact_profile_v1",166,"2026-07-22","2026-07-23 18:38:16 UTC"
"657136","Connor Wong","Boston Red Sox",550,253,59,296,89,164,146,0.46,0.233201581027668,0.300675675675676,0.890243902439024,56.5,"pitch_level_chase_contact_profile_v1",167,"2026-07-22","2026-07-23 18:38:16 UTC"
"676391","Ernie Clement","Toronto Blue Jays",1243,719,107,650,294,425,394,0.578439259855189,0.148817802503477,0.452307692307692,0.927058823529412,56.5,"pitch_level_chase_contact_profile_v1",168,"2026-07-22","2026-07-23 18:38:16 UTC"
"571970","Max Muncy","Los Angeles Dodgers",1439,641,153,719,178,463,394,0.445448227936067,0.238689547581903,0.247566063977747,0.85097192224622,56.4,"pitch_level_chase_contact_profile_v1",169,"2026-07-22","2026-07-23 18:38:16 UTC"
"621566","Matt Olson","Atlanta Braves",1923,873,180,997,272,601,512,0.453978159126365,0.206185567010309,0.272818455366098,0.851913477537438,56.4,"pitch_level_chase_contact_profile_v1",170,"2026-07-22","2026-07-23 18:38:16 UTC"
"681624","Andy Pages","Los Angeles Dodgers",1762,844,173,957,313,531,477,0.47900113507378,0.204976303317536,0.327063740856844,0.898305084745763,56.4,"pitch_level_chase_contact_profile_v1",171,"2026-07-22","2026-07-23 18:38:16 UTC"
"666182","Bo Bichette","New York Mets",1618,853,144,862,342,511,472,0.527194066749073,0.168815943728019,0.396751740139211,0.923679060665362,56.3,"pitch_level_chase_contact_profile_v1",172,"2026-07-22","2026-07-23 18:38:16 UTC"
"660162","Yoán Moncada","Los Angeles Angels",552,215,58,275,58,157,132,0.389492753623188,0.269767441860465,0.210909090909091,0.840764331210191,55.9,"pitch_level_chase_contact_profile_v1",173,"2026-07-22","2026-07-23 18:38:16 UTC"
"680700","Richie Palacios","Tampa Bay Rays",941,428,84,525,167,256,225,0.454835281615303,0.196261682242991,0.318095238095238,0.87890625,55.5,"pitch_level_chase_contact_profile_v1",174,"2026-07-22","2026-07-23 18:38:16 UTC"
"665487","Fernando Tatis Jr.","San Diego Padres",1600,755,195,850,236,519,455,0.471875,0.258278145695364,0.277647058823529,0.876685934489403,55.4,"pitch_level_chase_contact_profile_v1",175,"2026-07-22","2026-07-23 18:38:16 UTC"
"663743","Nick Fortes","Tampa Bay Rays",817,432,64,425,166,265,240,0.528763769889841,0.148148148148148,0.390588235294118,0.905660377358491,55.3,"pitch_level_chase_contact_profile_v1",176,"2026-07-22","2026-07-23 18:38:16 UTC"
"671277","Luis García Jr.","Washington Nationals",1219,655,108,665,271,384,353,0.537325676784249,0.164885496183206,0.407518796992481,0.919270833333333,55.3,"pitch_level_chase_contact_profile_v1",177,"2026-07-22","2026-07-23 18:38:16 UTC"
"543760","Marcus Semien","New York Mets",1252,637,137,610,180,457,397,0.508785942492013,0.215070643642072,0.295081967213115,0.86870897155361,55,"pitch_level_chase_contact_profile_v1",178,"2026-07-22","2026-07-23 18:38:16 UTC"
"624424","Michael Conforto","Chicago Cubs",697,302,77,378,107,195,171,0.433285509325681,0.254966887417219,0.283068783068783,0.876923076923077,55,"pitch_level_chase_contact_profile_v1",179,"2026-07-22","2026-07-23 18:38:16 UTC"
"668709","JJ Bleday","Cincinnati Reds",1221,561,140,624,141,418,347,0.459459459459459,0.249554367201426,0.225961538461538,0.830143540669856,54.5,"pitch_level_chase_contact_profile_v1",180,"2026-07-22","2026-07-23 18:38:16 UTC"
"656811","Ryan O'Hearn","Pittsburgh Pirates",1427,672,135,740,238,434,382,0.470918009810792,0.200892857142857,0.321621621621622,0.880184331797235,54.3,"pitch_level_chase_contact_profile_v1",181,"2026-07-22","2026-07-23 18:38:16 UTC"
"663368","Blake Perkins","Milwaukee Brewers",419,182,35,218,63,119,101,0.43436754176611,0.192307692307692,0.288990825688073,0.848739495798319,54.3,"pitch_level_chase_contact_profile_v1",182,"2026-07-22","2026-07-23 18:38:16 UTC"
"694192","Jackson Chourio","Milwaukee Brewers",1210,571,123,636,211,359,323,0.471900826446281,0.215411558669002,0.331761006289308,0.899721448467967,54.2,"pitch_level_chase_contact_profile_v1",183,"2026-07-22","2026-07-23 18:38:16 UTC"
"665489","Vladimir Guerrero Jr.","Toronto Blue Jays",1458,695,128,799,246,449,387,0.476680384087792,0.184172661870504,0.307884856070088,0.861915367483296,54.1,"pitch_level_chase_contact_profile_v1",184,"2026-07-22","2026-07-23 18:38:16 UTC"
"647304","Josh Naylor","Seattle Mariners",1345,701,119,760,283,418,378,0.521189591078067,0.169757489300999,0.372368421052632,0.904306220095694,54,"pitch_level_chase_contact_profile_v1",185,"2026-07-22","2026-07-23 18:38:16 UTC"
"662139","Daulton Varsho","Toronto Blue Jays",1235,663,115,673,247,416,375,0.536842105263158,0.173453996983409,0.367013372956909,0.901442307692308,53.9,"pitch_level_chase_contact_profile_v1",186,"2026-07-22","2026-07-23 18:38:16 UTC"
"663494","Bryan Torres","St. Louis Cardinals",306,147,29,154,51,96,85,0.480392156862745,0.197278911564626,0.331168831168831,0.885416666666667,53.9,"pitch_level_chase_contact_profile_v1",187,"2026-07-22","2026-07-23 18:38:16 UTC"
"663616","Trevor Larnach","Minnesota Twins",1234,525,125,661,192,333,290,0.425445705024311,0.238095238095238,0.290468986384266,0.870870870870871,53.7,"pitch_level_chase_contact_profile_v1",188,"2026-07-22","2026-07-23 18:38:16 UTC"
"677951","Bobby Witt Jr.","Kansas City Royals",1536,732,161,858,282,450,404,0.4765625,0.219945355191257,0.328671328671329,0.897777777777778,53.6,"pitch_level_chase_contact_profile_v1",189,"2026-07-22","2026-07-23 18:38:16 UTC"
"666023","Freddy Fermin","San Diego Padres",676,336,74,366,118,218,194,0.497041420118343,0.220238095238095,0.322404371584699,0.889908256880734,53.5,"pitch_level_chase_contact_profile_v1",190,"2026-07-22","2026-07-23 18:38:16 UTC"
"683002","Gunnar Henderson","Baltimore Orioles",1824,893,189,934,298,595,524,0.489583333333333,0.211646136618141,0.319057815845824,0.880672268907563,53.5,"pitch_level_chase_contact_profile_v1",191,"2026-07-22","2026-07-23 18:38:16 UTC"
"808975","Hyeseong Kim","Los Angeles Dodgers",515,244,61,250,73,171,150,0.47378640776699,0.25,0.292,0.87719298245614,53.5,"pitch_level_chase_contact_profile_v1",192,"2026-07-22","2026-07-23 18:38:16 UTC"
"641555","J.C. Escarra","New York Yankees",352,160,43,182,45,115,98,0.454545454545455,0.26875,0.247252747252747,0.852173913043478,53.1,"pitch_level_chase_contact_profile_v1",193,"2026-07-22","2026-07-23 18:38:16 UTC"
"682657","Angel Martínez","Cleveland Guardians",907,496,83,476,208,284,260,0.546857772877618,0.167338709677419,0.436974789915966,0.915492957746479,53.1,"pitch_level_chase_contact_profile_v1",194,"2026-07-22","2026-07-23 18:38:16 UTC"
"694378","Jacob Gonzalez","Pittsburgh Pirates",444,243,42,213,74,165,146,0.547297297297297,0.172839506172839,0.347417840375587,0.884848484848485,53.1,"pitch_level_chase_contact_profile_v1",195,"2026-07-22","2026-07-23 18:38:16 UTC"
"683953","Travis Bazzana","Cleveland Guardians",1269,559,137,666,176,381,325,0.440504334121355,0.245080500894454,0.264264264264264,0.853018372703412,53,"pitch_level_chase_contact_profile_v1",196,"2026-07-22","2026-07-23 18:38:16 UTC"
"807713","Matt Shaw","Chicago Cubs",599,284,50,315,112,172,153,0.474123539232053,0.176056338028169,0.355555555555556,0.88953488372093,53,"pitch_level_chase_contact_profile_v1",197,"2026-07-22","2026-07-23 18:38:16 UTC"
"805999","A.J. Ewing","New York Mets",1029,468,109,548,157,311,268,0.454810495626822,0.232905982905983,0.286496350364964,0.861736334405145,52.5,"pitch_level_chase_contact_profile_v1",198,"2026-07-22","2026-07-23 18:38:16 UTC"
"695600","Carter Jensen","Kansas City Royals",1520,685,177,791,204,481,410,0.450657894736842,0.258394160583942,0.257901390644753,0.852390852390852,52.3,"pitch_level_chase_contact_profile_v1",199,"2026-07-22","2026-07-23 18:38:16 UTC"
"680574","Matt McLain","Cincinnati Reds",1231,525,130,645,163,362,304,0.426482534524777,0.247619047619048,0.252713178294574,0.839779005524862,51.8,"pitch_level_chase_contact_profile_v1",200,"2026-07-22","2026-07-23 18:38:16 UTC"
"678218","Brandon Valenzuela","Toronto Blue Jays",792,394,94,408,121,273,238,0.497474747474747,0.238578680203046,0.29656862745098,0.871794871794872,51.6,"pitch_level_chase_contact_profile_v1",201,"2026-07-22","2026-07-23 18:38:16 UTC"
"676724","Jared Young","New York Mets",681,320,75,373,101,219,186,0.469897209985316,0.234375,0.270777479892761,0.849315068493151,51.4,"pitch_level_chase_contact_profile_v1",202,"2026-07-22","2026-07-23 18:38:16 UTC"
"623168","Tyler Heineman","Los Angeles Angels",419,231,44,222,95,136,125,0.551312649164678,0.19047619047619,0.427927927927928,0.919117647058823,51.3,"pitch_level_chase_contact_profile_v1",203,"2026-07-22","2026-07-23 18:38:16 UTC"
"664770","Nathan Lukes","Toronto Blue Jays",965,484,72,479,166,318,276,0.501554404145078,0.148760330578512,0.346555323590814,0.867924528301887,51.2,"pitch_level_chase_contact_profile_v1",204,"2026-07-22","2026-07-23 18:38:16 UTC"
"691785","Marcelo Mayer","Boston Red Sox",821,412,102,430,126,286,249,0.501827040194884,0.247572815533981,0.293023255813953,0.870629370629371,51.2,"pitch_level_chase_contact_profile_v1",205,"2026-07-22","2026-07-23 18:38:16 UTC"
"609280","Miguel Andujar","San Diego Padres",930,504,85,483,197,307,277,0.541935483870968,0.168650793650794,0.407867494824017,0.90228013029316,51.1,"pitch_level_chase_contact_profile_v1",206,"2026-07-22","2026-07-23 18:38:16 UTC"
"695731","Braden Montgomery","Chicago White Sox",508,268,61,262,78,185,160,0.52755905511811,0.227611940298507,0.297709923664122,0.864864864864865,51.1,"pitch_level_chase_contact_profile_v1",207,"2026-07-22","2026-07-23 18:38:16 UTC"
"669477","Casey Schmitt","San Francisco Giants",1408,758,154,702,256,502,454,0.538352272727273,0.203166226912929,0.364672364672365,0.904382470119522,50.9,"pitch_level_chase_contact_profile_v1",208,"2026-07-22","2026-07-23 18:38:16 UTC"
"686681","Michael Massey","Kansas City Royals",978,502,95,516,198,304,274,0.513292433537832,0.189243027888446,0.383720930232558,0.901315789473684,50.7,"pitch_level_chase_contact_profile_v1",209,"2026-07-22","2026-07-23 18:38:16 UTC"
"669701","Josh Smith","Texas Rangers",534,259,52,275,94,165,146,0.48501872659176,0.200772200772201,0.341818181818182,0.884848484848485,50.6,"pitch_level_chase_contact_profile_v1",210,"2026-07-22","2026-07-23 18:38:16 UTC"
"695578","James Wood","Washington Nationals",2048,778,228,1127,250,528,440,0.3798828125,0.29305912596401,0.221827861579414,0.833333333333333,50.5,"pitch_level_chase_contact_profile_v1",211,"2026-07-22","2026-07-23 18:38:16 UTC"
"680779","Henry Davis","Pittsburgh Pirates",742,398,90,375,120,278,244,0.536388140161725,0.226130653266332,0.32,0.877697841726619,50.1,"pitch_level_chase_contact_profile_v1",212,"2026-07-22","2026-07-23 18:38:16 UTC"
"694371","Tommy Troy","Arizona Diamondbacks",547,245,57,278,75,170,142,0.447897623400366,0.23265306122449,0.26978417266187,0.835294117647059,49.7,"pitch_level_chase_contact_profile_v1",213,"2026-07-22","2026-07-23 18:38:16 UTC"
"683748","Victor Mesa Jr.","Tampa Bay Rays",458,240,49,246,78,162,140,0.524017467248908,0.204166666666667,0.317073170731707,0.864197530864197,49.6,"pitch_level_chase_contact_profile_v1",214,"2026-07-22","2026-07-23 18:38:16 UTC"
"671732","Lawrence Butler","Athletics",1224,560,139,620,151,407,331,0.457516339869281,0.248214285714286,0.243548387096774,0.813267813267813,49.2,"pitch_level_chase_contact_profile_v1",215,"2026-07-22","2026-07-23 18:38:16 UTC"
"673237","Yainer Diaz","Houston Astros",610,339,68,324,132,207,189,0.555737704918033,0.200589970501475,0.407407407407407,0.91304347826087,49.2,"pitch_level_chase_contact_profile_v1",216,"2026-07-22","2026-07-23 18:38:16 UTC"
"686948","Drake Baldwin","Atlanta Braves",1343,662,145,731,243,419,369,0.492926284437826,0.219033232628399,0.332421340629275,0.880668257756563,49.1,"pitch_level_chase_contact_profile_v1",217,"2026-07-22","2026-07-23 18:38:16 UTC"
"666971","Lourdes Gurriel Jr.","Arizona Diamondbacks",681,358,76,375,150,208,191,0.525697503671072,0.212290502793296,0.4,0.918269230769231,49,"pitch_level_chase_contact_profile_v1",218,"2026-07-22","2026-07-23 18:38:16 UTC"
"702222","Justin Crawford","Philadelphia Phillies",1117,601,97,557,218,383,339,0.538048343777977,0.161397670549085,0.391382405745063,0.885117493472585,49,"pitch_level_chase_contact_profile_v1",219,"2026-07-22","2026-07-23 18:38:16 UTC"
"687859","Troy Johnston","Colorado Rockies",1187,608,128,627,219,389,346,0.512215669755687,0.210526315789474,0.349282296650718,0.889460154241645,48.8,"pitch_level_chase_contact_profile_v1",220,"2026-07-22","2026-07-23 18:38:16 UTC"
"543309","Kyle Higashioka","Texas Rangers",749,330,84,387,121,209,184,0.440587449933244,0.254545454545455,0.31266149870801,0.880382775119617,48.2,"pitch_level_chase_contact_profile_v1",221,"2026-07-22","2026-07-23 18:38:16 UTC"
"676914","Davis Schneider","Toronto Blue Jays",518,202,56,267,56,146,116,0.38996138996139,0.277227722772277,0.209737827715356,0.794520547945205,48.2,"pitch_level_chase_contact_profile_v1",222,"2026-07-22","2026-07-23 18:38:16 UTC"
"690976","Alex Freeland","Los Angeles Dodgers",903,369,100,459,102,267,214,0.408637873754153,0.2710027100271,0.222222222222222,0.801498127340824,48,"pitch_level_chase_contact_profile_v1",223,"2026-07-22","2026-07-23 18:38:16 UTC"
"620443","Luis Torrens","New York Mets",737,355,71,387,130,225,196,0.48168249660787,0.2,0.335917312661499,0.871111111111111,47.9,"pitch_level_chase_contact_profile_v1",224,"2026-07-22","2026-07-23 18:38:16 UTC"
"679529","Spencer Torkelson","Detroit Tigers",1691,732,215,877,202,530,438,0.432879952690716,0.293715846994536,0.230330672748005,0.826415094339623,47.8,"pitch_level_chase_contact_profile_v1",225,"2026-07-22","2026-07-23 18:38:16 UTC"
"663698","Joey Bart","Atlanta Braves",409,191,49,218,68,123,108,0.466992665036675,0.256544502617801,0.311926605504587,0.878048780487805,47.7,"pitch_level_chase_contact_profile_v1",226,"2026-07-22","2026-07-23 18:38:16 UTC"
"677800","Wilyer Abreu","Boston Red Sox",1685,824,171,885,273,551,470,0.489020771513353,0.20752427184466,0.308474576271186,0.852994555353902,47.7,"pitch_level_chase_contact_profile_v1",227,"2026-07-22","2026-07-23 18:38:16 UTC"
"624413","Pete Alonso","Baltimore Orioles",1860,819,214,1013,266,553,463,0.440322580645161,0.261294261294261,0.26258637709773,0.837251356238698,47.6,"pitch_level_chase_contact_profile_v1",228,"2026-07-22","2026-07-23 18:38:16 UTC"
"665750","Leody Taveras","Baltimore Orioles",1205,575,136,655,203,372,322,0.477178423236515,0.236521739130435,0.309923664122137,0.865591397849462,47,"pitch_level_chase_contact_profile_v1",229,"2026-07-22","2026-07-23 18:38:16 UTC"
"672820","Lenyn Sosa","Toronto Blue Jays",439,246,47,260,130,116,105,0.560364464692483,0.191056910569106,0.5,0.905172413793103,47,"pitch_level_chase_contact_profile_v1",230,"2026-07-22","2026-07-23 18:38:16 UTC"
"680728","Adrian Del Castillo","Arizona Diamondbacks",690,329,83,364,106,223,191,0.476811594202899,0.252279635258359,0.291208791208791,0.856502242152466,47,"pitch_level_chase_contact_profile_v1",231,"2026-07-22","2026-07-23 18:38:16 UTC"
"693304","Nick Gonzales","Pittsburgh Pirates",1495,797,174,777,248,549,474,0.533110367892977,0.21831869510665,0.319176319176319,0.863387978142076,46.7,"pitch_level_chase_contact_profile_v1",232,"2026-07-22","2026-07-23 18:38:16 UTC"
"677587","Brayan Rocchio","Cleveland Guardians",1477,734,154,790,263,466,405,0.496953283683142,0.209809264305177,0.332911392405063,0.869098712446352,46.6,"pitch_level_chase_contact_profile_v1",233,"2026-07-22","2026-07-23 18:38:16 UTC"
"680869","Zack Gelof","Athletics",944,437,110,443,106,330,262,0.462923728813559,0.251716247139588,0.239277652370203,0.793939393939394,46.6,"pitch_level_chase_contact_profile_v1",234,"2026-07-22","2026-07-23 18:38:16 UTC"
"571448","Nolan Arenado","Arizona Diamondbacks",1487,674,148,798,245,428,365,0.453261600537996,0.219584569732938,0.307017543859649,0.852803738317757,46.5,"pitch_level_chase_contact_profile_v1",235,"2026-07-22","2026-07-23 18:38:16 UTC"
"702616","Jackson Holliday","Baltimore Orioles",640,271,77,340,80,191,155,0.4234375,0.284132841328413,0.235294117647059,0.81151832460733,46.2,"pitch_level_chase_contact_profile_v1",236,"2026-07-22","2026-07-23 18:38:16 UTC"
"675961","Alika Williams","Athletics",388,203,47,192,68,134,120,0.52319587628866,0.231527093596059,0.354166666666667,0.895522388059702,46.1,"pitch_level_chase_contact_profile_v1",237,"2026-07-22","2026-07-23 18:38:16 UTC"
"645302","Victor Robles","Seattle Mariners",411,227,50,223,84,143,129,0.552311435523114,0.220264317180617,0.376681614349776,0.902097902097902,46,"pitch_level_chase_contact_profile_v1",238,"2026-07-22","2026-07-23 18:38:16 UTC"
"592885","Christian Yelich","Milwaukee Brewers",1280,568,164,651,150,418,339,0.44375,0.288732394366197,0.230414746543779,0.811004784688995,45.9,"pitch_level_chase_contact_profile_v1",239,"2026-07-22","2026-07-23 18:38:16 UTC"
"682985","Riley Greene","Detroit Tigers",1771,818,230,932,235,583,483,0.46188594014681,0.281173594132029,0.252145922746781,0.828473413379074,45.9,"pitch_level_chase_contact_profile_v1",240,"2026-07-22","2026-07-23 18:38:16 UTC"
"656775","Cedric Mullins","Tampa Bay Rays",1338,671,143,702,216,450,382,0.501494768310912,0.213114754098361,0.307692307692308,0.848888888888889,45.7,"pitch_level_chase_contact_profile_v1",241,"2026-07-22","2026-07-23 18:38:16 UTC"
"663604","Brandon Lockridge","Milwaukee Brewers",413,181,41,208,62,119,101,0.438256658595642,0.226519337016575,0.298076923076923,0.848739495798319,45.5,"pitch_level_chase_contact_profile_v1",242,"2026-07-22","2026-07-23 18:38:16 UTC"
"682829","Elly De La Cruz","Cincinnati Reds",1487,614,162,784,205,409,338,0.412911903160726,0.263843648208469,0.261479591836735,0.82640586797066,45.5,"pitch_level_chase_contact_profile_v1",243,"2026-07-22","2026-07-23 18:38:16 UTC"
"678489","Jorge Barrosa","Arizona Diamondbacks",595,259,64,323,97,162,139,0.435294117647059,0.247104247104247,0.30030959752322,0.858024691358025,45.4,"pitch_level_chase_contact_profile_v1",244,"2026-07-22","2026-07-23 18:38:16 UTC"
"641680","Jonah Heim","Athletics",720,363,77,370,124,239,207,0.504166666666667,0.212121212121212,0.335135135135135,0.866108786610879,45,"pitch_level_chase_contact_profile_v1",245,"2026-07-22","2026-07-23 18:38:16 UTC"
"691176","Jasson Domínguez","New York Yankees",596,313,68,327,119,194,172,0.525167785234899,0.217252396166134,0.363914373088685,0.88659793814433,45,"pitch_level_chase_contact_profile_v1",246,"2026-07-22","2026-07-23 18:38:16 UTC"
"621043","Carlos Correa","Houston Astros",582,262,55,323,104,158,135,0.450171821305842,0.209923664122137,0.321981424148607,0.854430379746835,44.8,"pitch_level_chase_contact_profile_v1",247,"2026-07-22","2026-07-23 18:38:16 UTC"
"605137","Josh Bell","Minnesota Twins",1569,800,175,832,256,543,460,0.509878903760357,0.21875,0.307692307692308,0.847145488029466,44.7,"pitch_level_chase_contact_profile_v1",248,"2026-07-22","2026-07-23 18:38:16 UTC"
"682668","Luisangel Acuña","Chicago White Sox",570,291,67,309,108,183,162,0.510526315789474,0.230240549828179,0.349514563106796,0.885245901639344,44.7,"pitch_level_chase_contact_profile_v1",249,"2026-07-22","2026-07-23 18:38:16 UTC"
"671739","Michael Harris II","Atlanta Braves",1377,771,174,754,338,433,396,0.559912854030501,0.22568093385214,0.448275862068966,0.914549653579677,44.3,"pitch_level_chase_contact_profile_v1",250,"2026-07-22","2026-07-23 18:38:16 UTC"
"624428","Adam Frazier","Los Angeles Angels",369,196,47,182,65,131,117,0.531165311653117,0.239795918367347,0.357142857142857,0.893129770992366,43.9,"pitch_level_chase_contact_profile_v1",251,"2026-07-22","2026-07-23 18:38:16 UTC"
"687231","Darell Hernaiz","Athletics",519,263,53,280,100,163,142,0.506743737957611,0.201520912547529,0.357142857142857,0.871165644171779,43.9,"pitch_level_chase_contact_profile_v1",252,"2026-07-22","2026-07-23 18:38:16 UTC"
"660670","Ronald Acuña Jr.","Atlanta Braves",957,434,112,541,135,299,237,0.45350052246604,0.258064516129032,0.249537892791128,0.792642140468227,43.7,"pitch_level_chase_contact_profile_v1",253,"2026-07-22","2026-07-23 18:38:16 UTC"
"671976","Tristan Peters","Chicago White Sox",1081,601,119,538,187,413,357,0.555966697502313,0.198003327787022,0.347583643122677,0.864406779661017,43.7,"pitch_level_chase_contact_profile_v1",254,"2026-07-22","2026-07-23 18:38:16 UTC"
"668670","Jake Rogers","Detroit Tigers",428,182,48,222,59,123,101,0.425233644859813,0.263736263736264,0.265765765765766,0.821138211382114,43.4,"pitch_level_chase_contact_profile_v1",255,"2026-07-22","2026-07-23 18:38:16 UTC"
"457705","Andrew McCutchen","Texas Rangers",356,160,49,176,36,124,96,0.449438202247191,0.30625,0.204545454545455,0.774193548387097,43.2,"pitch_level_chase_contact_profile_v1",256,"2026-07-22","2026-07-23 18:38:16 UTC"
"682622","Noelvi Marte","Cincinnati Reds",549,276,63,300,112,164,147,0.502732240437158,0.228260869565217,0.373333333333333,0.896341463414634,43.2,"pitch_level_chase_contact_profile_v1",257,"2026-07-22","2026-07-23 18:38:16 UTC"
"694374","Tim Tawa","Arizona Diamondbacks",498,247,59,266,82,165,141,0.495983935742972,0.238866396761134,0.308270676691729,0.854545454545454,43.2,"pitch_level_chase_contact_profile_v1",258,"2026-07-22","2026-07-23 18:38:16 UTC"
"691458","Blaze Jordan","St. Louis Cardinals",343,183,36,176,63,120,104,0.533527696793003,0.19672131147541,0.357954545454545,0.866666666666667,43.1,"pitch_level_chase_contact_profile_v1",259,"2026-07-22","2026-07-23 18:38:16 UTC"
"621438","Tyrone Taylor","New York Mets",512,258,57,266,95,163,143,0.50390625,0.22093023255814,0.357142857142857,0.877300613496933,42.9,"pitch_level_chase_contact_profile_v1",260,"2026-07-22","2026-07-23 18:38:16 UTC"
"664983","Jake McCarthy","Colorado Rockies",1112,618,124,588,211,407,354,0.555755395683453,0.200647249190939,0.358843537414966,0.86977886977887,42.8,"pitch_level_chase_contact_profile_v1",261,"2026-07-22","2026-07-23 18:38:16 UTC"
"695734","Daylen Lile","Washington Nationals",1511,838,176,807,300,537,472,0.554599602911979,0.210023866348449,0.371747211895911,0.878957169459963,42.6,"pitch_level_chase_contact_profile_v1",262,"2026-07-22","2026-07-23 18:38:16 UTC"
"665804","Miguel Amaya","Chicago Cubs",710,310,75,406,115,195,160,0.436619718309859,0.241935483870968,0.283251231527094,0.82051282051282,42.5,"pitch_level_chase_contact_profile_v1",263,"2026-07-22","2026-07-23 18:38:16 UTC"
"664023","Ian Happ","Chicago Cubs",1765,780,228,916,219,559,444,0.441926345609065,0.292307692307692,0.239082969432314,0.794275491949911,42.3,"pitch_level_chase_contact_profile_v1",264,"2026-07-22","2026-07-23 18:38:16 UTC"
"681351","Logan O'Hoppe","Los Angeles Angels",882,452,119,484,168,284,253,0.512471655328798,0.263274336283186,0.347107438016529,0.890845070422535,42.3,"pitch_level_chase_contact_profile_v1",265,"2026-07-22","2026-07-23 18:38:16 UTC"
"656555","Rhys Hoskins","Cleveland Guardians",1166,486,144,617,135,351,270,0.416809605488851,0.296296296296296,0.218800648298217,0.769230769230769,42.2,"pitch_level_chase_contact_profile_v1",266,"2026-07-22","2026-07-23 18:38:16 UTC"
"683146","Brett Baty","New York Mets",1362,662,174,684,196,466,390,0.486049926578561,0.262839879154079,0.286549707602339,0.836909871244635,42.2,"pitch_level_chase_contact_profile_v1",267,"2026-07-22","2026-07-23 18:38:16 UTC"
"686894","Joey Wiemer","Washington Nationals",335,134,41,186,49,85,71,0.4,0.305970149253731,0.263440860215054,0.835294117647059,42.1,"pitch_level_chase_contact_profile_v1",268,"2026-07-22","2026-07-23 18:38:16 UTC"
"592663","J.T. Realmuto","Philadelphia Phillies",1051,501,110,543,176,325,277,0.476688867745005,0.219560878243513,0.324125230202578,0.852307692307692,41.9,"pitch_level_chase_contact_profile_v1",269,"2026-07-22","2026-07-23 18:38:16 UTC"
"814439","Ryan Waldschmidt","Arizona Diamondbacks",552,244,78,264,67,177,146,0.442028985507246,0.319672131147541,0.253787878787879,0.824858757062147,41.3,"pitch_level_chase_contact_profile_v1",270,"2026-07-22","2026-07-23 18:38:16 UTC"
"542303","Marcell Ozuna","Pittsburgh Pirates",1162,490,143,627,164,326,267,0.421686746987952,0.291836734693878,0.261562998405104,0.819018404907976,41.2,"pitch_level_chase_contact_profile_v1",271,"2026-07-22","2026-07-23 18:38:16 UTC"
"641933","Tyler O'Neill","Baltimore Orioles",748,349,97,399,111,238,198,0.466577540106952,0.277936962750716,0.278195488721804,0.831932773109244,41.2,"pitch_level_chase_contact_profile_v1",272,"2026-07-22","2026-07-23 18:38:16 UTC"
"677942","Blaze Alexander","Baltimore Orioles",936,525,121,467,138,387,318,0.560897435897436,0.23047619047619,0.295503211991435,0.821705426356589,41,"pitch_level_chase_contact_profile_v1",273,"2026-07-22","2026-07-23 18:38:16 UTC"
"514888","Jose Altuve","Houston Astros",1229,581,128,686,248,333,291,0.472742066720911,0.220309810671256,0.361516034985423,0.873873873873874,40.9,"pitch_level_chase_contact_profile_v1",274,"2026-07-22","2026-07-23 18:38:16 UTC"
"645277","Ozzie Albies","Atlanta Braves",1577,880,173,883,330,550,478,0.558021559923906,0.196590909090909,0.373725934314836,0.869090909090909,40.9,"pitch_level_chase_contact_profile_v1",275,"2026-07-22","2026-07-23 18:38:16 UTC"
"545341","Randal Grichuk","Chicago White Sox",564,292,68,285,99,193,168,0.517730496453901,0.232876712328767,0.347368421052632,0.870466321243523,40.5,"pitch_level_chase_contact_profile_v1",276,"2026-07-22","2026-07-23 18:38:16 UTC"
"621020","Dansby Swanson","Chicago Cubs",1479,699,200,781,208,491,400,0.472616632860041,0.286123032904149,0.266325224071703,0.814663951120163,40,"pitch_level_chase_contact_profile_v1",277,"2026-07-22","2026-07-23 18:38:16 UTC"
"642215","Weston Wilson","Seattle Mariners",319,153,47,162,44,109,91,0.479623824451411,0.30718954248366,0.271604938271605,0.834862385321101,40,"pitch_level_chase_contact_profile_v1",278,"2026-07-22","2026-07-23 18:38:16 UTC"
"694203","Denzer Guzman","Los Angeles Angels",462,249,59,225,75,174,150,0.538961038961039,0.236947791164659,0.333333333333333,0.862068965517241,39.9,"pitch_level_chase_contact_profile_v1",279,"2026-07-22","2026-07-23 18:38:16 UTC"
"666181","Will Benson","Cincinnati Reds",472,205,64,249,55,150,110,0.434322033898305,0.31219512195122,0.220883534136546,0.733333333333333,39.7,"pitch_level_chase_contact_profile_v1",280,"2026-07-22","2026-07-23 18:38:16 UTC"
"701358","Cam Smith","Houston Astros",1531,723,194,804,234,489,408,0.472240365774004,0.268326417704011,0.291044776119403,0.834355828220859,39.7,"pitch_level_chase_contact_profile_v1",281,"2026-07-22","2026-07-23 18:38:16 UTC"
"701398","Sal Stewart","Cincinnati Reds",1725,827,195,894,264,562,459,0.479420289855072,0.235792019347037,0.295302013422819,0.816725978647687,39.6,"pitch_level_chase_contact_profile_v1",282,"2026-07-22","2026-07-23 18:38:16 UTC"
"676475","Alec Burleson","St. Louis Cardinals",1540,790,151,814,287,503,427,0.512987012987013,0.191139240506329,0.352579852579853,0.848906560636183,39.5,"pitch_level_chase_contact_profile_v1",283,"2026-07-22","2026-07-23 18:38:16 UTC"
"668952","Ryan Kreidler","Minnesota Twins",610,319,86,300,81,238,191,0.522950819672131,0.269592476489028,0.27,0.802521008403361,39.4,"pitch_level_chase_contact_profile_v1",284,"2026-07-22","2026-07-23 18:38:16 UTC"
"669003","Garrett Mitchell","Milwaukee Brewers",1352,596,203,692,156,440,342,0.440828402366864,0.340604026845638,0.225433526011561,0.777272727272727,39.4,"pitch_level_chase_contact_profile_v1",285,"2026-07-22","2026-07-23 18:38:16 UTC"
"592518","Manny Machado","San Diego Padres",1662,792,194,885,269,523,437,0.476534296028881,0.244949494949495,0.303954802259887,0.835564053537285,39.3,"pitch_level_chase_contact_profile_v1",286,"2026-07-22","2026-07-23 18:38:16 UTC"
"660710","Rodolfo Durán","San Diego Padres",353,161,39,188,60,101,86,0.456090651558074,0.242236024844721,0.319148936170213,0.851485148514851,39.3,"pitch_level_chase_contact_profile_v1",287,"2026-07-22","2026-07-23 18:38:16 UTC"
"592450","Aaron Judge","New York Yankees",1114,478,144,616,159,319,258,0.429084380610413,0.301255230125523,0.258116883116883,0.808777429467085,39,"pitch_level_chase_contact_profile_v1",288,"2026-07-22","2026-07-23 18:38:16 UTC"
"677950","Alek Thomas","Arizona Diamondbacks",352,202,45,186,79,123,109,0.573863636363636,0.222772277227723,0.424731182795699,0.886178861788618,38.6,"pitch_level_chase_contact_profile_v1",289,"2026-07-22","2026-07-23 18:38:16 UTC"
"642201","Eli White","Atlanta Braves",526,262,68,281,84,178,149,0.498098859315589,0.259541984732824,0.298932384341637,0.837078651685393,38.5,"pitch_level_chase_contact_profile_v1",290,"2026-07-22","2026-07-23 18:38:16 UTC"
"691740","Daniel Susac","San Francisco Giants",450,246,59,244,100,146,131,0.546666666666667,0.239837398373984,0.409836065573771,0.897260273972603,38.5,"pitch_level_chase_contact_profile_v1",291,"2026-07-22","2026-07-23 18:38:16 UTC"
"673357","Luis Robert Jr.","New York Mets",416,200,51,227,77,123,107,0.480769230769231,0.255,0.33920704845815,0.869918699186992,38.4,"pitch_level_chase_contact_profile_v1",292,"2026-07-22","2026-07-23 18:38:16 UTC"
"701762","Nick Kurtz","Athletics",1748,749,248,941,215,532,409,0.428489702517162,0.331108144192256,0.228480340063762,0.768796992481203,38.4,"pitch_level_chase_contact_profile_v1",293,"2026-07-22","2026-07-23 18:38:16 UTC"
"660271","Shohei Ohtani","Los Angeles Dodgers",1640,736,198,895,260,476,393,0.448780487804878,0.269021739130435,0.290502793296089,0.82563025210084,38.3,"pitch_level_chase_contact_profile_v1",294,"2026-07-22","2026-07-23 18:38:16 UTC"
"681715","Heriberto Hernández","Miami Marlins",956,441,137,512,130,311,248,0.461297071129707,0.310657596371882,0.25390625,0.797427652733119,38,"pitch_level_chase_contact_profile_v1",295,"2026-07-22","2026-07-23 18:38:16 UTC"
"669016","Brandon Marsh","Philadelphia Phillies",1451,768,182,774,292,476,419,0.529290144727774,0.236979166666667,0.377260981912145,0.880252100840336,37.9,"pitch_level_chase_contact_profile_v1",296,"2026-07-22","2026-07-23 18:38:16 UTC"
"699912","Jose Fernandez","Arizona Diamondbacks",688,325,76,363,134,191,167,0.472383720930233,0.233846153846154,0.369146005509642,0.87434554973822,37.9,"pitch_level_chase_contact_profile_v1",297,"2026-07-22","2026-07-23 18:38:16 UTC"
"665161","Jeremy Peña","Houston Astros",872,466,118,464,156,310,268,0.534403669724771,0.253218884120172,0.336206896551724,0.864516129032258,37.6,"pitch_level_chase_contact_profile_v1",298,"2026-07-22","2026-07-23 18:38:16 UTC"
"572233","Christian Walker","Houston Astros",1599,807,219,860,264,543,460,0.5046904315197,0.271375464684015,0.306976744186047,0.847145488029466,37.4,"pitch_level_chase_contact_profile_v1",299,"2026-07-22","2026-07-23 18:38:16 UTC"
"808959","Munetaka Murakami","Chicago White Sox",1244,516,211,669,146,370,255,0.414790996784566,0.408914728682171,0.218236173393124,0.689189189189189,37.2,"pitch_level_chase_contact_profile_v1",300,"2026-07-22","2026-07-23 18:38:16 UTC"
"641598","Mitch Garver","Seattle Mariners",572,235,78,316,75,160,123,0.410839160839161,0.331914893617021,0.237341772151899,0.76875,37.1,"pitch_level_chase_contact_profile_v1",301,"2026-07-22","2026-07-23 18:38:16 UTC"
"682663","Agustín Ramírez","Miami Marlins",494,239,71,252,67,172,138,0.483805668016194,0.297071129707113,0.265873015873016,0.802325581395349,37.1,"pitch_level_chase_contact_profile_v1",302,"2026-07-22","2026-07-23 18:38:16 UTC"
"624641","Edmundo Sosa","Philadelphia Phillies",645,400,93,352,191,209,186,0.62015503875969,0.2325,0.542613636363636,0.889952153110048,36.9,"pitch_level_chase_contact_profile_v1",303,"2026-07-22","2026-07-23 18:38:16 UTC"
"665019","Kody Clemens","Minnesota Twins",1402,696,165,728,235,461,388,0.496433666191155,0.237068965517241,0.322802197802198,0.841648590021692,36.9,"pitch_level_chase_contact_profile_v1",304,"2026-07-22","2026-07-23 18:38:16 UTC"
"694514","Sterlin Thompson","Colorado Rockies",312,156,43,173,51,105,87,0.5,0.275641025641026,0.294797687861272,0.828571428571429,36.7,"pitch_level_chase_contact_profile_v1",305,"2026-07-22","2026-07-23 18:38:16 UTC"
"656941","Kyle Schwarber","Philadelphia Phillies",1894,849,265,1025,265,584,464,0.448257655755016,0.312131919905771,0.258536585365854,0.794520547945205,36.6,"pitch_level_chase_contact_profile_v1",306,"2026-07-22","2026-07-23 18:38:16 UTC"
"592626","Joc Pederson","Texas Rangers",1225,557,152,625,181,376,306,0.45469387755102,0.272890484739677,0.2896,0.813829787234043,36.3,"pitch_level_chase_contact_profile_v1",307,"2026-07-22","2026-07-23 18:38:16 UTC"
"686668","Brenton Doyle","Colorado Rockies",425,227,64,226,80,147,129,0.534117647058823,0.281938325991189,0.353982300884956,0.877551020408163,35.7,"pitch_level_chase_contact_profile_v1",308,"2026-07-22","2026-07-23 18:38:16 UTC"
"664034","Ty France","San Diego Padres",1036,554,139,533,176,378,322,0.534749034749035,0.250902527075812,0.330206378986867,0.851851851851852,35.5,"pitch_level_chase_contact_profile_v1",309,"2026-07-22","2026-07-23 18:38:16 UTC"
"694728","Brice Matthews","Houston Astros",940,436,143,475,121,315,247,0.463829787234043,0.327981651376147,0.254736842105263,0.784126984126984,35.5,"pitch_level_chase_contact_profile_v1",310,"2026-07-22","2026-07-23 18:38:16 UTC"
"699013","Esmerlyn Valdez","Pittsburgh Pirates",569,248,91,304,72,176,123,0.43585237258348,0.366935483870968,0.236842105263158,0.698863636363636,35.5,"pitch_level_chase_contact_profile_v1",311,"2026-07-22","2026-07-23 18:38:16 UTC"
"641857","Ryan McMahon","New York Yankees",991,459,130,498,148,309,256,0.463168516649849,0.28322440087146,0.29718875502008,0.828478964401295,35.1,"pitch_level_chase_contact_profile_v1",312,"2026-07-22","2026-07-23 18:38:16 UTC"
"671218","Heliot Ramos","San Francisco Giants",1017,550,138,532,198,352,308,0.540806293018682,0.250909090909091,0.37218045112782,0.875,35.1,"pitch_level_chase_contact_profile_v1",313,"2026-07-22","2026-07-23 18:38:16 UTC"
"672275","Patrick Bailey","Cleveland Guardians",860,434,108,454,148,286,242,0.504651162790698,0.248847926267281,0.325991189427313,0.846153846153846,35.1,"pitch_level_chase_contact_profile_v1",314,"2026-07-22","2026-07-23 18:38:16 UTC"
"676356","Jonny DeLuca","Tampa Bay Rays",718,381,89,373,133,248,213,0.530640668523677,0.233595800524934,0.35656836461126,0.858870967741935,35.1,"pitch_level_chase_contact_profile_v1",315,"2026-07-22","2026-07-23 18:38:16 UTC"
"695490","Edwin Arroyo","Cincinnati Reds",435,260,56,217,85,175,151,0.597701149425287,0.215384615384615,0.391705069124424,0.862857142857143,34.8,"pitch_level_chase_contact_profile_v1",316,"2026-07-22","2026-07-23 18:38:16 UTC"
"606192","Teoscar Hernández","Los Angeles Dodgers",1097,497,144,587,160,337,266,0.453053783044667,0.289738430583501,0.272572402044293,0.789317507418398,34.7,"pitch_level_chase_contact_profile_v1",317,"2026-07-22","2026-07-23 18:38:16 UTC"
"701678","Hao-Yu Lee","Detroit Tigers",615,310,83,311,103,207,177,0.504065040650406,0.267741935483871,0.331189710610932,0.855072463768116,34.6,"pitch_level_chase_contact_profile_v1",318,"2026-07-22","2026-07-23 18:38:16 UTC"
"669224","Austin Wells","New York Yankees",939,442,126,494,143,299,241,0.470713525026624,0.285067873303167,0.289473684210526,0.806020066889632,34.1,"pitch_level_chase_contact_profile_v1",319,"2026-07-22","2026-07-23 18:38:16 UTC"
"672960","Kazuma Okamoto","Toronto Blue Jays",1701,790,248,875,236,554,440,0.464432686654909,0.313924050632911,0.269714285714286,0.794223826714801,34.1,"pitch_level_chase_contact_profile_v1",320,"2026-07-22","2026-07-23 18:38:16 UTC"
"681393","Connor Norby","Miami Marlins",892,441,131,465,127,314,249,0.494394618834081,0.297052154195011,0.273118279569892,0.792993630573248,34.1,"pitch_level_chase_contact_profile_v1",321,"2026-07-22","2026-07-23 18:38:16 UTC"
"607208","Trea Turner","Philadelphia Phillies",1677,860,223,882,308,552,477,0.512820512820513,0.259302325581395,0.349206349206349,0.864130434782609,34,"pitch_level_chase_contact_profile_v1",322,"2026-07-22","2026-07-23 18:38:16 UTC"
"694208","Moisés Ballesteros","Chicago Cubs",659,323,78,383,135,188,161,0.490136570561457,0.241486068111455,0.352480417754569,0.856382978723404,33.9,"pitch_level_chase_contact_profile_v1",323,"2026-07-22","2026-07-23 18:38:16 UTC"
"669127","Shea Langeliers","Athletics",1546,771,202,849,269,502,419,0.498706338939198,0.261997405966278,0.316843345111896,0.834661354581673,33.6,"pitch_level_chase_contact_profile_v1",324,"2026-07-22","2026-07-23 18:38:16 UTC"
"694249","Cole Carrigg","Colorado Rockies",521,280,65,278,101,179,153,0.53742802303263,0.232142857142857,0.363309352517986,0.854748603351955,33.3,"pitch_level_chase_contact_profile_v1",325,"2026-07-22","2026-07-23 18:38:16 UTC"
"642715","Willy Adames","San Francisco Giants",1578,768,210,809,263,505,429,0.486692015209125,0.2734375,0.325092707045735,0.849504950495049,33,"pitch_level_chase_contact_profile_v1",326,"2026-07-22","2026-07-23 18:38:16 UTC"
"665953","Andrés Chaparro","Washington Nationals",314,138,38,188,55,83,66,0.439490445859873,0.27536231884058,0.292553191489362,0.795180722891566,32.8,"pitch_level_chase_contact_profile_v1",327,"2026-07-22","2026-07-23 18:38:16 UTC"
"681807","David Fry","Cleveland Guardians",704,304,88,381,105,199,153,0.431818181818182,0.289473684210526,0.275590551181102,0.768844221105528,32.8,"pitch_level_chase_contact_profile_v1",328,"2026-07-22","2026-07-23 18:38:16 UTC"
"608369","Corey Seager","Texas Rangers",825,416,130,476,136,280,225,0.504242424242424,0.3125,0.285714285714286,0.803571428571429,32.2,"pitch_level_chase_contact_profile_v1",329,"2026-07-22","2026-07-23 18:38:16 UTC"
"666176","Jo Adell","Los Angeles Angels",1622,891,221,873,324,565,488,0.549321824907522,0.248035914702581,0.371134020618557,0.863716814159292,32,"pitch_level_chase_contact_profile_v1",330,"2026-07-22","2026-07-23 18:38:16 UTC"
"677649","Ezequiel Duran","Texas Rangers",1357,695,171,722,267,428,369,0.512159174649963,0.246043165467626,0.369806094182826,0.86214953271028,32,"pitch_level_chase_contact_profile_v1",331,"2026-07-22","2026-07-23 18:38:16 UTC"
"682818","Yohendrick Piñango","Toronto Blue Jays",623,322,71,316,110,212,176,0.51685393258427,0.220496894409938,0.348101265822785,0.830188679245283,31.8,"pitch_level_chase_contact_profile_v1",332,"2026-07-22","2026-07-23 18:38:16 UTC"
"694388","Joey Loperfido","Houston Astros",475,232,65,240,71,161,129,0.488421052631579,0.280172413793103,0.295833333333333,0.801242236024845,31.8,"pitch_level_chase_contact_profile_v1",333,"2026-07-22","2026-07-23 18:38:16 UTC"
"691723","Coby Mayo","Baltimore Orioles",1057,493,148,553,173,320,269,0.466414380321665,0.300202839756592,0.312839059674503,0.840625,31.4,"pitch_level_chase_contact_profile_v1",334,"2026-07-22","2026-07-23 18:38:16 UTC"
"663968","Jake Mangum","Pittsburgh Pirates",1013,602,114,544,258,344,291,0.594274432379072,0.18936877076412,0.474264705882353,0.845930232558139,30.8,"pitch_level_chase_contact_profile_v1",335,"2026-07-22","2026-07-23 18:38:16 UTC"
"521692","Salvador Perez","Kansas City Royals",1465,834,205,861,392,442,386,0.569283276450512,0.245803357314149,0.455284552845528,0.873303167420814,30.6,"pitch_level_chase_contact_profile_v1",336,"2026-07-22","2026-07-23 18:38:16 UTC"
"682998","Corbin Carroll","Arizona Diamondbacks",1646,759,203,897,274,482,386,0.461117861482382,0.267457180500659,0.30546265328874,0.800829875518672,30.6,"pitch_level_chase_contact_profile_v1",337,"2026-07-22","2026-07-23 18:38:16 UTC"
"682928","CJ Abrams","Washington Nationals",1604,819,210,853,309,510,437,0.510598503740648,0.256410256410256,0.362250879249707,0.856862745098039,30.2,"pitch_level_chase_contact_profile_v1",338,"2026-07-22","2026-07-23 18:38:16 UTC"
"691718","Pete Crow-Armstrong","Chicago Cubs",1739,864,224,954,332,532,452,0.49683726279471,0.259259259259259,0.348008385744235,0.849624060150376,29.9,"pitch_level_chase_contact_profile_v1",339,"2026-07-22","2026-07-23 18:38:16 UTC"
"624585","Jorge Soler","Los Angeles Angels",1341,636,216,700,194,442,345,0.47427293064877,0.339622641509434,0.277142857142857,0.780542986425339,29.8,"pitch_level_chase_contact_profile_v1",340,"2026-07-22","2026-07-23 18:38:16 UTC"
"665923","Esteury Ruiz","Miami Marlins",512,253,71,280,90,163,135,0.494140625,0.280632411067194,0.321428571428571,0.828220858895706,29.6,"pitch_level_chase_contact_profile_v1",341,"2026-07-22","2026-07-23 18:38:16 UTC"
"686780","Pedro Pagés","St. Louis Cardinals",662,338,89,340,132,202,175,0.510574018126888,0.263313609467456,0.388235294117647,0.866336633663366,29.6,"pitch_level_chase_contact_profile_v1",342,"2026-07-22","2026-07-23 18:38:16 UTC"
"643217","Andrew Benintendi","Chicago White Sox",1165,601,154,613,193,406,325,0.51587982832618,0.256239600665557,0.314845024469821,0.800492610837438,29.5,"pitch_level_chase_contact_profile_v1",343,"2026-07-22","2026-07-23 18:38:16 UTC"
"665862","Jazz Chisholm Jr.","New York Yankees",1566,707,204,824,242,461,361,0.4514687100894,0.288543140028289,0.293689320388349,0.783080260303688,29.5,"pitch_level_chase_contact_profile_v1",344,"2026-07-22","2026-07-23 18:38:16 UTC"
"666969","Adolis García","Philadelphia Phillies",1082,491,154,581,173,318,259,0.453789279112754,0.313645621181263,0.29776247848537,0.814465408805031,29.5,"pitch_level_chase_contact_profile_v1",345,"2026-07-22","2026-07-23 18:38:16 UTC"
"666160","Mickey Moniak","Colorado Rockies",855,496,130,454,190,306,267,0.580116959064327,0.262096774193548,0.418502202643172,0.872549019607843,29.2,"pitch_level_chase_contact_profile_v1",346,"2026-07-22","2026-07-23 18:38:16 UTC"
"701538","Jackson Merrill","San Diego Padres",1678,921,223,919,330,591,500,0.548867699642431,0.242128121606949,0.359085963003264,0.846023688663283,29.2,"pitch_level_chase_contact_profile_v1",347,"2026-07-22","2026-07-23 18:38:16 UTC"
"701675","Nathan Church","St. Louis Cardinals",1037,599,124,540,245,353,300,0.577627772420444,0.207011686143573,0.453703703703704,0.84985835694051,29.2,"pitch_level_chase_contact_profile_v1",348,"2026-07-22","2026-07-23 18:38:16 UTC"
"677594","Julio Rodríguez","Seattle Mariners",1498,781,199,843,333,448,387,0.521361815754339,0.254801536491677,0.395017793594306,0.863839285714286,29,"pitch_level_chase_contact_profile_v1",349,"2026-07-22","2026-07-23 18:38:16 UTC"
"669236","Jeremiah Jackson","Baltimore Orioles",734,436,104,357,140,296,253,0.594005449591281,0.238532110091743,0.392156862745098,0.85472972972973,28.8,"pitch_level_chase_contact_profile_v1",350,"2026-07-22","2026-07-23 18:38:16 UTC"
"687221","Dalton Rushing","Los Angeles Dodgers",850,416,122,453,136,280,224,0.489411764705882,0.293269230769231,0.300220750551876,0.8,28.7,"pitch_level_chase_contact_profile_v1",351,"2026-07-22","2026-07-23 18:38:16 UTC"
"700932","Kyle Manzardo","Cleveland Guardians",1346,628,180,701,218,406,330,0.466567607726597,0.286624203821656,0.310984308131241,0.812807881773399,28.7,"pitch_level_chase_contact_profile_v1",352,"2026-07-22","2026-07-23 18:38:16 UTC"
"682177","Daniel Schneemann","Cleveland Guardians",1099,544,161,560,188,354,301,0.494995450409463,0.295955882352941,0.335714285714286,0.850282485875706,28.5,"pitch_level_chase_contact_profile_v1",353,"2026-07-22","2026-07-23 18:38:16 UTC"
"703607","Henry Bolte","Athletics",775,391,120,404,122,267,217,0.504516129032258,0.30690537084399,0.301980198019802,0.812734082397004,28.4,"pitch_level_chase_contact_profile_v1",354,"2026-07-22","2026-07-23 18:38:16 UTC"
"516782","Starling Marte","Kansas City Royals",509,267,67,252,90,177,149,0.524557956777996,0.250936329588015,0.357142857142857,0.84180790960452,28.2,"pitch_level_chase_contact_profile_v1",355,"2026-07-22","2026-07-23 18:38:16 UTC"
"678882","Ceddanne Rafaela","Boston Red Sox",1465,806,182,756,313,493,420,0.550170648464164,0.225806451612903,0.414021164021164,0.851926977687627,28.2,"pitch_level_chase_contact_profile_v1",356,"2026-07-22","2026-07-23 18:38:16 UTC"
"668227","Randy Arozarena","Seattle Mariners",1633,758,192,879,275,483,378,0.464176362522964,0.253298153034301,0.312855517633675,0.782608695652174,28.1,"pitch_level_chase_contact_profile_v1",357,"2026-07-22","2026-07-23 18:38:16 UTC"
"672724","Oswald Peraza","Los Angeles Angels",1066,590,157,544,202,388,333,0.553470919324578,0.266101694915254,0.371323529411765,0.858247422680412,28.1,"pitch_level_chase_contact_profile_v1",358,"2026-07-22","2026-07-23 18:38:16 UTC"
"686527","Dominic Canzone","Seattle Mariners",1043,490,132,572,191,299,248,0.469798657718121,0.269387755102041,0.333916083916084,0.82943143812709,27.8,"pitch_level_chase_contact_profile_v1",359,"2026-07-22","2026-07-23 18:38:16 UTC"
"681297","Colton Cowser","Baltimore Orioles",1046,465,149,554,162,303,240,0.444550669216061,0.320430107526882,0.292418772563177,0.792079207920792,27.7,"pitch_level_chase_contact_profile_v1",360,"2026-07-22","2026-07-23 18:38:16 UTC"
"646240","Rafael Devers","San Francisco Giants",1760,861,236,893,266,595,453,0.489204545454545,0.274099883855981,0.297872340425532,0.761344537815126,27.5,"pitch_level_chase_contact_profile_v1",361,"2026-07-22","2026-07-23 18:38:16 UTC"
"663586","Austin Riley","Atlanta Braves",1657,788,231,916,295,493,407,0.475558237779119,0.293147208121827,0.322052401746725,0.825557809330629,27.3,"pitch_level_chase_contact_profile_v1",362,"2026-07-22","2026-07-23 18:38:16 UTC"
"668904","Royce Lewis","Minnesota Twins",1101,521,164,595,190,331,275,0.473206176203451,0.314779270633397,0.319327731092437,0.830815709969788,27.1,"pitch_level_chase_contact_profile_v1",363,"2026-07-22","2026-07-23 18:38:16 UTC"
"575929","Willson Contreras","Boston Red Sox",1495,735,214,825,284,451,381,0.491638795986622,0.291156462585034,0.344242424242424,0.844789356984479,26.4,"pitch_level_chase_contact_profile_v1",364,"2026-07-22","2026-07-23 18:38:16 UTC"
"669004","MJ Melendez","New York Mets",615,287,88,336,99,188,145,0.466666666666667,0.306620209059233,0.294642857142857,0.771276595744681,26.3,"pitch_level_chase_contact_profile_v1",365,"2026-07-22","2026-07-23 18:38:16 UTC"
"686611","Dylan Crews","Washington Nationals",758,397,113,395,130,267,220,0.523746701846966,0.28463476070529,0.329113924050633,0.823970037453184,26.1,"pitch_level_chase_contact_profile_v1",366,"2026-07-22","2026-07-23 18:38:16 UTC"
"665926","Andrés Giménez","Toronto Blue Jays",1230,699,160,646,275,424,359,0.568292682926829,0.228898426323319,0.425696594427245,0.846698113207547,25.7,"pitch_level_chase_contact_profile_v1",367,"2026-07-22","2026-07-23 18:38:16 UTC"
"666211","Taylor Trammell","Houston Astros",499,243,85,240,69,174,133,0.486973947895792,0.349794238683128,0.2875,0.764367816091954,25.7,"pitch_level_chase_contact_profile_v1",368,"2026-07-22","2026-07-23 18:38:16 UTC"
"660821","Jesús Sánchez","Toronto Blue Jays",878,483,110,469,186,297,248,0.550113895216401,0.227743271221532,0.396588486140725,0.835016835016835,25.6,"pitch_level_chase_contact_profile_v1",369,"2026-07-22","2026-07-23 18:38:16 UTC"
"621439","Byron Buxton","Minnesota Twins",1253,660,195,670,232,428,362,0.526735833998404,0.295454545454545,0.346268656716418,0.845794392523365,25.4,"pitch_level_chase_contact_profile_v1",370,"2026-07-22","2026-07-23 18:38:16 UTC"
"663330","Jahmai Jones","Boston Red Sox",413,205,68,223,66,139,109,0.49636803874092,0.331707317073171,0.295964125560538,0.784172661870504,25.4,"pitch_level_chase_contact_profile_v1",371,"2026-07-22","2026-07-23 18:38:16 UTC"
"553993","Eugenio Suárez","Cincinnati Reds",1160,548,177,611,191,357,290,0.472413793103448,0.322992700729927,0.312602291325696,0.812324929971989,25,"pitch_level_chase_contact_profile_v1",372,"2026-07-22","2026-07-23 18:38:16 UTC"
"676609","José Caballero","New York Yankees",1259,631,147,653,239,389,319,0.501191421763304,0.232963549920761,0.366003062787136,0.820051413881748,25,"pitch_level_chase_contact_profile_v1",373,"2026-07-22","2026-07-23 18:38:16 UTC"
"691011","Drew Romo","Chicago White Sox",469,231,68,259,87,144,120,0.492537313432836,0.294372294372294,0.335907335907336,0.833333333333333,25,"pitch_level_chase_contact_profile_v1",374,"2026-07-22","2026-07-23 18:38:16 UTC"
"657656","Ramón Laureano","San Diego Padres",847,428,129,452,148,280,231,0.505312868949233,0.301401869158879,0.327433628318584,0.825,24.9,"pitch_level_chase_contact_profile_v1",375,"2026-07-22","2026-07-23 18:38:16 UTC"
"682626","Francisco Alvarez","New York Mets",1008,472,138,542,176,296,241,0.468253968253968,0.292372881355932,0.324723247232472,0.814189189189189,24.8,"pitch_level_chase_contact_profile_v1",376,"2026-07-22","2026-07-23 18:38:16 UTC"
"547180","Bryce Harper","Philadelphia Phillies",1689,866,253,977,336,530,441,0.512729425695678,0.292147806004619,0.343909928352098,0.832075471698113,24.1,"pitch_level_chase_contact_profile_v1",377,"2026-07-22","2026-07-23 18:38:16 UTC"
"677588","José Tena","Washington Nationals",802,395,122,415,131,264,211,0.492518703241895,0.308860759493671,0.31566265060241,0.799242424242424,23.6,"pitch_level_chase_contact_profile_v1",378,"2026-07-22","2026-07-23 18:38:16 UTC"
"683357","Owen Caissie","Miami Marlins",1019,474,161,548,165,309,244,0.465161923454367,0.339662447257384,0.301094890510949,0.789644012944984,23.6,"pitch_level_chase_contact_profile_v1",379,"2026-07-22","2026-07-23 18:38:16 UTC"
"502671","Paul Goldschmidt","New York Yankees",1106,536,130,572,197,338,267,0.484629294755877,0.242537313432836,0.344405594405594,0.789940828402367,23.3,"pitch_level_chase_contact_profile_v1",380,"2026-07-22","2026-07-23 18:38:16 UTC"
"680776","Jarren Duran","Boston Red Sox",1499,736,236,795,272,464,389,0.490993995997332,0.320652173913043,0.342138364779874,0.838362068965517,23,"pitch_level_chase_contact_profile_v1",381,"2026-07-22","2026-07-23 18:38:16 UTC"
"681546","James Outman","Detroit Tigers",625,318,128,330,97,221,160,0.5088,0.40251572327044,0.293939393939394,0.723981900452489,22.6,"pitch_level_chase_contact_profile_v1",382,"2026-07-22","2026-07-23 18:38:16 UTC"
"665966","Carlos Narváez","Boston Red Sox",731,391,114,351,117,274,222,0.534883720930233,0.29156010230179,0.333333333333333,0.81021897810219,22.5,"pitch_level_chase_contact_profile_v1",383,"2026-07-22","2026-07-23 18:38:16 UTC"
"519317","Giancarlo Stanton","New York Yankees",384,173,61,208,63,110,85,0.450520833333333,0.352601156069364,0.302884615384615,0.772727272727273,21.9,"pitch_level_chase_contact_profile_v1",384,"2026-07-22","2026-07-23 18:38:16 UTC"
"691023","Jordan Walker","St. Louis Cardinals",1537,798,227,837,295,503,414,0.519193233571893,0.284461152882206,0.352449223416965,0.823061630218688,21.7,"pitch_level_chase_contact_profile_v1",385,"2026-07-22","2026-07-23 18:38:16 UTC"
"681481","Kerry Carpenter","Detroit Tigers",985,489,132,540,192,297,243,0.496446700507614,0.269938650306748,0.355555555555556,0.818181818181818,21.6,"pitch_level_chase_contact_profile_v1",386,"2026-07-22","2026-07-23 18:38:16 UTC"
"642708","Amed Rosario","New York Yankees",608,325,86,331,129,196,164,0.534539473684211,0.264615384615385,0.389728096676737,0.836734693877551,21.2,"pitch_level_chase_contact_profile_v1",387,"2026-07-22","2026-07-23 18:38:16 UTC"
"682997","Tyler Callihan","Pittsburgh Pirates",389,214,61,195,63,151,116,0.55012853470437,0.285046728971963,0.323076923076923,0.768211920529801,20.7,"pitch_level_chase_contact_profile_v1",388,"2026-07-22","2026-07-23 18:38:16 UTC"
"687263","Zach Neto","Los Angeles Angels",1786,911,278,1003,365,543,456,0.510078387458007,0.305159165751921,0.363908275174477,0.839779005524862,20.5,"pitch_level_chase_contact_profile_v1",389,"2026-07-22","2026-07-23 18:38:16 UTC"
"695506","Jac Caglianone","Kansas City Royals",1360,712,199,753,279,433,359,0.523529411764706,0.279494382022472,0.370517928286853,0.829099307159353,20.3,"pitch_level_chase_contact_profile_v1",390,"2026-07-22","2026-07-23 18:38:16 UTC"
"687515","Colby Thomas","Athletics",409,244,76,220,93,151,130,0.596577017114914,0.311475409836066,0.422727272727273,0.860927152317881,20.1,"pitch_level_chase_contact_profile_v1",391,"2026-07-22","2026-07-23 18:38:16 UTC"
"667670","Brent Rooker","Athletics",727,361,131,390,121,240,185,0.49656121045392,0.362880886426593,0.31025641025641,0.770833333333333,19.7,"pitch_level_chase_contact_profile_v1",392,"2026-07-22","2026-07-23 18:38:16 UTC"
"678662","Ezequiel Tovar","Colorado Rockies",1288,806,206,692,316,490,411,0.625776397515528,0.255583126550869,0.456647398843931,0.838775510204082,19.5,"pitch_level_chase_contact_profile_v1",393,"2026-07-22","2026-07-23 18:38:16 UTC"
"695657","Colson Montgomery","Chicago White Sox",1505,777,265,808,263,513,411,0.516279069767442,0.341055341055341,0.325495049504951,0.801169590643275,19.5,"pitch_level_chase_contact_profile_v1",394,"2026-07-22","2026-07-23 18:38:16 UTC"
"691777","Max Muncy","Athletics",714,361,113,377,130,231,189,0.505602240896359,0.313019390581717,0.344827586206897,0.818181818181818,19.3,"pitch_level_chase_contact_profile_v1",395,"2026-07-22","2026-07-23 18:38:16 UTC"
"650489","Willi Castro","Colorado Rockies",1371,750,204,754,286,464,383,0.547045951859956,0.272,0.379310344827586,0.825431034482759,18.9,"pitch_level_chase_contact_profile_v1",396,"2026-07-22","2026-07-23 18:38:16 UTC"
"664040","Brandon Lowe","Pittsburgh Pirates",1691,857,284,921,310,547,443,0.506800709639267,0.331388564760793,0.336590662323561,0.809872029250457,18.3,"pitch_level_chase_contact_profile_v1",397,"2026-07-22","2026-07-23 18:38:16 UTC"
"669357","Nolan Gorman","St. Louis Cardinals",947,473,176,502,159,314,233,0.499472016895459,0.372093023255814,0.316733067729084,0.74203821656051,17.4,"pitch_level_chase_contact_profile_v1",398,"2026-07-22","2026-07-23 18:38:16 UTC"
"665833","Oneil Cruz","Pittsburgh Pirates",1157,505,180,655,212,293,226,0.43647363872083,0.356435643564356,0.323664122137405,0.771331058020478,16.8,"pitch_level_chase_contact_profile_v1",399,"2026-07-22","2026-07-23 18:38:16 UTC"
"670242","Matt Wallner","Minnesota Twins",562,293,120,291,92,201,144,0.52135231316726,0.409556313993174,0.316151202749141,0.716417910447761,16.8,"pitch_level_chase_contact_profile_v1",400,"2026-07-22","2026-07-23 18:38:16 UTC"
"691781","Brady House","Washington Nationals",661,345,105,349,117,228,176,0.521936459909228,0.304347826086957,0.335243553008596,0.771929824561403,16.7,"pitch_level_chase_contact_profile_v1",401,"2026-07-22","2026-07-23 18:38:16 UTC"
"553869","Elias Díaz","Texas Rangers",390,224,57,209,86,138,112,0.574358974358974,0.254464285714286,0.411483253588517,0.811594202898551,16.5,"pitch_level_chase_contact_profile_v1",402,"2026-07-22","2026-07-23 18:38:16 UTC"
"804606","Konnor Griffin","Pittsburgh Pirates",957,496,148,523,203,293,243,0.51828631138976,0.298387096774194,0.388145315487572,0.829351535836177,16.4,"pitch_level_chase_contact_profile_v1",403,"2026-07-22","2026-07-23 18:38:16 UTC"
"669065","Kyle Stowers","Miami Marlins",1243,654,221,664,220,434,338,0.52614641995173,0.337920489296636,0.331325301204819,0.778801843317972,16.3,"pitch_level_chase_contact_profile_v1",404,"2026-07-22","2026-07-23 18:38:16 UTC"
"701305","Zach Dezenzo","Houston Astros",300,137,46,151,49,88,65,0.456666666666667,0.335766423357664,0.324503311258278,0.738636363636364,15.9,"pitch_level_chase_contact_profile_v1",405,"2026-07-22","2026-07-23 18:38:16 UTC"
"622761","Jorge Mateo","Atlanta Braves",524,285,81,279,116,169,140,0.543893129770992,0.284210526315789,0.415770609318996,0.828402366863905,15.5,"pitch_level_chase_contact_profile_v1",406,"2026-07-22","2026-07-23 18:38:16 UTC"
"666139","Josh Lowe","Los Angeles Angels",812,472,123,415,168,304,244,0.58128078817734,0.260593220338983,0.404819277108434,0.802631578947368,15.3,"pitch_level_chase_contact_profile_v1",407,"2026-07-22","2026-07-23 18:38:16 UTC"
"699625","Jimmy Crooks","St. Louis Cardinals",309,144,49,168,57,87,69,0.466019417475728,0.340277777777778,0.339285714285714,0.793103448275862,15.3,"pitch_level_chase_contact_profile_v1",408,"2026-07-22","2026-07-23 18:38:16 UTC"
"687597","Jordan Beck","Colorado Rockies",339,184,52,188,77,107,88,0.542772861356932,0.282608695652174,0.409574468085106,0.822429906542056,15.1,"pitch_level_chase_contact_profile_v1",409,"2026-07-22","2026-07-23 18:38:16 UTC"
"663728","Cal Raleigh","Seattle Mariners",1344,696,198,770,284,412,327,0.517857142857143,0.28448275862069,0.368831168831169,0.793689320388349,14.8,"pitch_level_chase_contact_profile_v1",410,"2026-07-22","2026-07-23 18:38:16 UTC"
"656537","Derek Hill","Philadelphia Phillies",636,321,106,341,115,206,160,0.504716981132076,0.330218068535826,0.337243401759531,0.776699029126214,14.6,"pitch_level_chase_contact_profile_v1",411,"2026-07-22","2026-07-23 18:38:16 UTC"
"668901","Mark Vientos","New York Mets",913,498,152,481,176,322,259,0.545454545454545,0.305220883534137,0.365904365904366,0.804347826086957,14.6,"pitch_level_chase_contact_profile_v1",412,"2026-07-22","2026-07-23 18:38:16 UTC"
"669394","Jake Burger","Texas Rangers",1447,731,237,792,292,439,358,0.505183137525916,0.32421340629275,0.368686868686869,0.815489749430524,14.5,"pitch_level_chase_contact_profile_v1",413,"2026-07-22","2026-07-23 18:38:16 UTC"
"664056","Harrison Bader","San Francisco Giants",421,225,67,217,84,141,115,0.534441805225653,0.297777777777778,0.387096774193548,0.815602836879433,14.4,"pitch_level_chase_contact_profile_v1",414,"2026-07-22","2026-07-23 18:38:16 UTC"
"694212","Samuel Basallo","Baltimore Orioles",1144,611,178,646,260,351,288,0.534090909090909,0.291325695581015,0.402476780185758,0.82051282051282,14.4,"pitch_level_chase_contact_profile_v1",415,"2026-07-22","2026-07-23 18:38:16 UTC"
"687282","Gabriel Rincones Jr.","Philadelphia Phillies",309,180,50,156,72,108,89,0.58252427184466,0.277777777777778,0.461538461538462,0.824074074074074,14.1,"pitch_level_chase_contact_profile_v1",416,"2026-07-22","2026-07-23 18:38:16 UTC"
"695336","Thomas Saggese","St. Louis Cardinals",326,176,51,176,65,111,88,0.539877300613497,0.289772727272727,0.369318181818182,0.792792792792793,13.7,"pitch_level_chase_contact_profile_v1",417,"2026-07-22","2026-07-23 18:38:16 UTC"
"596115","Trevor Story","Boston Red Sox",655,363,103,361,159,204,165,0.554198473282443,0.283746556473829,0.440443213296399,0.808823529411765,12,"pitch_level_chase_contact_profile_v1",418,"2026-07-22","2026-07-23 18:38:16 UTC"
"656484","Tristan Gray","Minnesota Twins",703,396,118,364,144,252,203,0.563300142247511,0.297979797979798,0.395604395604396,0.805555555555556,12,"pitch_level_chase_contact_profile_v1",419,"2026-07-22","2026-07-23 18:38:16 UTC"
"670042","Luke Raley","Seattle Mariners",1059,574,220,560,191,383,284,0.542020774315392,0.383275261324042,0.341071428571429,0.741514360313316,11.5,"pitch_level_chase_contact_profile_v1",420,"2026-07-22","2026-07-23 18:38:16 UTC"
"696135","Kahlil Watson","Cleveland Guardians",339,183,59,174,62,121,93,0.539823008849557,0.322404371584699,0.35632183908046,0.768595041322314,10.9,"pitch_level_chase_contact_profile_v1",421,"2026-07-22","2026-07-23 18:38:16 UTC"
"682987","Spencer Jones","New York Yankees",380,201,82,208,72,127,88,0.528947368421053,0.407960199004975,0.346153846153846,0.692913385826772,10.1,"pitch_level_chase_contact_profile_v1",422,"2026-07-22","2026-07-23 18:38:16 UTC"
"665052","Griffin Conine","Miami Marlins",424,215,81,236,85,130,101,0.507075471698113,0.376744186046512,0.360169491525424,0.776923076923077,9.6,"pitch_level_chase_contact_profile_v1",423,"2026-07-22","2026-07-23 18:38:16 UTC"
"806068","Colt Emerson","Seattle Mariners",741,385,117,395,152,233,181,0.519568151147099,0.303896103896104,0.384810126582278,0.776824034334764,9.4,"pitch_level_chase_contact_profile_v1",424,"2026-07-22","2026-07-23 18:38:16 UTC"
"606992","Eric Haase","San Francisco Giants",318,155,54,172,62,93,71,0.487421383647799,0.348387096774194,0.36046511627907,0.763440860215054,8.6,"pitch_level_chase_contact_profile_v1",425,"2026-07-22","2026-07-23 18:38:16 UTC"
"696100","Hunter Goodman","Colorado Rockies",1493,806,267,853,342,464,368,0.539852645679839,0.331265508684864,0.400937866354045,0.793103448275862,7.9,"pitch_level_chase_contact_profile_v1",426,"2026-07-22","2026-07-23 18:38:16 UTC"
"592206","Nick Castellanos","San Diego Padres",477,272,87,264,106,166,130,0.570230607966457,0.319852941176471,0.401515151515151,0.783132530120482,7.5,"pitch_level_chase_contact_profile_v1",427,"2026-07-22","2026-07-23 18:38:16 UTC"
"672356","Gabriel Arias","Cleveland Guardians",420,214,95,221,79,135,94,0.509523809523809,0.44392523364486,0.357466063348416,0.696296296296296,7.5,"pitch_level_chase_contact_profile_v1",428,"2026-07-22","2026-07-23 18:38:16 UTC"
"642350","Jose Siri","Los Angeles Angels",393,218,73,209,93,122,95,0.55470737913486,0.334862385321101,0.444976076555024,0.778688524590164,4.4,"pitch_level_chase_contact_profile_v1",429,"2026-07-22","2026-07-23 18:38:16 UTC"
