"date","plate_appearances","starter_plate_appearances","starter_pa_share","bullpen_pa_share","rolling_days","trend_method","source_through","generated_at_utc"
2026-03-26,776,411,0.529639175257732,0.470360824742268,14,"calendar_day_rolling_starter_bullpen_workload_v1","2026-07-25","2026-07-26 23:57:00 UTC"
2026-03-27,1199,660,0.55045871559633,0.44954128440367,14,"calendar_day_rolling_starter_bullpen_workload_v1","2026-07-25","2026-07-26 23:57:00 UTC"
2026-03-28,2449,1334,0.544712127398938,0.455287872601062,14,"calendar_day_rolling_starter_bullpen_workload_v1","2026-07-25","2026-07-26 23:57:00 UTC"
2026-03-29,3585,1963,0.547559274755927,0.452440725244073,14,"calendar_day_rolling_starter_bullpen_workload_v1","2026-07-25","2026-07-26 23:57:00 UTC"
2026-03-30,4338,2395,0.552097740894421,0.447902259105579,14,"calendar_day_rolling_starter_bullpen_workload_v1","2026-07-25","2026-07-26 23:57:00 UTC"
2026-03-31,5357,2934,0.547694605189472,0.452305394810528,14,"calendar_day_rolling_starter_bullpen_workload_v1","2026-07-25","2026-07-26 23:57:00 UTC"
2026-04-01,6775,3784,0.558523985239852,0.441476014760148,14,"calendar_day_rolling_starter_bullpen_workload_v1","2026-07-25","2026-07-26 23:57:00 UTC"
2026-04-02,6914,3874,0.560312409603703,0.439687590396297,14,"calendar_day_rolling_starter_bullpen_workload_v1","2026-07-25","2026-07-26 23:57:00 UTC"
2026-04-03,7824,4376,0.559304703476483,0.440695296523517,14,"calendar_day_rolling_starter_bullpen_workload_v1","2026-07-25","2026-07-26 23:57:00 UTC"
2026-04-04,9052,5029,0.555567830313743,0.444432169686257,14,"calendar_day_rolling_starter_bullpen_workload_v1","2026-07-25","2026-07-26 23:57:00 UTC"
2026-04-05,10519,5805,0.551858541686472,0.448141458313528,14,"calendar_day_rolling_starter_bullpen_workload_v1","2026-07-25","2026-07-26 23:57:00 UTC"
2026-04-06,11211,6178,0.551065917402551,0.448934082597449,14,"calendar_day_rolling_starter_bullpen_workload_v1","2026-07-25","2026-07-26 23:57:00 UTC"
2026-04-07,12352,6861,0.555456606217617,0.444543393782383,14,"calendar_day_rolling_starter_bullpen_workload_v1","2026-07-25","2026-07-26 23:57:00 UTC"
2026-04-08,13770,7689,0.55838779956427,0.44161220043573,14,"calendar_day_rolling_starter_bullpen_workload_v1","2026-07-25","2026-07-26 23:57:00 UTC"
2026-04-09,13357,7526,0.563449876469267,0.436550123530733,14,"calendar_day_rolling_starter_bullpen_workload_v1","2026-07-25","2026-07-26 23:57:00 UTC"
2026-04-10,13834,7786,0.562816249819286,0.437183750180714,14,"calendar_day_rolling_starter_bullpen_workload_v1","2026-07-25","2026-07-26 23:57:00 UTC"
2026-04-11,13806,7810,0.56569607417065,0.43430392582935,14,"calendar_day_rolling_starter_bullpen_workload_v1","2026-07-25","2026-07-26 23:57:00 UTC"
2026-04-12,14041,7923,0.564276048714479,0.435723951285521,14,"calendar_day_rolling_starter_bullpen_workload_v1","2026-07-25","2026-07-26 23:57:00 UTC"
2026-04-13,13949,7839,0.561975768872321,0.438024231127679,14,"calendar_day_rolling_starter_bullpen_workload_v1","2026-07-25","2026-07-26 23:57:00 UTC"
2026-04-14,13904,7858,0.565161104718067,0.434838895281933,14,"calendar_day_rolling_starter_bullpen_workload_v1","2026-07-25","2026-07-26 23:57:00 UTC"
2026-04-15,13580,7683,0.565758468335788,0.434241531664212,14,"calendar_day_rolling_starter_bullpen_workload_v1","2026-07-25","2026-07-26 23:57:00 UTC"
2026-04-16,14369,8109,0.564339898392372,0.435660101607628,14,"calendar_day_rolling_starter_bullpen_workload_v1","2026-07-25","2026-07-26 23:57:00 UTC"
2026-04-17,14232,8054,0.565907813378302,0.434092186621698,14,"calendar_day_rolling_starter_bullpen_workload_v1","2026-07-25","2026-07-26 23:57:00 UTC"
2026-04-18,14525,8261,0.568743545611015,0.431256454388985,14,"calendar_day_rolling_starter_bullpen_workload_v1","2026-07-25","2026-07-26 23:57:00 UTC"
2026-04-19,14417,8257,0.572726642158563,0.427273357841437,14,"calendar_day_rolling_starter_bullpen_workload_v1","2026-07-25","2026-07-26 23:57:00 UTC"
2026-04-20,14288,8210,0.574608062709966,0.425391937290034,14,"calendar_day_rolling_starter_bullpen_workload_v1","2026-07-25","2026-07-26 23:57:00 UTC"
2026-04-21,14109,8069,0.571904458147282,0.428095541852718,14,"calendar_day_rolling_starter_bullpen_workload_v1","2026-07-25","2026-07-26 23:57:00 UTC"
2026-04-22,13942,7971,0.571725720843494,0.428274279156506,14,"calendar_day_rolling_starter_bullpen_workload_v1","2026-07-25","2026-07-26 23:57:00 UTC"
2026-04-23,14504,8280,0.570876999448428,0.429123000551572,14,"calendar_day_rolling_starter_bullpen_workload_v1","2026-07-25","2026-07-26 23:57:00 UTC"
2026-04-24,14367,8215,0.571796478039953,0.428203521960047,14,"calendar_day_rolling_starter_bullpen_workload_v1","2026-07-25","2026-07-26 23:57:00 UTC"
2026-04-25,14649,8363,0.570892211072428,0.429107788927572,14,"calendar_day_rolling_starter_bullpen_workload_v1","2026-07-25","2026-07-26 23:57:00 UTC"
2026-04-26,14456,8315,0.575193691200885,0.424806308799115,14,"calendar_day_rolling_starter_bullpen_workload_v1","2026-07-25","2026-07-26 23:57:00 UTC"
2026-04-27,14163,8185,0.577914283696957,0.422085716303043,14,"calendar_day_rolling_starter_bullpen_workload_v1","2026-07-25","2026-07-26 23:57:00 UTC"
2026-04-28,14231,8238,0.578877099290282,0.421122900709718,14,"calendar_day_rolling_starter_bullpen_workload_v1","2026-07-25","2026-07-26 23:57:00 UTC"
2026-04-29,14362,8292,0.577356914078819,0.422643085921181,14,"calendar_day_rolling_starter_bullpen_workload_v1","2026-07-25","2026-07-26 23:57:00 UTC"
2026-04-30,14373,8303,0.57768037292145,0.42231962707855,14,"calendar_day_rolling_starter_bullpen_workload_v1","2026-07-25","2026-07-26 23:57:00 UTC"
2026-05-01,14191,8203,0.578042421252907,0.421957578747093,14,"calendar_day_rolling_starter_bullpen_workload_v1","2026-07-25","2026-07-26 23:57:00 UTC"
2026-05-02,14049,8146,0.579827745747028,0.420172254252972,14,"calendar_day_rolling_starter_bullpen_workload_v1","2026-07-25","2026-07-26 23:57:00 UTC"
2026-05-03,14108,8177,0.579600226821661,0.420399773178339,14,"calendar_day_rolling_starter_bullpen_workload_v1","2026-07-25","2026-07-26 23:57:00 UTC"
2026-05-04,14129,8178,0.578809540661052,0.421190459338948,14,"calendar_day_rolling_starter_bullpen_workload_v1","2026-07-25","2026-07-26 23:57:00 UTC"
2026-05-05,14081,8182,0.581066685604716,0.418933314395284,14,"calendar_day_rolling_starter_bullpen_workload_v1","2026-07-25","2026-07-26 23:57:00 UTC"
2026-05-06,14134,8212,0.581010329701429,0.418989670298571,14,"calendar_day_rolling_starter_bullpen_workload_v1","2026-07-25","2026-07-26 23:57:00 UTC"
2026-05-07,14059,8125,0.57792161604666,0.42207838395334,14,"calendar_day_rolling_starter_bullpen_workload_v1","2026-07-25","2026-07-26 23:57:00 UTC"
2026-05-08,14110,8191,0.580510276399717,0.419489723600283,14,"calendar_day_rolling_starter_bullpen_workload_v1","2026-07-25","2026-07-26 23:57:00 UTC"
2026-05-09,13856,8069,0.582346997690531,0.417653002309469,14,"calendar_day_rolling_starter_bullpen_workload_v1","2026-07-25","2026-07-26 23:57:00 UTC"
2026-05-10,13942,8067,0.57861139004447,0.42138860995553,14,"calendar_day_rolling_starter_bullpen_workload_v1","2026-07-25","2026-07-26 23:57:00 UTC"
2026-05-11,13795,7973,0.577963030083364,0.422036969916636,14,"calendar_day_rolling_starter_bullpen_workload_v1","2026-07-25","2026-07-26 23:57:00 UTC"
2026-05-12,13799,7935,0.575041669686209,0.424958330313791,14,"calendar_day_rolling_starter_bullpen_workload_v1","2026-07-25","2026-07-26 23:57:00 UTC"
2026-05-13,13698,7883,0.575485472331727,0.424514527668273,14,"calendar_day_rolling_starter_bullpen_workload_v1","2026-07-25","2026-07-26 23:57:00 UTC"
2026-05-14,13822,7958,0.575748806250904,0.424251193749096,14,"calendar_day_rolling_starter_bullpen_workload_v1","2026-07-25","2026-07-26 23:57:00 UTC"
2026-05-15,13993,8041,0.574644465089688,0.425355534910312,14,"calendar_day_rolling_starter_bullpen_workload_v1","2026-07-25","2026-07-26 23:57:00 UTC"
2026-05-16,14034,8093,0.576670941998005,0.423329058001995,14,"calendar_day_rolling_starter_bullpen_workload_v1","2026-07-25","2026-07-26 23:57:00 UTC"
2026-05-17,13942,8074,0.579113470090374,0.420886529909626,14,"calendar_day_rolling_starter_bullpen_workload_v1","2026-07-25","2026-07-26 23:57:00 UTC"
2026-05-18,14086,8140,0.577878744853046,0.422121255146954,14,"calendar_day_rolling_starter_bullpen_workload_v1","2026-07-25","2026-07-26 23:57:00 UTC"
2026-05-19,14280,8258,0.578291316526611,0.421708683473389,14,"calendar_day_rolling_starter_bullpen_workload_v1","2026-07-25","2026-07-26 23:57:00 UTC"
2026-05-20,14315,8278,0.578274537198743,0.421725462801257,14,"calendar_day_rolling_starter_bullpen_workload_v1","2026-07-25","2026-07-26 23:57:00 UTC"
2026-05-21,13980,8117,0.580615164520744,0.419384835479256,14,"calendar_day_rolling_starter_bullpen_workload_v1","2026-07-25","2026-07-26 23:57:00 UTC"
2026-05-22,14055,8108,0.576876556385628,0.423123443614372,14,"calendar_day_rolling_starter_bullpen_workload_v1","2026-07-25","2026-07-26 23:57:00 UTC"
2026-05-23,13918,8037,0.577453657134646,0.422546342865354,14,"calendar_day_rolling_starter_bullpen_workload_v1","2026-07-25","2026-07-26 23:57:00 UTC"
2026-05-24,13987,8141,0.582040466147137,0.417959533852863,14,"calendar_day_rolling_starter_bullpen_workload_v1","2026-07-25","2026-07-26 23:57:00 UTC"
2026-05-25,14600,8516,0.583287671232877,0.416712328767123,14,"calendar_day_rolling_starter_bullpen_workload_v1","2026-07-25","2026-07-26 23:57:00 UTC"
2026-05-26,14490,8471,0.584610075914424,0.415389924085576,14,"calendar_day_rolling_starter_bullpen_workload_v1","2026-07-25","2026-07-26 23:57:00 UTC"
2026-05-27,14699,8567,0.582828763861487,0.417171236138513,14,"calendar_day_rolling_starter_bullpen_workload_v1","2026-07-25","2026-07-26 23:57:00 UTC"
2026-05-28,14154,8275,0.584640384343648,0.415359615656352,14,"calendar_day_rolling_starter_bullpen_workload_v1","2026-07-25","2026-07-26 23:57:00 UTC"
2026-05-29,14159,8234,0.581538244226287,0.418461755773713,14,"calendar_day_rolling_starter_bullpen_workload_v1","2026-07-25","2026-07-26 23:57:00 UTC"
2026-05-30,14066,8123,0.577491824257074,0.422508175742926,14,"calendar_day_rolling_starter_bullpen_workload_v1","2026-07-25","2026-07-26 23:57:00 UTC"
2026-05-31,14178,8156,0.575257441105939,0.424742558894061,14,"calendar_day_rolling_starter_bullpen_workload_v1","2026-07-25","2026-07-26 23:57:00 UTC"
2026-06-01,13930,8010,0.575017946877243,0.424982053122757,14,"calendar_day_rolling_starter_bullpen_workload_v1","2026-07-25","2026-07-26 23:57:00 UTC"
2026-06-02,13789,7901,0.572992965407209,0.427007034592791,14,"calendar_day_rolling_starter_bullpen_workload_v1","2026-07-25","2026-07-26 23:57:00 UTC"
2026-06-03,13659,7851,0.574785855479903,0.425214144520097,14,"calendar_day_rolling_starter_bullpen_workload_v1","2026-07-25","2026-07-26 23:57:00 UTC"
2026-06-04,13941,7957,0.570762499103364,0.429237500896636,14,"calendar_day_rolling_starter_bullpen_workload_v1","2026-07-25","2026-07-26 23:57:00 UTC"
2026-06-05,13809,7913,0.573032080527192,0.426967919472808,14,"calendar_day_rolling_starter_bullpen_workload_v1","2026-07-25","2026-07-26 23:57:00 UTC"
2026-06-06,14110,8065,0.571580439404678,0.428419560595322,14,"calendar_day_rolling_starter_bullpen_workload_v1","2026-07-25","2026-07-26 23:57:00 UTC"
2026-06-07,14049,7959,0.566517189835576,0.433482810164424,14,"calendar_day_rolling_starter_bullpen_workload_v1","2026-07-25","2026-07-26 23:57:00 UTC"
2026-06-08,13600,7652,0.562647058823529,0.437352941176471,14,"calendar_day_rolling_starter_bullpen_workload_v1","2026-07-25","2026-07-26 23:57:00 UTC"
2026-06-09,13802,7748,0.561367917693088,0.438632082306912,14,"calendar_day_rolling_starter_bullpen_workload_v1","2026-07-25","2026-07-26 23:57:00 UTC"
2026-06-10,13837,7740,0.559369805593698,0.440630194406302,14,"calendar_day_rolling_starter_bullpen_workload_v1","2026-07-25","2026-07-26 23:57:00 UTC"
2026-06-11,14050,7870,0.560142348754448,0.439857651245552,14,"calendar_day_rolling_starter_bullpen_workload_v1","2026-07-25","2026-07-26 23:57:00 UTC"
2026-06-12,14016,7902,0.563784246575342,0.436215753424658,14,"calendar_day_rolling_starter_bullpen_workload_v1","2026-07-25","2026-07-26 23:57:00 UTC"
2026-06-13,13981,7874,0.563192904656319,0.436807095343681,14,"calendar_day_rolling_starter_bullpen_workload_v1","2026-07-25","2026-07-26 23:57:00 UTC"
2026-06-14,13764,7709,0.560084277826213,0.439915722173787,14,"calendar_day_rolling_starter_bullpen_workload_v1","2026-07-25","2026-07-26 23:57:00 UTC"
2026-06-15,14020,7889,0.562696148359486,0.437303851640514,14,"calendar_day_rolling_starter_bullpen_workload_v1","2026-07-25","2026-07-26 23:57:00 UTC"
2026-06-16,14156,8003,0.565343317321277,0.434656682678723,14,"calendar_day_rolling_starter_bullpen_workload_v1","2026-07-25","2026-07-26 23:57:00 UTC"
2026-06-17,14022,7873,0.561474825274568,0.438525174725432,14,"calendar_day_rolling_starter_bullpen_workload_v1","2026-07-25","2026-07-26 23:57:00 UTC"
2026-06-18,13832,7816,0.565066512434933,0.434933487565067,14,"calendar_day_rolling_starter_bullpen_workload_v1","2026-07-25","2026-07-26 23:57:00 UTC"
2026-06-19,14123,7941,0.562274304326276,0.437725695673724,14,"calendar_day_rolling_starter_bullpen_workload_v1","2026-07-25","2026-07-26 23:57:00 UTC"
2026-06-20,13783,7758,0.562867300297468,0.437132699702532,14,"calendar_day_rolling_starter_bullpen_workload_v1","2026-07-25","2026-07-26 23:57:00 UTC"
2026-06-21,13552,7664,0.565525383707202,0.434474616292798,14,"calendar_day_rolling_starter_bullpen_workload_v1","2026-07-25","2026-07-26 23:57:00 UTC"
2026-06-22,14102,8035,0.569777336548007,0.430222663451993,14,"calendar_day_rolling_starter_bullpen_workload_v1","2026-07-25","2026-07-26 23:57:00 UTC"
2026-06-23,14129,8055,0.570104041333428,0.429895958666572,14,"calendar_day_rolling_starter_bullpen_workload_v1","2026-07-25","2026-07-26 23:57:00 UTC"
2026-06-24,13921,7926,0.569355649737806,0.430644350262194,14,"calendar_day_rolling_starter_bullpen_workload_v1","2026-07-25","2026-07-26 23:57:00 UTC"
2026-06-25,13794,7842,0.568508046976946,0.431491953023054,14,"calendar_day_rolling_starter_bullpen_workload_v1","2026-07-25","2026-07-26 23:57:00 UTC"
2026-06-26,14166,8089,0.571015106593251,0.428984893406749,14,"calendar_day_rolling_starter_bullpen_workload_v1","2026-07-25","2026-07-26 23:57:00 UTC"
2026-06-27,14001,8008,0.571959145775302,0.428040854224698,14,"calendar_day_rolling_starter_bullpen_workload_v1","2026-07-25","2026-07-26 23:57:00 UTC"
2026-06-28,13916,8011,0.575668295487209,0.424331704512791,14,"calendar_day_rolling_starter_bullpen_workload_v1","2026-07-25","2026-07-26 23:57:00 UTC"
2026-06-29,14158,8190,0.578471535527617,0.421528464472383,14,"calendar_day_rolling_starter_bullpen_workload_v1","2026-07-25","2026-07-26 23:57:00 UTC"
2026-06-30,14196,8215,0.578684136376444,0.421315863623556,14,"calendar_day_rolling_starter_bullpen_workload_v1","2026-07-25","2026-07-26 23:57:00 UTC"
2026-07-01,14191,8182,0.576562610104996,0.423437389895004,14,"calendar_day_rolling_starter_bullpen_workload_v1","2026-07-25","2026-07-26 23:57:00 UTC"
2026-07-02,14292,8180,0.572348166806605,0.427651833193395,14,"calendar_day_rolling_starter_bullpen_workload_v1","2026-07-25","2026-07-26 23:57:00 UTC"
2026-07-03,14237,8160,0.573154456697338,0.426845543302662,14,"calendar_day_rolling_starter_bullpen_workload_v1","2026-07-25","2026-07-26 23:57:00 UTC"
2026-07-04,14299,8183,0.572277781663053,0.427722218336947,14,"calendar_day_rolling_starter_bullpen_workload_v1","2026-07-25","2026-07-26 23:57:00 UTC"
2026-07-05,14386,8215,0.571041290143195,0.428958709856805,14,"calendar_day_rolling_starter_bullpen_workload_v1","2026-07-25","2026-07-26 23:57:00 UTC"
2026-07-06,14090,8032,0.570049680624556,0.429950319375444,14,"calendar_day_rolling_starter_bullpen_workload_v1","2026-07-25","2026-07-26 23:57:00 UTC"
2026-07-07,14161,8090,0.571287338464798,0.428712661535202,14,"calendar_day_rolling_starter_bullpen_workload_v1","2026-07-25","2026-07-26 23:57:00 UTC"
2026-07-08,14110,8102,0.574202693125443,0.425797306874557,14,"calendar_day_rolling_starter_bullpen_workload_v1","2026-07-25","2026-07-26 23:57:00 UTC"
2026-07-09,14473,8300,0.573481655496442,0.426518344503558,14,"calendar_day_rolling_starter_bullpen_workload_v1","2026-07-25","2026-07-26 23:57:00 UTC"
2026-07-10,14472,8258,0.570619126589276,0.429380873410724,14,"calendar_day_rolling_starter_bullpen_workload_v1","2026-07-25","2026-07-26 23:57:00 UTC"
2026-07-11,14437,8280,0.573526355891113,0.426473644108887,14,"calendar_day_rolling_starter_bullpen_workload_v1","2026-07-25","2026-07-26 23:57:00 UTC"
2026-07-12,14420,8204,0.568932038834951,0.431067961165049,14,"calendar_day_rolling_starter_bullpen_workload_v1","2026-07-25","2026-07-26 23:57:00 UTC"
2026-07-14,12370,6916,0.55909458367017,0.44090541632983,14,"calendar_day_rolling_starter_bullpen_workload_v1","2026-07-25","2026-07-26 23:57:00 UTC"
2026-07-16,10661,6039,0.566457180377075,0.433542819622925,14,"calendar_day_rolling_starter_bullpen_workload_v1","2026-07-25","2026-07-26 23:57:00 UTC"
2026-07-17,10809,6131,0.567212508095106,0.432787491904894,14,"calendar_day_rolling_starter_bullpen_workload_v1","2026-07-25","2026-07-26 23:57:00 UTC"
2026-07-18,10812,6142,0.568072512023677,0.431927487976323,14,"calendar_day_rolling_starter_bullpen_workload_v1","2026-07-25","2026-07-26 23:57:00 UTC"
2026-07-19,10836,6156,0.568106312292359,0.431893687707641,14,"calendar_day_rolling_starter_bullpen_workload_v1","2026-07-25","2026-07-26 23:57:00 UTC"
2026-07-20,11328,6437,0.568237994350282,0.431762005649718,14,"calendar_day_rolling_starter_bullpen_workload_v1","2026-07-25","2026-07-26 23:57:00 UTC"
2026-07-21,11076,6285,0.567443120260022,0.432556879739978,14,"calendar_day_rolling_starter_bullpen_workload_v1","2026-07-25","2026-07-26 23:57:00 UTC"
2026-07-22,11228,6358,0.566262914143213,0.433737085856787,14,"calendar_day_rolling_starter_bullpen_workload_v1","2026-07-25","2026-07-26 23:57:00 UTC"
2026-07-23,10646,6010,0.564531279353748,0.435468720646252,14,"calendar_day_rolling_starter_bullpen_workload_v1","2026-07-25","2026-07-26 23:57:00 UTC"
2026-07-24,10681,6016,0.5632431420279,0.4367568579721,14,"calendar_day_rolling_starter_bullpen_workload_v1","2026-07-25","2026-07-26 23:57:00 UTC"
2026-07-25,10673,6040,0.565913988569287,0.434086011430713,14,"calendar_day_rolling_starter_bullpen_workload_v1","2026-07-25","2026-07-26 23:57:00 UTC"
