"team","league","position","player_count","top_player","top_player_war","war","mlb_rank","teams_ranked","percentile","status","position_label","evidence","positional_war_method","source_acquired_at_utc"
"ARI","NL","2B",2,"Ketel Marte",1.8104,2.6564,6,30,82.8,"strength","Second base","2.7 WAR | MLB rank 6 of 30 | led by Ketel Marte","primary_position_fangraphs_war_v1","2026-07-30 17:13:30 UTC"
"ARI","NL","C",4,"Gabriel Moreno",3.1043,2.5924,7,30,79.3,"strength","Catcher","2.6 WAR | MLB rank 7 of 30 | led by Gabriel Moreno","primary_position_fangraphs_war_v1","2026-07-30 17:13:30 UTC"
"ARI","NL","SS",2,"Geraldo Perdomo",2.3975,2.8944,7,28,77.8,"strength","Shortstop","2.9 WAR | MLB rank 7 of 28 | led by Geraldo Perdomo","primary_position_fangraphs_war_v1","2026-07-30 17:13:30 UTC"
"ARI","NL","3B",1,"Nolan Arenado",1.8672,1.8672,10,29,67.9,"strength","Third base","1.9 WAR | MLB rank 10 of 29 | led by Nolan Arenado","primary_position_fangraphs_war_v1","2026-07-30 17:13:30 UTC"
"ARI","NL","RP",18,"Juan Morillo",1.191,3.7601,10,30,69,"strength","Relief pitching","3.8 WAR | MLB rank 10 of 30 | led by Juan Morillo","primary_position_fangraphs_war_v1","2026-07-30 17:13:30 UTC"
"ARI","NL","OF",8,"Corbin Carroll",3.4835,3.3495,16,30,48.3,"middle","Outfield","3.3 WAR | MLB rank 16 of 30 | led by Corbin Carroll","primary_position_fangraphs_war_v1","2026-07-30 17:13:30 UTC"
"ARI","NL","SP",8,"Michael Soroka",2.1462,2.9435,27,30,10.3,"need","Starting pitching","2.9 WAR | MLB rank 27 of 30 | led by Michael Soroka","primary_position_fangraphs_war_v1","2026-07-30 17:13:30 UTC"
"ARI","NL","1B",6,"Luken Baker",-0.0541,-1.7759,30,30,0,"need","First base","-1.8 WAR | MLB rank 30 of 30 | led by Luken Baker","primary_position_fangraphs_war_v1","2026-07-30 17:13:30 UTC"
"ATH","AL","1B",4,"Nick Kurtz",2.9437,4.2327,5,30,86.2,"strength","First base","4.2 WAR | MLB rank 5 of 30 | led by Nick Kurtz","primary_position_fangraphs_war_v1","2026-07-30 17:13:30 UTC"
"ATH","AL","C",2,"Shea Langeliers",2.847,3.004,5,30,86.2,"strength","Catcher","3 WAR | MLB rank 5 of 30 | led by Shea Langeliers","primary_position_fangraphs_war_v1","2026-07-30 17:13:30 UTC"
"ATH","AL","2B",4,"Zack Gelof",1.7314,1.9965,14,30,55.2,"middle","Second base","2 WAR | MLB rank 14 of 30 | led by Zack Gelof","primary_position_fangraphs_war_v1","2026-07-30 17:13:30 UTC"
"ATH","AL","DH",1,"Brent Rooker",-0.1293,-0.1293,14,20,31.6,"need","Designated hitter","-0.1 WAR | MLB rank 14 of 20 | led by Brent Rooker","primary_position_fangraphs_war_v1","2026-07-30 17:13:30 UTC"
"ATH","AL","SS",1,"Jacob Wilson",1.6092,1.6092,16,28,44.4,"middle","Shortstop","1.6 WAR | MLB rank 16 of 28 | led by Jacob Wilson","primary_position_fangraphs_war_v1","2026-07-30 17:13:30 UTC"
"ATH","AL","3B",3,"Joshua Kuroda-Grauer",0.9325,1.1217,17,29,42.9,"middle","Third base","1.1 WAR | MLB rank 17 of 29 | led by Joshua Kuroda-Grauer","primary_position_fangraphs_war_v1","2026-07-30 17:13:30 UTC"
"ATH","AL","RP",15,"Mark Leiter Jr.",0.5753,-0.7288,27,30,10.3,"need","Relief pitching","-0.7 WAR | MLB rank 27 of 30 | led by Mark Leiter Jr.","primary_position_fangraphs_war_v1","2026-07-30 17:13:30 UTC"
"ATH","AL","OF",5,"Henry Bolte",0.5865,-0.7859,30,30,0,"need","Outfield","-0.8 WAR | MLB rank 30 of 30 | led by Henry Bolte","primary_position_fangraphs_war_v1","2026-07-30 17:13:30 UTC"
"ATH","AL","SP",7,"J.T. Ginn",1.1816,1.9631,30,30,0,"need","Starting pitching","2 WAR | MLB rank 30 of 30 | led by J.T. Ginn","primary_position_fangraphs_war_v1","2026-07-30 17:13:30 UTC"
"ATL","NL","OF",7,"Michael Harris II",2.9881,6.6124,4,30,89.7,"strength","Outfield","6.6 WAR | MLB rank 4 of 30 | led by Michael Harris II","primary_position_fangraphs_war_v1","2026-07-30 17:13:30 UTC"
"ATL","NL","RP",20,"Dylan Lee",1.5999,4.1986,4,30,89.7,"strength","Relief pitching","4.2 WAR | MLB rank 4 of 30 | led by Dylan Lee","primary_position_fangraphs_war_v1","2026-07-30 17:13:30 UTC"
"ATL","NL","1B",3,"Matt Olson",3.0409,2.9132,8,30,75.9,"strength","First base","2.9 WAR | MLB rank 8 of 30 | led by Matt Olson","primary_position_fangraphs_war_v1","2026-07-30 17:13:30 UTC"
"ATL","NL","C",4,"Drake Baldwin",2.4449,1.7309,13,30,58.6,"middle","Catcher","1.7 WAR | MLB rank 13 of 30 | led by Drake Baldwin","primary_position_fangraphs_war_v1","2026-07-30 17:13:30 UTC"
"ATL","NL","2B",2,"Ozzie Albies",1.607,1.55,19,30,37.9,"middle","Second base","1.6 WAR | MLB rank 19 of 30 | led by Ozzie Albies","primary_position_fangraphs_war_v1","2026-07-30 17:13:30 UTC"
"ATL","NL","3B",2,"Austin Riley",0.3865,0.4204,20,29,32.1,"need","Third base","0.4 WAR | MLB rank 20 of 29 | led by Austin Riley","primary_position_fangraphs_war_v1","2026-07-30 17:13:30 UTC"
"ATL","NL","SP",8,"Chris Sale",3.8993,5.6945,23,30,24.1,"need","Starting pitching","5.7 WAR | MLB rank 23 of 30 | led by Chris Sale","primary_position_fangraphs_war_v1","2026-07-30 17:13:30 UTC"
"ATL","NL","SS",3,"Jorge Mateo",0.5366,-0.495,27,28,3.7,"need","Shortstop","-0.5 WAR | MLB rank 27 of 28 | led by Jorge Mateo","primary_position_fangraphs_war_v1","2026-07-30 17:13:30 UTC"
"BAL","AL","1B",4,"Pete Alonso",2.6438,3.678,6,30,82.8,"strength","First base","3.7 WAR | MLB rank 6 of 30 | led by Pete Alonso","primary_position_fangraphs_war_v1","2026-07-30 17:13:30 UTC"
"BAL","AL","C",4,"Adley Rutschman",2.2848,2.9785,6,30,82.8,"strength","Catcher","3 WAR | MLB rank 6 of 30 | led by Adley Rutschman","primary_position_fangraphs_war_v1","2026-07-30 17:13:30 UTC"
"BAL","AL","SP",9,"Shane Baz",2.4748,8.0085,12,30,62.1,"middle","Starting pitching","8 WAR | MLB rank 12 of 30 | led by Shane Baz","primary_position_fangraphs_war_v1","2026-07-30 17:13:30 UTC"
"BAL","AL","3B",1,"Blaze Alexander",1.4701,1.4701,14,29,53.6,"middle","Third base","1.5 WAR | MLB rank 14 of 29 | led by Blaze Alexander","primary_position_fangraphs_war_v1","2026-07-30 17:13:30 UTC"
"BAL","AL","OF",7,"Taylor Ward",1.816,3.4704,14,30,55.2,"middle","Outfield","3.5 WAR | MLB rank 14 of 30 | led by Taylor Ward","primary_position_fangraphs_war_v1","2026-07-30 17:13:30 UTC"
"BAL","AL","SS",1,"Gunnar Henderson",1.94,1.94,14,28,51.9,"middle","Shortstop","1.9 WAR | MLB rank 14 of 28 | led by Gunnar Henderson","primary_position_fangraphs_war_v1","2026-07-30 17:13:30 UTC"
"BAL","AL","RP",18,"Tyler Wells",0.8473,2.2676,18,30,41.4,"middle","Relief pitching","2.3 WAR | MLB rank 18 of 30 | led by Tyler Wells","primary_position_fangraphs_war_v1","2026-07-30 17:13:30 UTC"
"BAL","AL","2B",2,"Jackson Holliday",0.9802,1.1387,21,30,31,"need","Second base","1.1 WAR | MLB rank 21 of 30 | led by Jackson Holliday","primary_position_fangraphs_war_v1","2026-07-30 17:13:30 UTC"
"BOS","AL","C",4,"Willson Contreras",3.2945,3.3309,2,30,96.6,"strength","Catcher","3.3 WAR | MLB rank 2 of 30 | led by Willson Contreras","primary_position_fangraphs_war_v1","2026-07-30 17:13:30 UTC"
"BOS","AL","OF",4,"Ceddanne Rafaela",3.3808,5.4433,6,30,82.8,"strength","Outfield","5.4 WAR | MLB rank 6 of 30 | led by Ceddanne Rafaela","primary_position_fangraphs_war_v1","2026-07-30 17:13:30 UTC"
"BOS","AL","RP",14,"Garrett Whitlock",1.2703,3.9003,7,30,79.3,"strength","Relief pitching","3.9 WAR | MLB rank 7 of 30 | led by Garrett Whitlock","primary_position_fangraphs_war_v1","2026-07-30 17:13:30 UTC"
"BOS","AL","SP",9,"Ranger Suarez",3.2285,10.343,8,30,75.9,"strength","Starting pitching","10.3 WAR | MLB rank 8 of 30 | led by Ranger Suarez","primary_position_fangraphs_war_v1","2026-07-30 17:13:30 UTC"
"BOS","AL","DH",2,"Roman Anthony",0.3082,0.4286,9,20,57.9,"strength","Designated hitter","0.4 WAR | MLB rank 9 of 20 | led by Roman Anthony","primary_position_fangraphs_war_v1","2026-07-30 17:13:30 UTC"
"BOS","AL","3B",1,"Caleb Durbin",1.6106,1.6106,13,29,57.1,"middle","Third base","1.6 WAR | MLB rank 13 of 29 | led by Caleb Durbin","primary_position_fangraphs_war_v1","2026-07-30 17:13:30 UTC"
"BOS","AL","SS",3,"Isiah Kiner-Falefa",1.1246,0.7005,21,28,25.9,"need","Shortstop","0.7 WAR | MLB rank 21 of 28 | led by Isiah Kiner-Falefa","primary_position_fangraphs_war_v1","2026-07-30 17:13:30 UTC"
"BOS","AL","2B",4,"Andruw Monasterio",0.3013,0.7679,24,30,20.7,"need","Second base","0.8 WAR | MLB rank 24 of 30 | led by Andruw Monasterio","primary_position_fangraphs_war_v1","2026-07-30 17:13:30 UTC"
"BOS","AL","1B",1,"Romy Gonzalez",-0.2172,-0.2172,27,30,10.3,"need","First base","-0.2 WAR | MLB rank 27 of 30 | led by Romy Gonzalez","primary_position_fangraphs_war_v1","2026-07-30 17:13:30 UTC"
"CHC","NL","OF",5,"Pete Crow-Armstrong",6.9768,9.8346,1,30,100,"strength","Outfield","9.8 WAR | MLB rank 1 of 30 | led by Pete Crow-Armstrong","primary_position_fangraphs_war_v1","2026-07-30 17:13:30 UTC"
"CHC","NL","DH",3,"Seiya Suzuki",2.7611,2.3844,4,20,84.2,"strength","Designated hitter","2.4 WAR | MLB rank 4 of 20 | led by Seiya Suzuki","primary_position_fangraphs_war_v1","2026-07-30 17:13:30 UTC"
"CHC","NL","3B",2,"Alex Bregman",2.1311,2.6153,6,29,82.1,"strength","Third base","2.6 WAR | MLB rank 6 of 29 | led by Alex Bregman","primary_position_fangraphs_war_v1","2026-07-30 17:13:30 UTC"
"CHC","NL","SS",2,"Dansby Swanson",2.6457,2.5159,9,28,70.4,"strength","Shortstop","2.5 WAR | MLB rank 9 of 28 | led by Dansby Swanson","primary_position_fangraphs_war_v1","2026-07-30 17:13:30 UTC"
"CHC","NL","2B",3,"Nico Hoerner",1.6425,2.4196,10,30,69,"strength","Second base","2.4 WAR | MLB rank 10 of 30 | led by Nico Hoerner","primary_position_fangraphs_war_v1","2026-07-30 17:13:30 UTC"
"CHC","NL","C",2,"Carson Kelly",1.1682,2.1929,11,30,65.5,"middle","Catcher","2.2 WAR | MLB rank 11 of 30 | led by Carson Kelly","primary_position_fangraphs_war_v1","2026-07-30 17:13:30 UTC"
"CHC","NL","1B",1,"Michael Busch",1.6459,1.6459,16,30,48.3,"middle","First base","1.6 WAR | MLB rank 16 of 30 | led by Michael Busch","primary_position_fangraphs_war_v1","2026-07-30 17:13:30 UTC"
"CHC","NL","RP",19,"Ben Brown",2.0255,1.5254,20,30,34.5,"middle","Relief pitching","1.5 WAR | MLB rank 20 of 30 | led by Ben Brown","primary_position_fangraphs_war_v1","2026-07-30 17:13:30 UTC"
"CHC","NL","SP",7,"Matthew Boyd",1.3877,2.4881,28,30,6.9,"need","Starting pitching","2.5 WAR | MLB rank 28 of 30 | led by Matthew Boyd","primary_position_fangraphs_war_v1","2026-07-30 17:13:30 UTC"
"CHW","AL","3B",1,"Miguel Vargas",3.232,3.232,4,29,89.3,"strength","Third base","3.2 WAR | MLB rank 4 of 29 | led by Miguel Vargas","primary_position_fangraphs_war_v1","2026-07-30 17:13:30 UTC"
"CHW","AL","OF",9,"Tristan Peters",2.4603,4.7616,9,30,72.4,"strength","Outfield","4.8 WAR | MLB rank 9 of 30 | led by Tristan Peters","primary_position_fangraphs_war_v1","2026-07-30 17:13:30 UTC"
"CHW","AL","1B",1,"Munetaka Murakami",2.543,2.543,10,30,69,"strength","First base","2.5 WAR | MLB rank 10 of 30 | led by Munetaka Murakami","primary_position_fangraphs_war_v1","2026-07-30 17:13:30 UTC"
"CHW","AL","SS",1,"Colson Montgomery",2.3829,2.3829,10,28,66.7,"strength","Shortstop","2.4 WAR | MLB rank 10 of 28 | led by Colson Montgomery","primary_position_fangraphs_war_v1","2026-07-30 17:13:30 UTC"
"CHW","AL","RP",17,"Grant Taylor",1.6375,3.6876,12,30,62.1,"middle","Relief pitching","3.7 WAR | MLB rank 12 of 30 | led by Grant Taylor","primary_position_fangraphs_war_v1","2026-07-30 17:13:30 UTC"
"CHW","AL","2B",2,"Chase Meidroth",2.4752,2.224,13,30,58.6,"middle","Second base","2.2 WAR | MLB rank 13 of 30 | led by Chase Meidroth","primary_position_fangraphs_war_v1","2026-07-30 17:13:30 UTC"
"CHW","AL","SP",7,"Davis Martin",3.1467,6.2022,22,30,27.6,"need","Starting pitching","6.2 WAR | MLB rank 22 of 30 | led by Davis Martin","primary_position_fangraphs_war_v1","2026-07-30 17:13:30 UTC"
"CHW","AL","C",4,"Kyle Teel",0.0184,-1.033,30,30,0,"need","Catcher","-1 WAR | MLB rank 30 of 30 | led by Kyle Teel","primary_position_fangraphs_war_v1","2026-07-30 17:13:30 UTC"
"CIN","NL","SS",1,"Elly De La Cruz",3.5369,3.5369,6,28,81.5,"strength","Shortstop","3.5 WAR | MLB rank 6 of 28 | led by Elly De La Cruz","primary_position_fangraphs_war_v1","2026-07-30 17:13:30 UTC"
"CIN","NL","1B",3,"Sal Stewart",1.6541,2.6426,9,30,72.4,"strength","First base","2.6 WAR | MLB rank 9 of 30 | led by Sal Stewart","primary_position_fangraphs_war_v1","2026-07-30 17:13:30 UTC"
"CIN","NL","SP",8,"Chase Burns",3.0509,6.7669,18,30,41.4,"middle","Starting pitching","6.8 WAR | MLB rank 18 of 30 | led by Chase Burns","primary_position_fangraphs_war_v1","2026-07-30 17:13:30 UTC"
"CIN","NL","C",3,"Tyler Stephenson",0.534,0.9186,22,30,27.6,"need","Catcher","0.9 WAR | MLB rank 22 of 30 | led by Tyler Stephenson","primary_position_fangraphs_war_v1","2026-07-30 17:13:30 UTC"
"CIN","NL","OF",5,"JJ Bleday",1.3303,1.7441,27,30,10.3,"need","Outfield","1.7 WAR | MLB rank 27 of 30 | led by JJ Bleday","primary_position_fangraphs_war_v1","2026-07-30 17:13:30 UTC"
"CIN","NL","2B",3,"Matt McLain",0.0897,-0.2101,28,30,6.9,"need","Second base","-0.2 WAR | MLB rank 28 of 30 | led by Matt McLain","primary_position_fangraphs_war_v1","2026-07-30 17:13:30 UTC"
"CIN","NL","RP",19,"Tejay Antone",0.4156,-0.7837,28,30,6.9,"need","Relief pitching","-0.8 WAR | MLB rank 28 of 30 | led by Tejay Antone","primary_position_fangraphs_war_v1","2026-07-30 17:13:30 UTC"
"CIN","NL","3B",3,"Eugenio Suárez",-0.8224,-2.8637,29,29,0,"need","Third base","-2.9 WAR | MLB rank 29 of 29 | led by Eugenio Suárez","primary_position_fangraphs_war_v1","2026-07-30 17:13:30 UTC"
"CLE","AL","SS",2,"Brayan Rocchio",3.2346,4.0375,2,28,96.3,"strength","Shortstop","4 WAR | MLB rank 2 of 28 | led by Brayan Rocchio","primary_position_fangraphs_war_v1","2026-07-30 17:13:30 UTC"
"CLE","AL","3B",1,"José Ramírez",2.1639,2.1639,8,29,75,"strength","Third base","2.2 WAR | MLB rank 8 of 29 | led by José Ramírez","primary_position_fangraphs_war_v1","2026-07-30 17:13:30 UTC"
"CLE","AL","DH",4,"Chase DeLauter",1.9463,0.9879,8,20,63.2,"strength","Designated hitter","1 WAR | MLB rank 8 of 20 | led by Chase DeLauter","primary_position_fangraphs_war_v1","2026-07-30 17:13:30 UTC"
"CLE","AL","RP",15,"Cade Smith",1.7664,3.7952,8,30,75.9,"strength","Relief pitching","3.8 WAR | MLB rank 8 of 30 | led by Cade Smith","primary_position_fangraphs_war_v1","2026-07-30 17:13:30 UTC"
"CLE","AL","SP",6,"Parker Messick",3.2576,9.3681,9,30,72.4,"strength","Starting pitching","9.4 WAR | MLB rank 9 of 30 | led by Parker Messick","primary_position_fangraphs_war_v1","2026-07-30 17:13:30 UTC"
"CLE","AL","2B",3,"Travis Bazzana",1.6524,1.844,17,30,44.8,"middle","Second base","1.8 WAR | MLB rank 17 of 30 | led by Travis Bazzana","primary_position_fangraphs_war_v1","2026-07-30 17:13:30 UTC"
"CLE","AL","OF",5,"Steven Kwan",1.4522,2.4675,22,30,27.6,"need","Outfield","2.5 WAR | MLB rank 22 of 30 | led by Steven Kwan","primary_position_fangraphs_war_v1","2026-07-30 17:13:30 UTC"
"CLE","AL","C",2,"Austin Hedges",0.6962,0.1328,26,30,13.8,"need","Catcher","0.1 WAR | MLB rank 26 of 30 | led by Austin Hedges","primary_position_fangraphs_war_v1","2026-07-30 17:13:30 UTC"
"CLE","AL","1B",3,"Kyle Manzardo",-0.1548,-0.7746,29,30,3.4,"need","First base","-0.8 WAR | MLB rank 29 of 30 | led by Kyle Manzardo","primary_position_fangraphs_war_v1","2026-07-30 17:13:30 UTC"
"COL","NL","3B",1,"Kyle Karros",1.794,1.794,11,29,64.3,"middle","Third base","1.8 WAR | MLB rank 11 of 29 | led by Kyle Karros","primary_position_fangraphs_war_v1","2026-07-30 17:13:30 UTC"
"COL","NL","C",3,"Hunter Goodman",2.267,1.7262,14,30,55.2,"middle","Catcher","1.7 WAR | MLB rank 14 of 30 | led by Hunter Goodman","primary_position_fangraphs_war_v1","2026-07-30 17:13:30 UTC"
"COL","NL","1B",1,"TJ Rumfield",1.8926,1.8926,15,30,51.7,"middle","First base","1.9 WAR | MLB rank 15 of 30 | led by TJ Rumfield","primary_position_fangraphs_war_v1","2026-07-30 17:13:30 UTC"
"COL","NL","DH",1,"Sterlin Thompson",-0.2163,-0.2163,16,20,21.1,"need","Designated hitter","-0.2 WAR | MLB rank 16 of 20 | led by Sterlin Thompson","primary_position_fangraphs_war_v1","2026-07-30 17:13:30 UTC"
"COL","NL","RP",19,"Antonio Senzatela",1.0454,2.3474,17,30,44.8,"middle","Relief pitching","2.3 WAR | MLB rank 17 of 30 | led by Antonio Senzatela","primary_position_fangraphs_war_v1","2026-07-30 17:13:30 UTC"
"COL","NL","OF",7,"Jake McCarthy",1.6516,2.1548,25,30,17.2,"need","Outfield","2.2 WAR | MLB rank 25 of 30 | led by Jake McCarthy","primary_position_fangraphs_war_v1","2026-07-30 17:13:30 UTC"
"COL","NL","SP",8,"Michael Lorenzen",0.92,3.166,26,30,13.8,"need","Starting pitching","3.2 WAR | MLB rank 26 of 30 | led by Michael Lorenzen","primary_position_fangraphs_war_v1","2026-07-30 17:13:30 UTC"
"COL","NL","SS",1,"Ezequiel Tovar",-1.066,-1.066,28,28,0,"need","Shortstop","-1.1 WAR | MLB rank 28 of 28 | led by Ezequiel Tovar","primary_position_fangraphs_war_v1","2026-07-30 17:13:30 UTC"
"COL","NL","2B",4,"Willi Castro",0.4638,-0.6876,29,30,3.4,"need","Second base","-0.7 WAR | MLB rank 29 of 30 | led by Willi Castro","primary_position_fangraphs_war_v1","2026-07-30 17:13:30 UTC"
"DET","AL","C",3,"Dillon Dingler",4.8156,5.1847,1,30,100,"strength","Catcher","5.2 WAR | MLB rank 1 of 30 | led by Dillon Dingler","primary_position_fangraphs_war_v1","2026-07-30 17:13:30 UTC"
"DET","AL","3B",4,"Kevin McGonigle",4.1756,4.0327,2,29,96.4,"strength","Third base","4 WAR | MLB rank 2 of 29 | led by Kevin McGonigle","primary_position_fangraphs_war_v1","2026-07-30 17:13:30 UTC"
"DET","AL","SP",7,"Casey Mize",2.9378,11.2662,3,30,93.1,"strength","Starting pitching","11.3 WAR | MLB rank 3 of 30 | led by Casey Mize","primary_position_fangraphs_war_v1","2026-07-30 17:13:30 UTC"
"DET","AL","2B",3,"Colt Keith",1.2911,2.4605,9,30,72.4,"strength","Second base","2.5 WAR | MLB rank 9 of 30 | led by Colt Keith","primary_position_fangraphs_war_v1","2026-07-30 17:13:30 UTC"
"DET","AL","DH",1,"Kerry Carpenter",-0.599,-0.599,18,20,10.5,"need","Designated hitter","-0.6 WAR | MLB rank 18 of 20 | led by Kerry Carpenter","primary_position_fangraphs_war_v1","2026-07-30 17:13:30 UTC"
"DET","AL","RP",16,"Ty Madden",0.4573,0.8582,24,30,20.7,"need","Relief pitching","0.9 WAR | MLB rank 24 of 30 | led by Ty Madden","primary_position_fangraphs_war_v1","2026-07-30 17:13:30 UTC"
"DET","AL","SS",1,"Javier Báez",0.154,0.154,25,28,11.1,"need","Shortstop","0.2 WAR | MLB rank 25 of 28 | led by Javier Báez","primary_position_fangraphs_war_v1","2026-07-30 17:13:30 UTC"
"DET","AL","1B",1,"Spencer Torkelson",-0.0399,-0.0399,26,30,13.8,"need","First base","0 WAR | MLB rank 26 of 30 | led by Spencer Torkelson","primary_position_fangraphs_war_v1","2026-07-30 17:13:30 UTC"
"DET","AL","OF",6,"Riley Greene",2.6267,2.1268,26,30,13.8,"need","Outfield","2.1 WAR | MLB rank 26 of 30 | led by Riley Greene","primary_position_fangraphs_war_v1","2026-07-30 17:13:30 UTC"
"HOU","AL","DH",1,"Yordan Alvarez",5.2017,5.2017,1,20,100,"strength","Designated hitter","5.2 WAR | MLB rank 1 of 20 | led by Yordan Alvarez","primary_position_fangraphs_war_v1","2026-07-30 17:13:30 UTC"
"HOU","AL","SS",3,"Jeremy Peña",2.5468,3.9785,4,28,88.9,"strength","Shortstop","4 WAR | MLB rank 4 of 28 | led by Jeremy Peña","primary_position_fangraphs_war_v1","2026-07-30 17:13:30 UTC"
"HOU","AL","3B",2,"Isaac Paredes",2.439,2.3422,7,29,78.6,"strength","Third base","2.3 WAR | MLB rank 7 of 29 | led by Isaac Paredes","primary_position_fangraphs_war_v1","2026-07-30 17:13:30 UTC"
"HOU","AL","1B",2,"Christian Walker",1.5499,1.4948,17,30,44.8,"middle","First base","1.5 WAR | MLB rank 17 of 30 | led by Christian Walker","primary_position_fangraphs_war_v1","2026-07-30 17:13:30 UTC"
"HOU","AL","RP",19,"Steven Okert",1.1116,0.9317,22,30,27.6,"need","Relief pitching","0.9 WAR | MLB rank 22 of 30 | led by Steven Okert","primary_position_fangraphs_war_v1","2026-07-30 17:13:30 UTC"
"HOU","AL","2B",3,"Jose Altuve",0.5423,0.5312,26,30,13.8,"need","Second base","0.5 WAR | MLB rank 26 of 30 | led by Jose Altuve","primary_position_fangraphs_war_v1","2026-07-30 17:13:30 UTC"
"HOU","AL","C",4,"Yainer Diaz",0.0119,-0.2496,28,30,6.9,"need","Catcher","-0.2 WAR | MLB rank 28 of 30 | led by Yainer Diaz","primary_position_fangraphs_war_v1","2026-07-30 17:13:30 UTC"
"HOU","AL","OF",8,"Cam Smith",1.0072,0.8672,29,30,3.4,"need","Outfield","0.9 WAR | MLB rank 29 of 30 | led by Cam Smith","primary_position_fangraphs_war_v1","2026-07-30 17:13:30 UTC"
"HOU","AL","SP",9,"Peter Lambert",1.6496,2.1999,29,30,3.4,"need","Starting pitching","2.2 WAR | MLB rank 29 of 30 | led by Peter Lambert","primary_position_fangraphs_war_v1","2026-07-30 17:13:30 UTC"
"KCR","AL","SS",2,"Bobby Witt Jr.",4.7306,4.5881,1,28,100,"strength","Shortstop","4.6 WAR | MLB rank 1 of 28 | led by Bobby Witt Jr.","primary_position_fangraphs_war_v1","2026-07-30 17:13:30 UTC"
"KCR","AL","2B",4,"Michael Massey",1.5877,2.2804,11,30,65.5,"middle","Second base","2.3 WAR | MLB rank 11 of 30 | led by Michael Massey","primary_position_fangraphs_war_v1","2026-07-30 17:13:30 UTC"
"KCR","AL","3B",1,"Maikel Garcia",1.454,1.454,15,29,50,"middle","Third base","1.5 WAR | MLB rank 15 of 29 | led by Maikel Garcia","primary_position_fangraphs_war_v1","2026-07-30 17:13:30 UTC"
"KCR","AL","OF",8,"Jac Caglianone",1.083,3.1987,18,30,41.4,"middle","Outfield","3.2 WAR | MLB rank 18 of 30 | led by Jac Caglianone","primary_position_fangraphs_war_v1","2026-07-30 17:13:30 UTC"
"KCR","AL","SP",8,"Michael Wacha",1.8828,6.2098,21,30,31,"need","Starting pitching","6.2 WAR | MLB rank 21 of 30 | led by Michael Wacha","primary_position_fangraphs_war_v1","2026-07-30 17:13:30 UTC"
"KCR","AL","C",3,"Carter Jensen",1.8743,0.8888,23,30,24.1,"need","Catcher","0.9 WAR | MLB rank 23 of 30 | led by Carter Jensen","primary_position_fangraphs_war_v1","2026-07-30 17:13:30 UTC"
"KCR","AL","1B",1,"Vinnie Pasquantino",0.0297,0.0297,24,30,20.7,"need","First base","0 WAR | MLB rank 24 of 30 | led by Vinnie Pasquantino","primary_position_fangraphs_war_v1","2026-07-30 17:13:30 UTC"
"KCR","AL","RP",15,"Daniel Lynch IV",0.7763,-3.367,30,30,0,"need","Relief pitching","-3.4 WAR | MLB rank 30 of 30 | led by Daniel Lynch IV","primary_position_fangraphs_war_v1","2026-07-30 17:13:30 UTC"
"LAA","AL","OF",6,"Mike Trout",2.7246,4.7051,10,30,69,"strength","Outfield","4.7 WAR | MLB rank 10 of 30 | led by Mike Trout","primary_position_fangraphs_war_v1","2026-07-30 17:13:30 UTC"
"LAA","AL","SS",1,"Zach Neto",1.9435,1.9435,13,28,55.6,"middle","Shortstop","1.9 WAR | MLB rank 13 of 28 | led by Zach Neto","primary_position_fangraphs_war_v1","2026-07-30 17:13:30 UTC"
"LAA","AL","DH",1,"Jorge Soler",-0.5414,-0.5414,17,20,15.8,"need","Designated hitter","-0.5 WAR | MLB rank 17 of 20 | led by Jorge Soler","primary_position_fangraphs_war_v1","2026-07-30 17:13:30 UTC"
"LAA","AL","SP",9,"Reid Detmers",2.9648,6.9041,17,30,44.8,"middle","Starting pitching","6.9 WAR | MLB rank 17 of 30 | led by Reid Detmers","primary_position_fangraphs_war_v1","2026-07-30 17:13:30 UTC"
"LAA","AL","1B",2,"Nolan Schanuel",1.4187,1.4126,18,30,41.4,"middle","First base","1.4 WAR | MLB rank 18 of 30 | led by Nolan Schanuel","primary_position_fangraphs_war_v1","2026-07-30 17:13:30 UTC"
"LAA","AL","2B",5,"Vaughn Grissom",0.8445,1.413,20,30,34.5,"middle","Second base","1.4 WAR | MLB rank 20 of 30 | led by Vaughn Grissom","primary_position_fangraphs_war_v1","2026-07-30 17:13:30 UTC"
"LAA","AL","RP",15,"Samy Natera Jr.",0.7172,1.4886,21,30,31,"need","Relief pitching","1.5 WAR | MLB rank 21 of 30 | led by Samy Natera Jr.","primary_position_fangraphs_war_v1","2026-07-30 17:13:30 UTC"
"LAA","AL","3B",3,"Denzer Guzman",0.406,-0.2843,25,29,14.3,"need","Third base","-0.3 WAR | MLB rank 25 of 29 | led by Denzer Guzman","primary_position_fangraphs_war_v1","2026-07-30 17:13:30 UTC"
"LAA","AL","C",4,"Sebastián Rivero",0.1296,-0.7357,29,30,3.4,"need","Catcher","-0.7 WAR | MLB rank 29 of 30 | led by Sebastián Rivero","primary_position_fangraphs_war_v1","2026-07-30 17:13:30 UTC"
"LAD","NL","1B",2,"Max Muncy",3.2941,6.4879,2,30,96.6,"strength","First base","6.5 WAR | MLB rank 2 of 30 | led by Max Muncy","primary_position_fangraphs_war_v1","2026-07-30 17:13:30 UTC"
"LAD","NL","DH",1,"Shohei Ohtani",3.1653,3.1653,2,20,94.7,"strength","Designated hitter","3.2 WAR | MLB rank 2 of 20 | led by Shohei Ohtani","primary_position_fangraphs_war_v1","2026-07-30 17:13:30 UTC"
"LAD","NL","SP",7,"Yoshinobu Yamamoto",3.1651,11.4806,2,30,96.6,"strength","Starting pitching","11.5 WAR | MLB rank 2 of 30 | led by Yoshinobu Yamamoto","primary_position_fangraphs_war_v1","2026-07-30 17:13:30 UTC"
"LAD","NL","OF",7,"Andy Pages",3.2817,6.7382,3,30,93.1,"strength","Outfield","6.7 WAR | MLB rank 3 of 30 | led by Andy Pages","primary_position_fangraphs_war_v1","2026-07-30 17:13:30 UTC"
"LAD","NL","RP",18,"Tanner Scott",1.4189,4.0923,5,30,86.2,"strength","Relief pitching","4.1 WAR | MLB rank 5 of 30 | led by Tanner Scott","primary_position_fangraphs_war_v1","2026-07-30 17:13:30 UTC"
"LAD","NL","C",4,"Dalton Rushing",1.2802,1.7325,12,30,62.1,"middle","Catcher","1.7 WAR | MLB rank 12 of 30 | led by Dalton Rushing","primary_position_fangraphs_war_v1","2026-07-30 17:13:30 UTC"
"LAD","NL","2B",4,"Tommy Edman",1.0729,1.8456,16,30,48.3,"middle","Second base","1.8 WAR | MLB rank 16 of 30 | led by Tommy Edman","primary_position_fangraphs_war_v1","2026-07-30 17:13:30 UTC"
"LAD","NL","SS",1,"Miguel Rojas",0.6347,0.6347,22,28,22.2,"need","Shortstop","0.6 WAR | MLB rank 22 of 28 | led by Miguel Rojas","primary_position_fangraphs_war_v1","2026-07-30 17:13:30 UTC"
"MIA","NL","2B",3,"Otto Lopez",4.5103,6.8111,1,30,100,"strength","Second base","6.8 WAR | MLB rank 1 of 30 | led by Otto Lopez","primary_position_fangraphs_war_v1","2026-07-30 17:13:30 UTC"
"MIA","NL","C",4,"Joe Mack",1.6159,3.0801,4,30,89.7,"strength","Catcher","3.1 WAR | MLB rank 4 of 30 | led by Joe Mack","primary_position_fangraphs_war_v1","2026-07-30 17:13:30 UTC"
"MIA","NL","OF",6,"Esteury Ruiz",1.3035,4.2468,12,30,62.1,"middle","Outfield","4.2 WAR | MLB rank 12 of 30 | led by Esteury Ruiz","primary_position_fangraphs_war_v1","2026-07-30 17:13:30 UTC"
"MIA","NL","SP",7,"Sandy Alcantara",2.4832,7.8292,14,30,55.2,"middle","Starting pitching","7.8 WAR | MLB rank 14 of 30 | led by Sandy Alcantara","primary_position_fangraphs_war_v1","2026-07-30 17:13:30 UTC"
"MIA","NL","RP",15,"Anthony Bender",0.8495,3.1402,16,30,48.3,"middle","Relief pitching","3.1 WAR | MLB rank 16 of 30 | led by Anthony Bender","primary_position_fangraphs_war_v1","2026-07-30 17:13:30 UTC"
"MIA","NL","3B",3,"Javier Sanoja",0.8521,0.6978,19,29,35.7,"middle","Third base","0.7 WAR | MLB rank 19 of 29 | led by Javier Sanoja","primary_position_fangraphs_war_v1","2026-07-30 17:13:30 UTC"
"MIA","NL","DH",1,"Christopher Morel",-0.7989,-0.7989,19,20,5.3,"need","Designated hitter","-0.8 WAR | MLB rank 19 of 20 | led by Christopher Morel","primary_position_fangraphs_war_v1","2026-07-30 17:13:30 UTC"
"MIA","NL","1B",1,"Deyvison De Los Santos",0.0187,0.0187,25,30,17.2,"need","First base","0 WAR | MLB rank 25 of 30 | led by Deyvison De Los Santos","primary_position_fangraphs_war_v1","2026-07-30 17:13:30 UTC"
"MIL","NL","SP",9,"Jacob Misiorowski",4.8327,12.377,1,30,100,"strength","Starting pitching","12.4 WAR | MLB rank 1 of 30 | led by Jacob Misiorowski","primary_position_fangraphs_war_v1","2026-07-30 17:13:30 UTC"
"MIL","NL","2B",2,"Brice Turang",3.9675,4.3644,3,30,93.1,"strength","Second base","4.4 WAR | MLB rank 3 of 30 | led by Brice Turang","primary_position_fangraphs_war_v1","2026-07-30 17:13:30 UTC"
"MIL","NL","RP",15,"Trevor Megill",1.7897,4.9909,3,30,93.1,"strength","Relief pitching","5 WAR | MLB rank 3 of 30 | led by Trevor Megill","primary_position_fangraphs_war_v1","2026-07-30 17:13:30 UTC"
"MIL","NL","1B",3,"Jake Bauers",1.8676,3.1043,7,30,79.3,"strength","First base","3.1 WAR | MLB rank 7 of 30 | led by Jake Bauers","primary_position_fangraphs_war_v1","2026-07-30 17:13:30 UTC"
"MIL","NL","C",3,"William Contreras",1.6529,2.4694,8,30,75.9,"strength","Catcher","2.5 WAR | MLB rank 8 of 30 | led by William Contreras","primary_position_fangraphs_war_v1","2026-07-30 17:13:30 UTC"
"MIL","NL","3B",1,"Joey Ortiz",1.3533,1.3533,16,29,46.4,"middle","Third base","1.4 WAR | MLB rank 16 of 29 | led by Joey Ortiz","primary_position_fangraphs_war_v1","2026-07-30 17:13:30 UTC"
"MIL","NL","OF",9,"Garrett Mitchell",2.0478,3.2828,17,30,44.8,"middle","Outfield","3.3 WAR | MLB rank 17 of 30 | led by Garrett Mitchell","primary_position_fangraphs_war_v1","2026-07-30 17:13:30 UTC"
"MIL","NL","SS",1,"Cooper Pratt",1.0865,1.0865,17,28,40.7,"middle","Shortstop","1.1 WAR | MLB rank 17 of 28 | led by Cooper Pratt","primary_position_fangraphs_war_v1","2026-07-30 17:13:30 UTC"
"MIN","AL","C",3,"Ryan Jeffers",2.0754,3.1488,3,30,93.1,"strength","Catcher","3.1 WAR | MLB rank 3 of 30 | led by Ryan Jeffers","primary_position_fangraphs_war_v1","2026-07-30 17:13:30 UTC"
"MIN","AL","DH",1,"Trevor Larnach",1.989,1.989,5,20,78.9,"strength","Designated hitter","2 WAR | MLB rank 5 of 20 | led by Trevor Larnach","primary_position_fangraphs_war_v1","2026-07-30 17:13:30 UTC"
"MIN","AL","3B",3,"Brooks Lee",1.3082,1.6418,12,29,60.7,"middle","Third base","1.6 WAR | MLB rank 12 of 29 | led by Brooks Lee","primary_position_fangraphs_war_v1","2026-07-30 17:13:30 UTC"
"MIN","AL","1B",2,"Kody Clemens",1.952,2.0469,13,30,58.6,"middle","First base","2 WAR | MLB rank 13 of 30 | led by Kody Clemens","primary_position_fangraphs_war_v1","2026-07-30 17:13:30 UTC"
"MIN","AL","SP",7,"Joe Ryan",2.5323,7.0953,16,30,48.3,"middle","Starting pitching","7.1 WAR | MLB rank 16 of 30 | led by Joe Ryan","primary_position_fangraphs_war_v1","2026-07-30 17:13:30 UTC"
"MIN","AL","SS",2,"Ryan Kreidler",0.8549,0.9166,18,28,37,"middle","Shortstop","0.9 WAR | MLB rank 18 of 28 | led by Ryan Kreidler","primary_position_fangraphs_war_v1","2026-07-30 17:13:30 UTC"
"MIN","AL","2B",1,"Luke Keaschall",1.0702,1.0702,22,30,27.6,"need","Second base","1.1 WAR | MLB rank 22 of 30 | led by Luke Keaschall","primary_position_fangraphs_war_v1","2026-07-30 17:13:30 UTC"
"MIN","AL","RP",16,"Andrew Morris",0.9605,0.8947,23,30,24.1,"need","Relief pitching","0.9 WAR | MLB rank 23 of 30 | led by Andrew Morris","primary_position_fangraphs_war_v1","2026-07-30 17:13:30 UTC"
"MIN","AL","OF",6,"Byron Buxton",2.6293,2.1563,24,30,20.7,"need","Outfield","2.2 WAR | MLB rank 24 of 30 | led by Byron Buxton","primary_position_fangraphs_war_v1","2026-07-30 17:13:30 UTC"
"NYM","NL","OF",8,"Juan Soto",2.8383,6.0556,5,30,86.2,"strength","Outfield","6.1 WAR | MLB rank 5 of 30 | led by Juan Soto","primary_position_fangraphs_war_v1","2026-07-30 17:13:30 UTC"
"NYM","NL","C",3,"Francisco Alvarez",1.4837,2.4501,9,30,72.4,"strength","Catcher","2.5 WAR | MLB rank 9 of 30 | led by Francisco Alvarez","primary_position_fangraphs_war_v1","2026-07-30 17:13:30 UTC"
"NYM","NL","RP",17,"Luke Weaver",1.0827,3.7196,11,30,65.5,"middle","Relief pitching","3.7 WAR | MLB rank 11 of 30 | led by Luke Weaver","primary_position_fangraphs_war_v1","2026-07-30 17:13:30 UTC"
"NYM","NL","SS",2,"Francisco Lindor",1.2623,2.2493,11,28,63,"middle","Shortstop","2.2 WAR | MLB rank 11 of 28 | led by Francisco Lindor","primary_position_fangraphs_war_v1","2026-07-30 17:13:30 UTC"
"NYM","NL","1B",2,"Jared Young",0.774,0.5788,20,30,34.5,"middle","First base","0.6 WAR | MLB rank 20 of 30 | led by Jared Young","primary_position_fangraphs_war_v1","2026-07-30 17:13:30 UTC"
"NYM","NL","SP",6,"Nolan McLean",2.6085,6.4998,20,30,34.5,"middle","Starting pitching","6.5 WAR | MLB rank 20 of 30 | led by Nolan McLean","primary_position_fangraphs_war_v1","2026-07-30 17:13:30 UTC"
"NYM","NL","3B",2,"Brett Baty",0.0374,-1.0494,27,29,7.1,"need","Third base","-1 WAR | MLB rank 27 of 29 | led by Brett Baty","primary_position_fangraphs_war_v1","2026-07-30 17:13:30 UTC"
"NYM","NL","2B",4,"Vidal Bruján",-0.0982,-2.1215,30,30,0,"need","Second base","-2.1 WAR | MLB rank 30 of 30 | led by Vidal Bruján","primary_position_fangraphs_war_v1","2026-07-30 17:13:30 UTC"
"NYY","AL","1B",3,"Ben Rice",3.2484,7.979,1,30,100,"strength","First base","8 WAR | MLB rank 1 of 30 | led by Ben Rice","primary_position_fangraphs_war_v1","2026-07-30 17:13:30 UTC"
"NYY","AL","SP",9,"Cam Schlittler",4.4728,11.0325,4,30,89.7,"strength","Starting pitching","11 WAR | MLB rank 4 of 30 | led by Cam Schlittler","primary_position_fangraphs_war_v1","2026-07-30 17:13:30 UTC"
"NYY","AL","2B",1,"Jazz Chisholm Jr.",2.4875,2.4875,8,30,75.9,"strength","Second base","2.5 WAR | MLB rank 8 of 30 | led by Jazz Chisholm Jr.","primary_position_fangraphs_war_v1","2026-07-30 17:13:30 UTC"
"NYY","AL","RP",13,"Brent Headrick",1.6385,3.7606,9,30,72.4,"strength","Relief pitching","3.8 WAR | MLB rank 9 of 30 | led by Brent Headrick","primary_position_fangraphs_war_v1","2026-07-30 17:13:30 UTC"
"NYY","AL","DH",1,"Giancarlo Stanton",0.0797,0.0797,11,20,47.4,"need","Designated hitter","0.1 WAR | MLB rank 11 of 20 | led by Giancarlo Stanton","primary_position_fangraphs_war_v1","2026-07-30 17:13:30 UTC"
"NYY","AL","SS",4,"Anthony Volpe",1.2177,2.0629,12,28,59.3,"middle","Shortstop","2.1 WAR | MLB rank 12 of 28 | led by Anthony Volpe","primary_position_fangraphs_war_v1","2026-07-30 17:13:30 UTC"
"NYY","AL","OF",4,"Aaron Judge",2.1481,3.0557,20,30,34.5,"middle","Outfield","3.1 WAR | MLB rank 20 of 30 | led by Aaron Judge","primary_position_fangraphs_war_v1","2026-07-30 17:13:30 UTC"
"NYY","AL","3B",2,"Ryan McMahon",0.6156,0.3097,21,29,28.6,"need","Third base","0.3 WAR | MLB rank 21 of 29 | led by Ryan McMahon","primary_position_fangraphs_war_v1","2026-07-30 17:13:30 UTC"
"NYY","AL","C",3,"Ali Sánchez",0.4119,0.4775,24,30,20.7,"need","Catcher","0.5 WAR | MLB rank 24 of 30 | led by Ali Sánchez","primary_position_fangraphs_war_v1","2026-07-30 17:13:30 UTC"
"PHI","NL","DH",1,"Kyle Schwarber",2.5095,2.5095,3,20,89.5,"strength","Designated hitter","2.5 WAR | MLB rank 3 of 20 | led by Kyle Schwarber","primary_position_fangraphs_war_v1","2026-07-30 17:13:30 UTC"
"PHI","NL","RP",17,"Jhoan Duran",1.9434,4.0826,6,30,82.8,"strength","Relief pitching","4.1 WAR | MLB rank 6 of 30 | led by Jhoan Duran","primary_position_fangraphs_war_v1","2026-07-30 17:13:30 UTC"
"PHI","NL","SP",7,"Cristopher Sánchez",4.4018,10.8886,6,30,82.8,"strength","Starting pitching","10.9 WAR | MLB rank 6 of 30 | led by Cristopher Sánchez","primary_position_fangraphs_war_v1","2026-07-30 17:13:30 UTC"
"PHI","NL","2B",2,"Bryson Stott",2.1453,1.9656,15,30,51.7,"middle","Second base","2 WAR | MLB rank 15 of 30 | led by Bryson Stott","primary_position_fangraphs_war_v1","2026-07-30 17:13:30 UTC"
"PHI","NL","SS",1,"Trea Turner",0.7802,0.7802,20,28,29.6,"need","Shortstop","0.8 WAR | MLB rank 20 of 28 | led by Trea Turner","primary_position_fangraphs_war_v1","2026-07-30 17:13:30 UTC"
"PHI","NL","OF",7,"Bryce Harper",1.8846,2.9086,21,30,31,"need","Outfield","2.9 WAR | MLB rank 21 of 30 | led by Bryce Harper","primary_position_fangraphs_war_v1","2026-07-30 17:13:30 UTC"
"PHI","NL","C",3,"J.T. Realmuto",0.9903,0.4202,25,30,17.2,"need","Catcher","0.4 WAR | MLB rank 25 of 30 | led by J.T. Realmuto","primary_position_fangraphs_war_v1","2026-07-30 17:13:30 UTC"
"PHI","NL","1B",1,"Felix Reyes",-0.3864,-0.3864,28,30,6.9,"need","First base","-0.4 WAR | MLB rank 28 of 30 | led by Felix Reyes","primary_position_fangraphs_war_v1","2026-07-30 17:13:30 UTC"
"PHI","NL","3B",3,"Alec Bohm",-0.2576,-1.2775,28,29,3.6,"need","Third base","-1.3 WAR | MLB rank 28 of 29 | led by Alec Bohm","primary_position_fangraphs_war_v1","2026-07-30 17:13:30 UTC"
"PIT","NL","2B",3,"Brandon Lowe",2.9775,5.0135,2,30,96.6,"strength","Second base","5 WAR | MLB rank 2 of 30 | led by Brandon Lowe","primary_position_fangraphs_war_v1","2026-07-30 17:13:30 UTC"
"PIT","NL","OF",6,"Bryan Reynolds",2.7989,5.163,7,30,79.3,"strength","Outfield","5.2 WAR | MLB rank 7 of 30 | led by Bryan Reynolds","primary_position_fangraphs_war_v1","2026-07-30 17:13:30 UTC"
"PIT","NL","SP",5,"Paul Skenes",3.7938,10.4166,7,30,79.3,"strength","Starting pitching","10.4 WAR | MLB rank 7 of 30 | led by Paul Skenes","primary_position_fangraphs_war_v1","2026-07-30 17:13:30 UTC"
"PIT","NL","SS",2,"Oneil Cruz",1.5849,2.7301,8,28,74.1,"strength","Shortstop","2.7 WAR | MLB rank 8 of 28 | led by Oneil Cruz","primary_position_fangraphs_war_v1","2026-07-30 17:13:30 UTC"
"PIT","NL","1B",2,"Spencer Horwitz",1.3378,2.1542,11,30,65.5,"middle","First base","2.2 WAR | MLB rank 11 of 30 | led by Spencer Horwitz","primary_position_fangraphs_war_v1","2026-07-30 17:13:30 UTC"
"PIT","NL","RP",15,"Carmen Mlodzinski",1.4201,3.3291,15,30,51.7,"middle","Relief pitching","3.3 WAR | MLB rank 15 of 30 | led by Carmen Mlodzinski","primary_position_fangraphs_war_v1","2026-07-30 17:13:30 UTC"
"PIT","NL","C",4,"Endy Rodríguez",0.9266,1.3151,17,30,44.8,"middle","Catcher","1.3 WAR | MLB rank 17 of 30 | led by Endy Rodríguez","primary_position_fangraphs_war_v1","2026-07-30 17:13:30 UTC"
"PIT","NL","DH",1,"Marcell Ozuna",-0.967,-0.967,20,20,0,"need","Designated hitter","-1 WAR | MLB rank 20 of 20 | led by Marcell Ozuna","primary_position_fangraphs_war_v1","2026-07-30 17:13:30 UTC"
"PIT","NL","3B",3,"Jared Triolo",0.249,0.1428,22,29,25,"need","Third base","0.1 WAR | MLB rank 22 of 29 | led by Jared Triolo","primary_position_fangraphs_war_v1","2026-07-30 17:13:30 UTC"
"SDP","NL","RP",13,"Mason Miller",2.8881,6.3922,1,30,100,"strength","Relief pitching","6.4 WAR | MLB rank 1 of 30 | led by Mason Miller","primary_position_fangraphs_war_v1","2026-07-30 17:13:30 UTC"
"SDP","NL","SS",2,"Fernando Tatis Jr.",2.573,3.9823,3,28,92.6,"strength","Shortstop","4 WAR | MLB rank 3 of 28 | led by Fernando Tatis Jr.","primary_position_fangraphs_war_v1","2026-07-30 17:13:30 UTC"
"SDP","NL","DH",1,"Gavin Sheets",0.279,0.279,10,20,52.6,"strength","Designated hitter","0.3 WAR | MLB rank 10 of 20 | led by Gavin Sheets","primary_position_fangraphs_war_v1","2026-07-30 17:13:30 UTC"
"SDP","NL","1B",2,"Ty France",2.1476,2.056,12,30,62.1,"middle","First base","2.1 WAR | MLB rank 12 of 30 | led by Ty France","primary_position_fangraphs_war_v1","2026-07-30 17:13:30 UTC"
"SDP","NL","3B",3,"Manny Machado",1.7169,0.8436,18,29,39.3,"middle","Third base","0.8 WAR | MLB rank 18 of 29 | led by Manny Machado","primary_position_fangraphs_war_v1","2026-07-30 17:13:30 UTC"
"SDP","NL","C",4,"Luis Campusano",0.9115,1.2111,19,30,37.9,"middle","Catcher","1.2 WAR | MLB rank 19 of 30 | led by Luis Campusano","primary_position_fangraphs_war_v1","2026-07-30 17:13:30 UTC"
"SDP","NL","OF",5,"Jackson Merrill",1.7955,2.2964,23,30,24.1,"need","Outfield","2.3 WAR | MLB rank 23 of 30 | led by Jackson Merrill","primary_position_fangraphs_war_v1","2026-07-30 17:13:30 UTC"
"SDP","NL","SP",8,"Michael King",1.8516,3.6908,25,30,17.2,"need","Starting pitching","3.7 WAR | MLB rank 25 of 30 | led by Michael King","primary_position_fangraphs_war_v1","2026-07-30 17:13:30 UTC"
"SDP","NL","2B",3,"Sung-Mun Song",0.521,0.376,27,30,10.3,"need","Second base","0.4 WAR | MLB rank 27 of 30 | led by Sung-Mun Song","primary_position_fangraphs_war_v1","2026-07-30 17:13:30 UTC"
"SEA","AL","SP",6,"Bryan Woo",2.7909,10.8995,5,30,86.2,"strength","Starting pitching","10.9 WAR | MLB rank 5 of 30 | led by Bryan Woo","primary_position_fangraphs_war_v1","2026-07-30 17:13:30 UTC"
"SEA","AL","DH",1,"Dominic Canzone",1.8987,1.8987,6,20,73.7,"strength","Designated hitter","1.9 WAR | MLB rank 6 of 20 | led by Dominic Canzone","primary_position_fangraphs_war_v1","2026-07-30 17:13:30 UTC"
"SEA","AL","OF",5,"Randy Arozarena",2.8846,4.4106,11,30,65.5,"middle","Outfield","4.4 WAR | MLB rank 11 of 30 | led by Randy Arozarena","primary_position_fangraphs_war_v1","2026-07-30 17:13:30 UTC"
"SEA","AL","2B",5,"Cole Young",1.8222,2.242,12,30,62.1,"middle","Second base","2.2 WAR | MLB rank 12 of 30 | led by Cole Young","primary_position_fangraphs_war_v1","2026-07-30 17:13:30 UTC"
"SEA","AL","RP",12,"Andrés Muñoz",0.8848,2.1503,19,30,37.9,"middle","Relief pitching","2.2 WAR | MLB rank 19 of 30 | led by Andrés Muñoz","primary_position_fangraphs_war_v1","2026-07-30 17:13:30 UTC"
"SEA","AL","SS",1,"J.P. Crawford",0.8995,0.8995,19,28,33.3,"need","Shortstop","0.9 WAR | MLB rank 19 of 28 | led by J.P. Crawford","primary_position_fangraphs_war_v1","2026-07-30 17:13:30 UTC"
"SEA","AL","1B",2,"Josh Naylor",0.6365,0.4624,21,30,31,"need","First base","0.5 WAR | MLB rank 21 of 30 | led by Josh Naylor","primary_position_fangraphs_war_v1","2026-07-30 17:13:30 UTC"
"SEA","AL","C",3,"Cal Raleigh",0.5845,1.0624,21,30,31,"need","Catcher","1.1 WAR | MLB rank 21 of 30 | led by Cal Raleigh","primary_position_fangraphs_war_v1","2026-07-30 17:13:30 UTC"
"SEA","AL","3B",3,"Colt Emerson",0.352,-0.3277,26,29,10.7,"need","Third base","-0.3 WAR | MLB rank 26 of 29 | led by Colt Emerson","primary_position_fangraphs_war_v1","2026-07-30 17:13:30 UTC"
"SFG","NL","1B",2,"Luis Arraez",3.836,4.542,3,30,93.1,"strength","First base","4.5 WAR | MLB rank 3 of 30 | led by Luis Arraez","primary_position_fangraphs_war_v1","2026-07-30 17:13:30 UTC"
"SFG","NL","3B",2,"Rafael Devers",1.3739,2.6937,5,29,85.7,"strength","Third base","2.7 WAR | MLB rank 5 of 29 | led by Rafael Devers","primary_position_fangraphs_war_v1","2026-07-30 17:13:30 UTC"
"SFG","NL","2B",2,"Casey Schmitt",1.8319,1.5675,18,30,41.4,"middle","Second base","1.6 WAR | MLB rank 18 of 30 | led by Casey Schmitt","primary_position_fangraphs_war_v1","2026-07-30 17:13:30 UTC"
"SFG","NL","SP",7,"Logan Webb",2.2729,6.6296,19,30,37.9,"middle","Starting pitching","6.6 WAR | MLB rank 19 of 30 | led by Logan Webb","primary_position_fangraphs_war_v1","2026-07-30 17:13:30 UTC"
"SFG","NL","C",4,"Daniel Susac",1.0929,1.0765,20,30,34.5,"middle","Catcher","1.1 WAR | MLB rank 20 of 30 | led by Daniel Susac","primary_position_fangraphs_war_v1","2026-07-30 17:13:30 UTC"
"SFG","NL","SS",2,"Willy Adames",0.44,0.4175,24,28,14.8,"need","Shortstop","0.4 WAR | MLB rank 24 of 28 | led by Willy Adames","primary_position_fangraphs_war_v1","2026-07-30 17:13:30 UTC"
"SFG","NL","RP",21,"Keaton Winn",0.3827,-0.2038,26,30,13.8,"need","Relief pitching","-0.2 WAR | MLB rank 26 of 30 | led by Keaton Winn","primary_position_fangraphs_war_v1","2026-07-30 17:13:30 UTC"
"SFG","NL","OF",10,"Jung Hoo Lee",1.2337,1.5086,28,30,6.9,"need","Outfield","1.5 WAR | MLB rank 28 of 30 | led by Jung Hoo Lee","primary_position_fangraphs_war_v1","2026-07-30 17:13:30 UTC"
"STL","NL","2B",5,"JJ Wetherholt",3.7229,2.853,5,30,86.2,"strength","Second base","2.9 WAR | MLB rank 5 of 30 | led by JJ Wetherholt","primary_position_fangraphs_war_v1","2026-07-30 17:13:30 UTC"
"STL","NL","SP",6,"Dustin May",2.591,7.8956,13,30,58.6,"middle","Starting pitching","7.9 WAR | MLB rank 13 of 30 | led by Dustin May","primary_position_fangraphs_war_v1","2026-07-30 17:13:30 UTC"
"STL","NL","1B",1,"Alec Burleson",1.9019,1.9019,14,30,55.2,"middle","First base","1.9 WAR | MLB rank 14 of 30 | led by Alec Burleson","primary_position_fangraphs_war_v1","2026-07-30 17:13:30 UTC"
"STL","NL","C",3,"Iván Herrera",1.151,1.4298,15,30,51.7,"middle","Catcher","1.4 WAR | MLB rank 15 of 30 | led by Iván Herrera","primary_position_fangraphs_war_v1","2026-07-30 17:13:30 UTC"
"STL","NL","DH",1,"Nelson Velázquez",-0.1777,-0.1777,15,20,26.3,"need","Designated hitter","-0.2 WAR | MLB rank 15 of 20 | led by Nelson Velázquez","primary_position_fangraphs_war_v1","2026-07-30 17:13:30 UTC"
"STL","NL","SS",1,"Masyn Winn",1.6239,1.6239,15,28,48.1,"middle","Shortstop","1.6 WAR | MLB rank 15 of 28 | led by Masyn Winn","primary_position_fangraphs_war_v1","2026-07-30 17:13:30 UTC"
"STL","NL","OF",5,"Jordan Walker",2.4094,3.149,19,30,37.9,"middle","Outfield","3.1 WAR | MLB rank 19 of 30 | led by Jordan Walker","primary_position_fangraphs_war_v1","2026-07-30 17:13:30 UTC"
"STL","NL","3B",2,"Blaze Jordan",0.0154,-0.251,24,29,17.9,"need","Third base","-0.3 WAR | MLB rank 24 of 29 | led by Blaze Jordan","primary_position_fangraphs_war_v1","2026-07-30 17:13:30 UTC"
"STL","NL","RP",17,"Riley O'Brien",0.4983,0.8422,25,30,17.2,"need","Relief pitching","0.8 WAR | MLB rank 25 of 30 | led by Riley O'Brien","primary_position_fangraphs_war_v1","2026-07-30 17:13:30 UTC"
"TBR","AL","3B",2,"Junior Caminero",3.4743,3.3665,3,29,92.9,"strength","Third base","3.4 WAR | MLB rank 3 of 29 | led by Junior Caminero","primary_position_fangraphs_war_v1","2026-07-30 17:13:30 UTC"
"TBR","AL","1B",2,"Yandy Díaz",2.2284,4.3312,4,30,89.7,"strength","First base","4.3 WAR | MLB rank 4 of 30 | led by Yandy Díaz","primary_position_fangraphs_war_v1","2026-07-30 17:13:30 UTC"
"TBR","AL","OF",6,"Chandler Simpson",1.5513,5.1493,8,30,75.9,"strength","Outfield","5.1 WAR | MLB rank 8 of 30 | led by Chandler Simpson","primary_position_fangraphs_war_v1","2026-07-30 17:13:30 UTC"
"TBR","AL","SP",6,"Drew Rasmussen",2.7931,8.4376,10,30,69,"strength","Starting pitching","8.4 WAR | MLB rank 10 of 30 | led by Drew Rasmussen","primary_position_fangraphs_war_v1","2026-07-30 17:13:30 UTC"
"TBR","AL","RP",14,"Bryan Baker",1.065,3.4792,14,30,55.2,"middle","Relief pitching","3.5 WAR | MLB rank 14 of 30 | led by Bryan Baker","primary_position_fangraphs_war_v1","2026-07-30 17:13:30 UTC"
"TBR","AL","C",2,"Nick Fortes",1.0025,1.3001,18,30,41.4,"middle","Catcher","1.3 WAR | MLB rank 18 of 30 | led by Nick Fortes","primary_position_fangraphs_war_v1","2026-07-30 17:13:30 UTC"
"TBR","AL","2B",2,"Ben Williamson",0.3509,0.5658,25,30,17.2,"need","Second base","0.6 WAR | MLB rank 25 of 30 | led by Ben Williamson","primary_position_fangraphs_war_v1","2026-07-30 17:13:30 UTC"
"TBR","AL","SS",2,"Taylor Walls",0.4852,-0.00229999999999997,26,28,7.4,"need","Shortstop","0 WAR | MLB rank 26 of 28 | led by Taylor Walls","primary_position_fangraphs_war_v1","2026-07-30 17:13:30 UTC"
"TEX","AL","3B",3,"Ezequiel Duran",3.1629,5.3549,1,29,100,"strength","Third base","5.4 WAR | MLB rank 1 of 29 | led by Ezequiel Duran","primary_position_fangraphs_war_v1","2026-07-30 17:13:30 UTC"
"TEX","AL","DH",1,"Joc Pederson",1.4662,1.4662,7,20,68.4,"strength","Designated hitter","1.5 WAR | MLB rank 7 of 20 | led by Joc Pederson","primary_position_fangraphs_war_v1","2026-07-30 17:13:30 UTC"
"TEX","AL","SP",5,"Jacob deGrom",2.7747,8.4022,11,30,65.5,"middle","Starting pitching","8.4 WAR | MLB rank 11 of 30 | led by Jacob deGrom","primary_position_fangraphs_war_v1","2026-07-30 17:13:30 UTC"
"TEX","AL","OF",7,"Wyatt Langford",1.917,3.9361,13,30,58.6,"middle","Outfield","3.9 WAR | MLB rank 13 of 30 | led by Wyatt Langford","primary_position_fangraphs_war_v1","2026-07-30 17:13:30 UTC"
"TEX","AL","RP",20,"Jacob Latz",1.9017,3.5568,13,30,58.6,"middle","Relief pitching","3.6 WAR | MLB rank 13 of 30 | led by Jacob Latz","primary_position_fangraphs_war_v1","2026-07-30 17:13:30 UTC"
"TEX","AL","1B",1,"Jake Burger",1.1971,1.1971,19,30,37.9,"middle","First base","1.2 WAR | MLB rank 19 of 30 | led by Jake Burger","primary_position_fangraphs_war_v1","2026-07-30 17:13:30 UTC"
"TEX","AL","2B",3,"Justin Foscue",0.9927,0.9884,23,30,24.1,"need","Second base","1 WAR | MLB rank 23 of 30 | led by Justin Foscue","primary_position_fangraphs_war_v1","2026-07-30 17:13:30 UTC"
"TEX","AL","SS",1,"Corey Seager",0.624,0.624,23,28,18.5,"need","Shortstop","0.6 WAR | MLB rank 23 of 28 | led by Corey Seager","primary_position_fangraphs_war_v1","2026-07-30 17:13:30 UTC"
"TEX","AL","C",2,"Kyle Higashioka",0.315,0.0584,27,30,10.3,"need","Catcher","0.1 WAR | MLB rank 27 of 30 | led by Kyle Higashioka","primary_position_fangraphs_war_v1","2026-07-30 17:13:30 UTC"
"TOR","AL","RP",17,"Louis Varland",2.4519,5.2428,2,30,96.6,"strength","Relief pitching","5.2 WAR | MLB rank 2 of 30 | led by Louis Varland","primary_position_fangraphs_war_v1","2026-07-30 17:13:30 UTC"
"TOR","AL","2B",4,"Ernie Clement",1.4988,2.6304,7,30,79.3,"strength","Second base","2.6 WAR | MLB rank 7 of 30 | led by Ernie Clement","primary_position_fangraphs_war_v1","2026-07-30 17:13:30 UTC"
"TOR","AL","3B",2,"Kazuma Okamoto",2.0402,1.9978,9,29,71.4,"strength","Third base","2 WAR | MLB rank 9 of 29 | led by Kazuma Okamoto","primary_position_fangraphs_war_v1","2026-07-30 17:13:30 UTC"
"TOR","AL","C",2,"Brandon Valenzuela",1.6222,2.378,10,30,69,"strength","Catcher","2.4 WAR | MLB rank 10 of 30 | led by Brandon Valenzuela","primary_position_fangraphs_war_v1","2026-07-30 17:13:30 UTC"
"TOR","AL","DH",1,"Eloy Jiménez",-0.0896,-0.0896,13,20,36.8,"need","Designated hitter","-0.1 WAR | MLB rank 13 of 20 | led by Eloy Jiménez","primary_position_fangraphs_war_v1","2026-07-30 17:13:30 UTC"
"TOR","AL","OF",7,"Nathan Lukes",1.2758,3.4241,15,30,51.7,"middle","Outfield","3.4 WAR | MLB rank 15 of 30 | led by Nathan Lukes","primary_position_fangraphs_war_v1","2026-07-30 17:13:30 UTC"
"TOR","AL","SP",7,"Dylan Cease",4.1109,7.503,15,30,51.7,"middle","Starting pitching","7.5 WAR | MLB rank 15 of 30 | led by Dylan Cease","primary_position_fangraphs_war_v1","2026-07-30 17:13:30 UTC"
"TOR","AL","1B",3,"Vladimir Guerrero Jr.",0.9199,0.362,23,30,24.1,"need","First base","0.4 WAR | MLB rank 23 of 30 | led by Vladimir Guerrero Jr.","primary_position_fangraphs_war_v1","2026-07-30 17:13:30 UTC"
"WSN","NL","OF",5,"James Wood",4.376,8.4958,2,30,96.6,"strength","Outfield","8.5 WAR | MLB rank 2 of 30 | led by James Wood","primary_position_fangraphs_war_v1","2026-07-30 17:13:30 UTC"
"WSN","NL","2B",3,"Luis García Jr.",1.8875,3.3816,4,30,89.7,"strength","Second base","3.4 WAR | MLB rank 4 of 30 | led by Luis García Jr.","primary_position_fangraphs_war_v1","2026-07-30 17:13:30 UTC"
"WSN","NL","SS",1,"CJ Abrams",3.7843,3.7843,5,28,85.2,"strength","Shortstop","3.8 WAR | MLB rank 5 of 28 | led by CJ Abrams","primary_position_fangraphs_war_v1","2026-07-30 17:13:30 UTC"
"WSN","NL","DH",1,"Abimelec Ortiz",0.0426,0.0426,12,20,42.1,"need","Designated hitter","0 WAR | MLB rank 12 of 20 | led by Abimelec Ortiz","primary_position_fangraphs_war_v1","2026-07-30 17:13:30 UTC"
"WSN","NL","C",3,"Keibert Ruiz",1.2712,1.355,16,30,48.3,"middle","Catcher","1.4 WAR | MLB rank 16 of 30 | led by Keibert Ruiz","primary_position_fangraphs_war_v1","2026-07-30 17:13:30 UTC"
"WSN","NL","1B",1,"Andrés Chaparro",0.4166,0.4166,22,30,27.6,"need","First base","0.4 WAR | MLB rank 22 of 30 | led by Andrés Chaparro","primary_position_fangraphs_war_v1","2026-07-30 17:13:30 UTC"
"WSN","NL","3B",2,"Brady House",0.0437,0.000700000000000006,23,29,21.4,"need","Third base","0 WAR | MLB rank 23 of 29 | led by Brady House","primary_position_fangraphs_war_v1","2026-07-30 17:13:30 UTC"
"WSN","NL","SP",5,"Cade Cavalli",2.6536,4.7657,24,30,20.7,"need","Starting pitching","4.8 WAR | MLB rank 24 of 30 | led by Cade Cavalli","primary_position_fangraphs_war_v1","2026-07-30 17:13:30 UTC"
"WSN","NL","RP",21,"Andrew Alvarez",1.3318,-1.4419,29,30,3.4,"need","Relief pitching","-1.4 WAR | MLB rank 29 of 30 | led by Andrew Alvarez","primary_position_fangraphs_war_v1","2026-07-30 17:13:30 UTC"
