"player_id","player_name","age","team_id","team","position","games","pa","home_runs","stolen_bases","caught_stealing","strikeouts","walks","avg","obp","slg","ops","estimated_fielding_runs","fielding_chances","estimated_catching_runs","catcher_steal_attempts","strikeout_rate","walk_rate","home_run_rate","stolen_base_rate","age_lens","performance_score","estimated_batting_runs","estimated_running_runs","sabrhood_war","swar_component_status","watch_method","watch_rank","source_acquired_at_utc","season"
"691728","Zac Veen",24,"342","Albuquerque Isotopes","LF",100,445,24,18,2,91,48,0.327,0.402,0.635,1.037,-0.926134518604076,189,0,0,0.204494382022472,0.107865168539326,0.0539325842696629,0.0404494382022472,"age-qualified watch",83.4,17.8356,2.4,1.9,"batting, baserunning, fielding, and catching estimates on a 10-runs-per-win scale","aaa_age_performance_and_total_runs_lens_v2",1,"2026-09-18 14:19:57 UTC",2026
"696486","James Tibbs III",23,"238","Oklahoma City Comets","RF",138,628,29,10,1,146,108,0.289,0.414,0.533,0.947,-4.65481587222774,474,0,0,0.232484076433121,0.171974522292994,0.0461783439490446,0.0159235668789809,"age-qualified watch",81.4,16.12704,1.38,1.3,"batting, baserunning, fielding, and catching estimates on a 10-runs-per-win scale","aaa_age_performance_and_total_runs_lens_v2",2,"2026-09-18 14:19:57 UTC",2026
"622569","Pablo Reyes",32,"561","Salt Lake Bees","3B",100,459,10,21,4,59,59,0.331,0.42,0.497,0.917,-1.24178170669537,232,0,0,0.128540305010893,0.128540305010893,0.0217864923747277,0.0457516339869281,"performance standout",81,9.58392,2.1,1,"batting, baserunning, fielding, and catching estimates on a 10-runs-per-win scale","aaa_age_performance_and_total_runs_lens_v2",3,"2026-09-18 14:19:57 UTC",2026
"687627","Kody Huff",25,"445","Columbus Clippers","C",117,486,22,12,6,94,69,0.265,0.379,0.514,0.893,-1.88080538126401,641,0.952889667250438,65,0.193415637860082,0.141975308641975,0.0452674897119342,0.0246913580246914,"performance standout",80.1,8.28144,-0.36,0.7,"batting, baserunning, fielding, and catching estimates on a 10-runs-per-win scale","aaa_age_performance_and_total_runs_lens_v2",4,"2026-09-18 14:19:57 UTC",2026
"695681","Christian Moore",23,"561","Salt Lake Bees","2B",86,418,11,15,4,94,73,0.302,0.431,0.512,0.943,-2.33098794654849,298,0,0,0.22488038277512,0.174641148325359,0.0263157894736842,0.0358851674641148,"age-qualified watch",78.2,10.46672,1.02,0.9,"batting, baserunning, fielding, and catching estimates on a 10-runs-per-win scale","aaa_age_performance_and_total_runs_lens_v2",5,"2026-09-18 14:19:57 UTC",2026
"814154","Scott Bandura",24,"105","Sacramento River Cats","CF",94,430,10,24,2,61,48,0.318,0.398,0.492,0.89,-0.434795081967213,172,0,0,0.141860465116279,0.111627906976744,0.0232558139534884,0.0558139534883721,"age-qualified watch",77.8,7.1208,3.48,1,"batting, baserunning, fielding, and catching estimates on a 10-runs-per-win scale","aaa_age_performance_and_total_runs_lens_v2",6,"2026-09-18 14:19:57 UTC",2026
"694876","Cooper Ingle",24,"445","Columbus Clippers","C",101,460,20,2,1,106,84,0.292,0.42,0.522,0.942,-0.241488481675393,538,0.540893169877408,72,0.230434782608696,0.182608695652174,0.0434782608695652,0.00434782608695652,"age-qualified watch",77.6,11.4448,-0.06,1.2,"batting, baserunning, fielding, and catching estimates on a 10-runs-per-win scale","aaa_age_performance_and_total_runs_lens_v2",7,"2026-09-18 14:19:57 UTC",2026
"676551","Brewer Hicklen",30,"431","Gwinnett Stripers","RF",96,402,18,30,6,93,37,0.302,0.373,0.52,0.893,-0.6209112798249,182,0,0,0.23134328358209,0.0920398009950249,0.0447761194029851,0.0746268656716418,"performance standout",76.8,6.85008,2.88,0.9,"batting, baserunning, fielding, and catching estimates on a 10-runs-per-win scale","aaa_age_performance_and_total_runs_lens_v2",8,"2026-09-18 14:19:57 UTC",2026
"682927","Ronny Simon",26,"484","Indianapolis Indians","LF",115,499,7,35,10,85,65,0.334,0.426,0.472,0.898,-2.26149106002554,212,0,0,0.170340681362725,0.130260521042084,0.0140280561122244,0.0701402805611222,"performance standout",75.1,8.90216,2.1,0.9,"batting, baserunning, fielding, and catching estimates on a 10-runs-per-win scale","aaa_age_performance_and_total_runs_lens_v2",9,"2026-09-18 14:19:57 UTC",2026
"701394","Zach Ehrhard",23,"238","Oklahoma City Comets","CF",134,621,20,27,11,127,93,0.29,0.401,0.469,0.87,-1.74450213662532,252,0,0,0.20450885668277,0.14975845410628,0.0322061191626409,0.0434782608695652,"age-qualified watch",74.8,8.29656,0.239999999999999,0.7,"batting, baserunning, fielding, and catching estimates on a 10-runs-per-win scale","aaa_age_performance_and_total_runs_lens_v2",10,"2026-09-18 14:19:57 UTC",2026
"695491","Joshua Báez",23,"235","Memphis Redbirds","CF",103,461,34,21,3,136,37,0.256,0.328,0.573,0.901,-1.44121221919673,159,0,0,0.295010845986985,0.0802603036876356,0.0737527114967462,0.0455531453362256,"age-qualified watch",73.9,8.44552,2.52,1,"batting, baserunning, fielding, and catching estimates on a 10-runs-per-win scale","aaa_age_performance_and_total_runs_lens_v2",11,"2026-09-18 14:19:57 UTC",2026
"689531","Brett Squires",26,"541","Omaha Storm Chasers","1B",96,401,25,13,0,105,34,0.274,0.337,0.564,0.901,-2.56027838007164,576,0,0,0.261845386533666,0.084788029925187,0.0623441396508728,0.0324189526184539,"performance standout",72.9,7.34632,2.34,0.7,"batting, baserunning, fielding, and catching estimates on a 10-runs-per-win scale","aaa_age_performance_and_total_runs_lens_v2",12,"2026-09-18 14:19:57 UTC",2026
"695508","Cam Cauley",23,"102","Round Rock Express","SS",90,421,15,37,1,87,53,0.275,0.368,0.462,0.83,-0.845658061807531,280,0,0,0.206650831353919,0.125890736342043,0.0356294536817102,0.0878859857482185,"age-qualified watch",72.8,2.93016,6.24,0.8,"batting, baserunning, fielding, and catching estimates on a 10-runs-per-win scale","aaa_age_performance_and_total_runs_lens_v2",13,"2026-09-18 14:19:57 UTC",2026
"669911","Michael Toglia",27,"416","Louisville Bats","1B",97,402,22,4,1,103,56,0.273,0.373,0.547,0.92,-1.92117525773196,698,0,0,0.256218905472637,0.139303482587065,0.054726368159204,0.00995024875621891,"performance standout",72.5,8.58672,0.3,0.7,"batting, baserunning, fielding, and catching estimates on a 10-runs-per-win scale","aaa_age_performance_and_total_runs_lens_v2",14,"2026-09-18 14:19:57 UTC",2026
"670224","Kameron Misner",28,"1410","Lehigh Valley IronPigs","CF",101,429,22,22,3,121,56,0.268,0.366,0.514,0.88,-1.18763638003722,216,0,0,0.282051282051282,0.130536130536131,0.0512820512820513,0.0512820512820513,"performance standout",72.4,6.41784,2.7,0.8,"batting, baserunning, fielding, and catching estimates on a 10-runs-per-win scale","aaa_age_performance_and_total_runs_lens_v2",15,"2026-09-18 14:19:57 UTC",2026
"670242","Matt Wallner",28,"1960","St. Paul Saints","RF",92,406,25,9,3,111,50,0.257,0.369,0.528,0.897,-4.60743115942029,127,0,0,0.273399014778325,0.123152709359606,0.061576354679803,0.0221674876847291,"performance standout",71.6,7.17808,0.36,0.3,"batting, baserunning, fielding, and catching estimates on a 10-runs-per-win scale","aaa_age_performance_and_total_runs_lens_v2",16,"2026-09-18 14:19:57 UTC",2026
"691277","Deyvison De Los Santos",23,"564","Jacksonville Jumbo Shrimp","1B",102,421,21,18,4,82,34,0.277,0.342,0.496,0.838,-2.72280050083473,519,0,0,0.194774346793349,0.0807600950118765,0.0498812351543943,0.0427553444180523,"age-qualified watch",70.4,3.46904,1.56,0.2,"batting, baserunning, fielding, and catching estimates on a 10-runs-per-win scale","aaa_age_performance_and_total_runs_lens_v2",17,"2026-09-18 14:19:57 UTC",2026
"809707","Charlie Condon",23,"342","Albuquerque Isotopes","1B",127,585,26,8,4,147,76,0.275,0.39,0.514,0.904,-2.21748315422597,642,0,0,0.251282051282051,0.12991452991453,0.0444444444444444,0.0136752136752137,"age-qualified watch",70.3,10.998,-0.24,0.9,"batting, baserunning, fielding, and catching estimates on a 10-runs-per-win scale","aaa_age_performance_and_total_runs_lens_v2",18,"2026-09-18 14:19:57 UTC",2026
"681230","BJ Murray Jr.",26,"451","Iowa Cubs","1B",118,516,16,9,4,110,69,0.294,0.395,0.5,0.895,-1.5690723660226,434,0,0,0.213178294573643,0.133720930232558,0.0310077519379845,0.0174418604651163,"performance standout",69.9,8.95776,-0.0600000000000001,0.7,"batting, baserunning, fielding, and catching estimates on a 10-runs-per-win scale","aaa_age_performance_and_total_runs_lens_v2",19,"2026-09-18 14:19:57 UTC",2026
"699302","Héctor Rodríguez",22,"416","Louisville Bats","RF",104,455,27,6,2,93,42,0.274,0.347,0.533,0.88,-0.798784562211982,145,0,0,0.204395604395604,0.0923076923076923,0.0593406593406593,0.0131868131868132,"age-qualified watch",69.2,6.8068,0.24,0.6,"batting, baserunning, fielding, and catching estimates on a 10-runs-per-win scale","aaa_age_performance_and_total_runs_lens_v2",20,"2026-09-18 14:19:57 UTC",2026
"676801","Chas McCormick",31,"451","Iowa Cubs","LF",99,402,14,16,5,82,51,0.28,0.382,0.464,0.846,-0.335506711409396,124,0,0,0.203980099502488,0.126865671641791,0.0348258706467662,0.0398009950248756,"performance standout",69.1,3.82704,0.78,0.4,"batting, baserunning, fielding, and catching estimates on a 10-runs-per-win scale","aaa_age_performance_and_total_runs_lens_v2",21,"2026-09-18 14:19:57 UTC",2026
"805347","Jim Jarvis",25,"431","Gwinnett Stripers","SS",97,446,6,38,11,73,61,0.301,0.398,0.441,0.839,-3.30733516483516,392,0,0,0.163677130044843,0.13677130044843,0.0134529147982063,0.0852017937219731,"performance standout",68.5,3.7464,2.22,0.3,"batting, baserunning, fielding, and catching estimates on a 10-runs-per-win scale","aaa_age_performance_and_total_runs_lens_v2",22,"2026-09-18 14:19:57 UTC",2026
"687799","Cade Marlowe",29,"561","Salt Lake Bees","RF",116,507,11,33,3,113,54,0.313,0.389,0.5,0.889,-0.498281690140846,235,0,0,0.222879684418146,0.106508875739645,0.0216962524654832,0.0650887573964497,"performance standout",68.1,8.3148,4.68,1.2,"batting, baserunning, fielding, and catching estimates on a 10-runs-per-win scale","aaa_age_performance_and_total_runs_lens_v2",23,"2026-09-18 14:19:57 UTC",2026
"801194","Max Anderson",24,"512","Toledo Mud Hens","2B",105,469,15,4,2,62,52,0.301,0.386,0.479,0.865,0.343713926174495,309,0,0,0.132196162046908,0.110874200426439,0.0319829424307036,0.00852878464818763,"age-qualified watch",67.9,5.89064,-0.12,0.6,"batting, baserunning, fielding, and catching estimates on a 10-runs-per-win scale","aaa_age_performance_and_total_runs_lens_v2",24,"2026-09-18 14:19:57 UTC",2026
"669256","Nick Solak",31,"4904","El Paso Chihuahuas","RF",112,493,16,7,2,63,36,0.312,0.376,0.492,0.868,-0.442091836734694,316,0,0,0.127789046653144,0.0730223123732252,0.0324543610547667,0.0141987829614604,"performance standout",67.6,6.42872,0.42,0.6,"batting, baserunning, fielding, and catching estimates on a 10-runs-per-win scale","aaa_age_performance_and_total_runs_lens_v2",25,"2026-09-18 14:19:57 UTC",2026
"689172","Brett Wisely",27,"431","Gwinnett Stripers","2B",122,508,11,27,5,102,76,0.278,0.396,0.432,0.828,-1.63656729981661,420,0,0,0.200787401574803,0.149606299212598,0.0216535433070866,0.0531496062992126,"performance standout",66.7,3.37312,2.76,0.4,"batting, baserunning, fielding, and catching estimates on a 10-runs-per-win scale","aaa_age_performance_and_total_runs_lens_v2",26,"2026-09-18 14:19:57 UTC",2026
"699024","Leo Bernal",22,"235","Memphis Redbirds","C",101,432,16,9,7,86,51,0.278,0.363,0.468,0.831,-2.19742505581297,878,1.40604203152364,84,0.199074074074074,0.118055555555556,0.037037037037037,0.0208333333333333,"age-qualified watch",65,3.07584,-1.32,0.1,"batting, baserunning, fielding, and catching estimates on a 10-runs-per-win scale","aaa_age_performance_and_total_runs_lens_v2",27,"2026-09-18 14:19:57 UTC",2026
"691002","Yohandy Morales",24,"534","Rochester Red Wings","1B",104,455,25,6,1,111,43,0.286,0.363,0.519,0.882,-1.75492908843367,466,0,0,0.243956043956044,0.0945054945054945,0.0549450549450549,0.0131868131868132,"age-qualified watch",65,6.9524,0.66,0.6,"batting, baserunning, fielding, and catching estimates on a 10-runs-per-win scale","aaa_age_performance_and_total_runs_lens_v2",28,"2026-09-18 14:19:57 UTC",2026
"814436","Ryan Galanie",26,"494","Charlotte Knights","1B",103,408,19,11,4,97,30,0.283,0.344,0.519,0.863,-1.00621062992126,568,0,0,0.237745098039216,0.0735294117647059,0.0465686274509804,0.0269607843137255,"performance standout",64.9,4.99392,0.3,0.4,"batting, baserunning, fielding, and catching estimates on a 10-runs-per-win scale","aaa_age_performance_and_total_runs_lens_v2",29,"2026-09-18 14:19:57 UTC",2026
"702358","Trey Lipscomb",26,"534","Rochester Red Wings","SS",131,541,32,15,3,141,29,0.285,0.323,0.537,0.86,-1.452099270647,362,0,0,0.260628465804067,0.0536044362292052,0.0591497227356747,0.0277264325323475,"performance standout",64.7,6.36216,1.44,0.6,"batting, baserunning, fielding, and catching estimates on a 10-runs-per-win scale","aaa_age_performance_and_total_runs_lens_v2",30,"2026-09-18 14:19:57 UTC",2026
"669261","Jack Suwinski",27,"234","Durham Bulls","RF",128,538,22,11,1,127,62,0.276,0.363,0.494,0.857,-1.01976775214835,215,0,0,0.236059479553903,0.115241635687732,0.0408921933085502,0.0204460966542751,"performance standout",64.4,6.06864,1.56,0.7,"batting, baserunning, fielding, and catching estimates on a 10-runs-per-win scale","aaa_age_performance_and_total_runs_lens_v2",31,"2026-09-18 14:19:57 UTC",2026
"801126","Brock Rodden",26,"529","Tacoma Rainiers","3B",92,410,19,8,3,93,43,0.262,0.342,0.499,0.841,-0.930624392834967,320,0,0,0.226829268292683,0.104878048780488,0.0463414634146341,0.0195121951219512,"performance standout",64.3,3.5752,0.18,0.3,"batting, baserunning, fielding, and catching estimates on a 10-runs-per-win scale","aaa_age_performance_and_total_runs_lens_v2",32,"2026-09-18 14:19:57 UTC",2026
"703601","Max Clark",21,"512","Toledo Mud Hens","CF",90,418,11,21,2,66,50,0.276,0.368,0.434,0.802,-1.11373170731707,248,0,0,0.157894736842105,0.119617224880383,0.0263157894736842,0.0502392344497608,"age-qualified watch",63.9,1.03664,2.94,0.3,"batting, baserunning, fielding, and catching estimates on a 10-runs-per-win scale","aaa_age_performance_and_total_runs_lens_v2",33,"2026-09-18 14:19:57 UTC",2026
"693306","Aaron Sabato",27,"1960","St. Paul Saints","1B",111,463,25,5,0,117,41,0.276,0.352,0.534,0.886,-0.907751408609422,708,0,0,0.252699784017279,0.0885529157667387,0.0539956803455724,0.0107991360691145,"performance standout",63.3,7.37096,0.9,0.7,"batting, baserunning, fielding, and catching estimates on a 10-runs-per-win scale","aaa_age_performance_and_total_runs_lens_v2",34,"2026-09-18 14:19:57 UTC",2026
"678760","Eddys Leonard",25,"105","Sacramento River Cats","1B",96,396,17,8,6,74,39,0.264,0.348,0.471,0.819,-1.83540502447588,315,0,0,0.186868686868687,0.0984848484848485,0.0429292929292929,0.0202020202020202,"performance standout",63,2.0592,-1.08,-0.1,"batting, baserunning, fielding, and catching estimates on a 10-runs-per-win scale","aaa_age_performance_and_total_runs_lens_v2",35,"2026-09-18 14:19:57 UTC",2026
"696135","Kahlil Watson",23,"445","Columbus Clippers","CF",95,429,19,23,13,118,57,0.24,0.355,0.455,0.81,-0.289823529411765,193,0,0,0.275058275058275,0.132867132867133,0.0442890442890443,0.0536130536130536,"age-qualified watch",62.4,1.61304000000001,-1.32,0,"batting, baserunning, fielding, and catching estimates on a 10-runs-per-win scale","aaa_age_performance_and_total_runs_lens_v2",36,"2026-09-18 14:19:57 UTC",2026
"624415","Cavan Biggio",31,"5434","Sugar Land Space Cowboys","2B",123,554,18,12,1,117,104,0.23,0.387,0.415,0.802,-0.510434479411174,616,0,0,0.211191335740072,0.187725631768953,0.0324909747292419,0.0216606498194946,"performance standout",62.3,1.37392000000001,1.74,0.3,"batting, baserunning, fielding, and catching estimates on a 10-runs-per-win scale","aaa_age_performance_and_total_runs_lens_v2",37,"2026-09-18 14:19:57 UTC",2026
"680837","Ryan Fitzgerald",32,"238","Oklahoma City Comets","3B",134,600,16,11,3,101,44,0.312,0.372,0.484,0.856,-0.423021809843348,438,0,0,0.168333333333333,0.0733333333333333,0.0266666666666667,0.0183333333333333,"performance standout",60.9,6.672,0.72,0.7,"batting, baserunning, fielding, and catching estimates on a 10-runs-per-win scale","aaa_age_performance_and_total_runs_lens_v2",38,"2026-09-18 14:19:57 UTC",2026
"691182","Adael Amador",23,"342","Albuquerque Isotopes","2B",94,434,11,11,7,48,61,0.264,0.367,0.428,0.795,-3.13840460809708,372,0,0,0.110599078341014,0.140552995391705,0.0253456221198157,0.0253456221198157,"age-qualified watch",60.8,0.590240000000004,-0.96,-0.4,"batting, baserunning, fielding, and catching estimates on a 10-runs-per-win scale","aaa_age_performance_and_total_runs_lens_v2",39,"2026-09-18 14:19:57 UTC",2026
"608841","Joey Meneses",34,"400","Las Vegas Aviators","1B",118,538,16,0,0,61,45,0.306,0.364,0.467,0.831,0.0453620689655161,877,0,0,0.113382899628253,0.0836431226765799,0.0297397769516729,0,"performance standout",60.4,3.83056,0,0.4,"batting, baserunning, fielding, and catching estimates on a 10-runs-per-win scale","aaa_age_performance_and_total_runs_lens_v2",40,"2026-09-18 14:19:57 UTC",2026
"681146","Jonah Bride",30,"102","Round Rock Express","1B",122,538,10,9,7,80,94,0.279,0.407,0.412,0.819,-2.39604769187987,586,0,0,0.148698884758364,0.174721189591078,0.0185873605947955,0.016728624535316,"performance standout",59.6,2.7976,-1.32,-0.1,"batting, baserunning, fielding, and catching estimates on a 10-runs-per-win scale","aaa_age_performance_and_total_runs_lens_v2",41,"2026-09-18 14:19:57 UTC",2026
"642133","Rowdy Tellez",31,"431","Gwinnett Stripers","1B",100,399,16,5,2,91,49,0.268,0.358,0.467,0.825,-1.94905396290051,513,0,0,0.228070175438596,0.12280701754386,0.0401002506265664,0.012531328320802,"performance standout",58.4,2.45784,0.0599999999999999,0.1,"batting, baserunning, fielding, and catching estimates on a 10-runs-per-win scale","aaa_age_performance_and_total_runs_lens_v2",42,"2026-09-18 14:19:57 UTC",2026
"701649","James Triantos",23,"451","Iowa Cubs","2B",109,471,9,27,8,57,33,0.297,0.352,0.436,0.788,-3.04448866608544,338,0,0,0.121019108280255,0.0700636942675159,0.0191082802547771,0.0573248407643312,"age-qualified watch",57.6,0.113040000000004,1.5,-0.1,"batting, baserunning, fielding, and catching estimates on a 10-runs-per-win scale","aaa_age_performance_and_total_runs_lens_v2",43,"2026-09-18 14:19:57 UTC",2026
"683021","Michael Stefanic",30,"400","Las Vegas Aviators","2B",100,453,6,9,1,43,59,0.296,0.405,0.414,0.819,-1.37307438184514,206,0,0,0.0949227373068433,0.130242825607064,0.0132450331125828,0.0198675496688742,"performance standout",57.6,2.3556,1.2,0.2,"batting, baserunning, fielding, and catching estimates on a 10-runs-per-win scale","aaa_age_performance_and_total_runs_lens_v2",44,"2026-09-18 14:19:57 UTC",2026
"677060","Chad Stevens",27,"342","Albuquerque Isotopes","3B",96,412,7,17,4,114,51,0.32,0.415,0.473,0.888,-4.21638854208618,294,0,0,0.276699029126214,0.12378640776699,0.0169902912621359,0.0412621359223301,"performance standout",57.3,6.69088,1.38,0.4,"batting, baserunning, fielding, and catching estimates on a 10-runs-per-win scale","aaa_age_performance_and_total_runs_lens_v2",45,"2026-09-18 14:19:57 UTC",2026
"683454","Brayan Buelvas",24,"400","Las Vegas Aviators","CF",99,395,17,5,0,102,36,0.275,0.342,0.507,0.849,-1.43464910313901,224,0,0,0.258227848101266,0.0911392405063291,0.0430379746835443,0.0126582278481013,"age-qualified watch",56.9,3.95,0.9,0.3,"batting, baserunning, fielding, and catching estimates on a 10-runs-per-win scale","aaa_age_performance_and_total_runs_lens_v2",46,"2026-09-18 14:19:57 UTC",2026
"677578","Carlos Rodríguez",25,"4904","El Paso Chihuahuas","CF",121,534,6,23,5,58,53,0.313,0.379,0.423,0.802,-1.29074719441083,219,0,0,0.108614232209738,0.099250936329588,0.0112359550561798,0.0430711610486891,"performance standout",56.9,1.32432000000001,2.04,0.2,"batting, baserunning, fielding, and catching estimates on a 10-runs-per-win scale","aaa_age_performance_and_total_runs_lens_v2",47,"2026-09-18 14:19:57 UTC",2026
"605353","Vimael Machín",32,"342","Albuquerque Isotopes","3B",112,496,12,7,3,70,53,0.29,0.369,0.441,0.81,-2.18139368298892,393,0,0,0.141129032258065,0.106854838709677,0.0241935483870968,0.0141129032258065,"performance standout",56.9,1.86496000000001,0,0,"batting, baserunning, fielding, and catching estimates on a 10-runs-per-win scale","aaa_age_performance_and_total_runs_lens_v2",48,"2026-09-18 14:19:57 UTC",2026
"666134","Nolan Jones",28,"529","Tacoma Rainiers","CF",119,509,19,15,3,126,69,0.255,0.356,0.444,0.8,-0.901246753246754,237,0,0,0.2475442043222,0.135559921414538,0.037328094302554,0.0294695481335953,"performance standout",56.6,1.09944000000001,1.44,0.2,"batting, baserunning, fielding, and catching estimates on a 10-runs-per-win scale","aaa_age_performance_and_total_runs_lens_v2",49,"2026-09-18 14:19:57 UTC",2026
"801501","Nate Furman",24,"105","Sacramento River Cats","2B",102,468,7,19,5,55,52,0.293,0.377,0.414,0.791,-4.46388679245284,344,0,0,0.117521367521368,0.111111111111111,0.014957264957265,0.0405982905982906,"age-qualified watch",56.4,0.336960000000004,1.32,-0.3,"batting, baserunning, fielding, and catching estimates on a 10-runs-per-win scale","aaa_age_performance_and_total_runs_lens_v2",50,"2026-09-18 14:19:57 UTC",2026
"686823","Will Brennan",28,"105","Sacramento River Cats","RF",93,402,11,6,2,44,19,0.299,0.338,0.466,0.804,-0.603193351512791,196,0,0,0.109452736318408,0.0472636815920398,0.027363184079602,0.0149253731343284,"performance standout",55.5,1.1256,0.24,0.1,"batting, baserunning, fielding, and catching estimates on a 10-runs-per-win scale","aaa_age_performance_and_total_runs_lens_v2",51,"2026-09-18 14:19:57 UTC",2026
"647351","Abraham Toro",29,"541","Omaha Storm Chasers","3B",121,495,19,2,2,100,47,0.269,0.349,0.476,0.825,-1.69807154399064,482,0,0,0.202020202020202,0.094949494949495,0.0383838383838384,0.00404040404040404,"performance standout",55.5,3.0492,-0.48,0.1,"batting, baserunning, fielding, and catching estimates on a 10-runs-per-win scale","aaa_age_performance_and_total_runs_lens_v2",52,"2026-09-18 14:19:57 UTC",2026
"667452","Corey Julks",30,"512","Toledo Mud Hens","DH",100,424,18,9,4,88,42,0.262,0.337,0.452,0.789,-0.570223050009049,98,0,0,0.207547169811321,0.0990566037735849,0.0424528301886792,0.0212264150943396,"performance standout",54.7,0.169600000000004,-0.0600000000000001,0,"batting, baserunning, fielding, and catching estimates on a 10-runs-per-win scale","aaa_age_performance_and_total_runs_lens_v2",53,"2026-09-18 14:19:57 UTC",2026
"803033","Matthew Etzel",24,"564","Jacksonville Jumbo Shrimp","LF",118,493,19,22,7,122,66,0.243,0.347,0.433,0.78,-0.440096153846154,169,0,0,0.247464503042596,0.133874239350913,0.0385395537525355,0.0446247464503043,"age-qualified watch",54.6,-0.512719999999996,1.02,0,"batting, baserunning, fielding, and catching estimates on a 10-runs-per-win scale","aaa_age_performance_and_total_runs_lens_v2",54,"2026-09-18 14:19:57 UTC",2026
"669899","Ryan Ward",28,"238","Oklahoma City Comets","1B",106,475,18,8,2,83,62,0.249,0.349,0.43,0.779,-2.52130584372586,405,0,0,0.174736842105263,0.130526315789474,0.0378947368421053,0.0168421052631579,"performance standout",54.3,-0.569999999999996,0.6,-0.2,"batting, baserunning, fielding, and catching estimates on a 10-runs-per-win scale","aaa_age_performance_and_total_runs_lens_v2",55,"2026-09-18 14:19:57 UTC",2026
"677565","Kristian Robinson",25,"2310","Reno Aces","RF",113,489,14,22,5,141,67,0.269,0.377,0.438,0.815,-3.76121199152197,248,0,0,0.288343558282209,0.137014314928425,0.0286298568507157,0.0449897750511247,"performance standout",54.1,2.22984,1.86,0,"batting, baserunning, fielding, and catching estimates on a 10-runs-per-win scale","aaa_age_performance_and_total_runs_lens_v2",56,"2026-09-18 14:19:57 UTC",2026
"805346","Ben Ross",25,"1960","St. Paul Saints","SS",105,430,15,12,7,116,58,0.248,0.354,0.452,0.806,-0.508933150018029,309,0,0,0.269767441860465,0.134883720930233,0.0348837209302326,0.027906976744186,"performance standout",54,1.34160000000001,-0.78,0,"batting, baserunning, fielding, and catching estimates on a 10-runs-per-win scale","aaa_age_performance_and_total_runs_lens_v2",57,"2026-09-18 14:19:57 UTC",2026
"694410","LuJames Groover",24,"2310","Reno Aces","3B",96,440,6,4,0,67,53,0.305,0.389,0.436,0.825,-3.82990909090909,387,0,0,0.152272727272727,0.120454545454545,0.0136363636363636,0.00909090909090909,"age-qualified watch",52.6,2.7104,0.72,0,"batting, baserunning, fielding, and catching estimates on a 10-runs-per-win scale","aaa_age_performance_and_total_runs_lens_v2",58,"2026-09-18 14:19:57 UTC",2026
"675455","Milan Tolentino",24,"445","Columbus Clippers","SS",127,489,21,20,5,154,65,0.229,0.333,0.461,0.794,1.8937346454915,399,0,0,0.314928425357873,0.132924335378323,0.0429447852760736,0.0408997955010225,"age-qualified watch",52.4,0.586800000000005,1.5,0.4,"batting, baserunning, fielding, and catching estimates on a 10-runs-per-win scale","aaa_age_performance_and_total_runs_lens_v2",59,"2026-09-18 14:19:57 UTC",2026
"680636","Ramon Mendoza",25,"235","Memphis Redbirds","3B",112,454,9,2,1,84,49,0.292,0.381,0.441,0.822,-2.43058543738361,459,0,0,0.185022026431718,0.107929515418502,0.0198237885462555,0.00440528634361234,"performance standout",51.4,2.57872,-0.06,0,"batting, baserunning, fielding, and catching estimates on a 10-runs-per-win scale","aaa_age_performance_and_total_runs_lens_v2",60,"2026-09-18 14:19:57 UTC",2026
"660636","Diego Castillo",28,"102","Round Rock Express","3B",95,405,5,7,6,43,41,0.304,0.374,0.422,0.796,-1.37591623946229,294,0,0,0.106172839506173,0.101234567901235,0.0123456790123457,0.0172839506172839,"performance standout",51.4,0.615600000000004,-1.26,-0.2,"batting, baserunning, fielding, and catching estimates on a 10-runs-per-win scale","aaa_age_performance_and_total_runs_lens_v2",61,"2026-09-18 14:19:57 UTC",2026
"694351","Jacob Berry",25,"541","Omaha Storm Chasers","RF",98,406,10,19,7,62,50,0.253,0.353,0.406,0.759,-3.13637118780096,215,0,0,0.152709359605911,0.123152709359606,0.0246305418719212,0.0467980295566502,"performance standout",51.3,-1.7864,0.48,-0.4,"batting, baserunning, fielding, and catching estimates on a 10-runs-per-win scale","aaa_age_performance_and_total_runs_lens_v2",62,"2026-09-18 14:19:57 UTC",2026
"665828","Oswaldo Cabrera",27,"531","Scranton/Wilkes-Barre RailRiders","3B",122,524,19,12,1,107,45,0.288,0.345,0.444,0.789,0.23666200765151,357,0,0,0.204198473282443,0.0858778625954199,0.0362595419847328,0.0229007633587786,"performance standout",51.1,0.209600000000005,1.74,0.2,"batting, baserunning, fielding, and catching estimates on a 10-runs-per-win scale","aaa_age_performance_and_total_runs_lens_v2",63,"2026-09-18 14:19:57 UTC",2026
"675085","Jonathon Long",24,"564","Jacksonville Jumbo Shrimp","1B",132,593,16,3,0,129,75,0.274,0.368,0.445,0.813,-1.90285839048654,733,0,0,0.217537942664418,0.126475548060708,0.0269814502529511,0.00505902192242833,"age-qualified watch",50.9,2.51432,0.54,0.1,"batting, baserunning, fielding, and catching estimates on a 10-runs-per-win scale","aaa_age_performance_and_total_runs_lens_v2",64,"2026-09-18 14:19:57 UTC",2026
"700032","Victor Labrada",26,"529","Tacoma Rainiers","CF",118,493,11,20,6,96,53,0.269,0.369,0.416,0.785,-1.91775503155381,256,0,0,0.1947261663286,0.107505070993915,0.0223123732251521,0.0405679513184584,"performance standout",50.8,-0.118319999999996,1.08,-0.1,"batting, baserunning, fielding, and catching estimates on a 10-runs-per-win scale","aaa_age_performance_and_total_runs_lens_v2",65,"2026-09-18 14:19:57 UTC",2026
"672012","Tyler Black",25,"556","Nashville Sounds","LF",100,418,7,23,4,92,63,0.251,0.374,0.394,0.768,-0.971099962769919,230,0,0,0.220095693779904,0.150717703349282,0.0167464114832536,0.0550239234449761,"performance standout",48.6,-1.23728,2.46,0,"batting, baserunning, fielding, and catching estimates on a 10-runs-per-win scale","aaa_age_performance_and_total_runs_lens_v2",66,"2026-09-18 14:19:57 UTC",2026
"671286","Johnathan Rodríguez",26,"400","Las Vegas Aviators","LF",99,420,10,1,0,90,56,0.277,0.376,0.429,0.805,-0.880409090909092,107,0,0,0.214285714285714,0.133333333333333,0.0238095238095238,0.00238095238095238,"performance standout",48.3,1.2432,0.18,0.1,"batting, baserunning, fielding, and catching estimates on a 10-runs-per-win scale","aaa_age_performance_and_total_runs_lens_v2",67,"2026-09-18 14:19:57 UTC",2026
"680911","Owen Miller",29,"451","Iowa Cubs","3B",111,468,7,12,6,60,28,0.293,0.344,0.444,0.788,0.16984697411899,312,0,0,0.128205128205128,0.0598290598290598,0.014957264957265,0.0256410256410256,"performance standout",48,0.112320000000004,-0.36,0,"batting, baserunning, fielding, and catching estimates on a 10-runs-per-win scale","aaa_age_performance_and_total_runs_lens_v2",68,"2026-09-18 14:19:57 UTC",2026
"681962","Vinny Capra",29,"533","Worcester Red Sox","SS",109,469,11,12,2,94,59,0.27,0.368,0.411,0.779,0.538587169323696,286,0,0,0.200426439232409,0.125799573560768,0.023454157782516,0.0255863539445629,"performance standout",47.9,-0.562799999999996,1.32,0.1,"batting, baserunning, fielding, and catching estimates on a 10-runs-per-win scale","aaa_age_performance_and_total_runs_lens_v2",69,"2026-09-18 14:19:57 UTC",2026
"656308","Michael Chavis",30,"416","Louisville Bats","3B",122,494,25,3,4,109,43,0.251,0.324,0.46,0.784,0.157590909090906,418,0,0,0.220647773279352,0.0870445344129555,0.0506072874493927,0.00607287449392713,"performance standout",47.6,-0.197599999999996,-1.14,-0.1,"batting, baserunning, fielding, and catching estimates on a 10-runs-per-win scale","aaa_age_performance_and_total_runs_lens_v2",70,"2026-09-18 14:19:57 UTC",2026
"686554","Oliver Dunn",28,"234","Durham Bulls","2B",113,473,19,20,4,141,56,0.241,0.345,0.434,0.779,-3.29554144308898,285,0,0,0.298097251585624,0.118393234672304,0.040169133192389,0.0422832980972516,"performance standout",46.8,-0.567599999999996,1.92,-0.2,"batting, baserunning, fielding, and catching estimates on a 10-runs-per-win scale","aaa_age_performance_and_total_runs_lens_v2",71,"2026-09-18 14:19:57 UTC",2026
"667803","Ernesto Martinez Jr.",27,"531","Scranton/Wilkes-Barre RailRiders","1B",113,447,17,14,1,113,51,0.243,0.331,0.439,0.77,-4.04088500851789,517,0,0,0.252796420581655,0.114093959731544,0.0380313199105145,0.0313199105145414,"performance standout",46.2,-1.18008,2.1,-0.3,"batting, baserunning, fielding, and catching estimates on a 10-runs-per-win scale","aaa_age_performance_and_total_runs_lens_v2",72,"2026-09-18 14:19:57 UTC",2026
"665839","Enmanuel Valdez",27,"484","Indianapolis Indians","3B",116,480,18,1,4,80,43,0.254,0.328,0.447,0.775,0.101449409728935,337,0,0,0.166666666666667,0.0895833333333333,0.0375,0.00208333333333333,"performance standout",45.8,-0.883199999999997,-1.5,-0.2,"batting, baserunning, fielding, and catching estimates on a 10-runs-per-win scale","aaa_age_performance_and_total_runs_lens_v2",73,"2026-09-18 14:19:57 UTC",2026
"703492","Nick Morabito",23,"552","Syracuse Mets","CF",114,507,13,42,4,106,57,0.254,0.355,0.388,0.743,-0.537121553884712,204,0,0,0.209072978303748,0.112426035502959,0.0256410256410256,0.0828402366863905,"age-qualified watch",45.6,-3.52872,5.88,0.2,"batting, baserunning, fielding, and catching estimates on a 10-runs-per-win scale","aaa_age_performance_and_total_runs_lens_v2",74,"2026-09-18 14:19:57 UTC",2026
"690291","Jace Jung",25,"512","Toledo Mud Hens","1B",130,557,21,2,1,114,83,0.227,0.343,0.418,0.761,-1.56978108986156,588,0,0,0.204667863554758,0.149012567324955,0.0377019748653501,0.00359066427289048,"performance standout",44.3,-2.27256,-0.06,-0.4,"batting, baserunning, fielding, and catching estimates on a 10-runs-per-win scale","aaa_age_performance_and_total_runs_lens_v2",75,"2026-09-18 14:19:57 UTC",2026
"807747","Rikuu Nishida",25,"494","Charlotte Knights","2B",101,471,1,24,9,85,80,0.289,0.422,0.324,0.746,-0.130530987604958,343,0,0,0.180467091295117,0.169851380042463,0.00212314225053079,0.0509554140127389,"performance standout",43.6,-3.05208,0.54,-0.3,"batting, baserunning, fielding, and catching estimates on a 10-runs-per-win scale","aaa_age_performance_and_total_runs_lens_v2",76,"2026-09-18 14:19:57 UTC",2026
"676203","Marcos Castañon",27,"4904","El Paso Chihuahuas","2B",114,480,17,4,1,87,30,0.283,0.334,0.448,0.782,-0.986342546693812,464,0,0,0.18125,0.0625,0.0354166666666667,0.00833333333333333,"performance standout",43.2,-0.345599999999996,0.3,-0.1,"batting, baserunning, fielding, and catching estimates on a 10-runs-per-win scale","aaa_age_performance_and_total_runs_lens_v2",77,"2026-09-18 14:19:57 UTC",2026
"692585","Yanquiel Fernández",23,"531","Scranton/Wilkes-Barre RailRiders","RF",124,526,26,3,2,115,38,0.259,0.312,0.467,0.779,-0.504073170731708,169,0,0,0.218631178707224,0.0722433460076046,0.0494296577946768,0.00570342205323194,"age-qualified watch",43,-0.631199999999996,-0.3,-0.1,"batting, baserunning, fielding, and catching estimates on a 10-runs-per-win scale","aaa_age_performance_and_total_runs_lens_v2",78,"2026-09-18 14:19:57 UTC",2026
"570560","Yolmer Sánchez",34,"561","Salt Lake Bees","SS",122,500,8,20,5,115,58,0.273,0.372,0.409,0.781,-0.900500846979102,376,0,0,0.23,0.116,0.016,0.04,"performance standout",42.9,-0.439999999999996,1.5,0,"batting, baserunning, fielding, and catching estimates on a 10-runs-per-win scale","aaa_age_performance_and_total_runs_lens_v2",79,"2026-09-18 14:19:57 UTC",2026
"687605","Andrew Pinckney",25,"534","Rochester Red Wings","CF",99,402,14,20,7,125,41,0.268,0.345,0.423,0.768,-1.77192639593909,231,0,0,0.310945273631841,0.101990049751244,0.0348258706467662,0.0497512437810945,"performance standout",42.3,-1.18992,0.66,-0.2,"batting, baserunning, fielding, and catching estimates on a 10-runs-per-win scale","aaa_age_performance_and_total_runs_lens_v2",80,"2026-09-18 14:19:57 UTC",2026
"694580","Kemp Alderman",23,"564","Jacksonville Jumbo Shrimp","RF",103,430,19,10,2,140,37,0.252,0.333,0.436,0.769,-1.58090923360035,295,0,0,0.325581395348837,0.086046511627907,0.0441860465116279,0.0232558139534884,"age-qualified watch",41.8,-1.204,0.96,-0.2,"batting, baserunning, fielding, and catching estimates on a 10-runs-per-win scale","aaa_age_performance_and_total_runs_lens_v2",81,"2026-09-18 14:19:57 UTC",2026
"671221","Drew Waters",27,"541","Omaha Storm Chasers","CF",105,431,14,18,5,109,35,0.261,0.323,0.444,0.767,-1.59081630783326,174,0,0,0.252900232018561,0.0812064965197216,0.0324825986078886,0.0417633410672854,"performance standout",41.1,-1.34472,1.14,-0.2,"batting, baserunning, fielding, and catching estimates on a 10-runs-per-win scale","aaa_age_performance_and_total_runs_lens_v2",82,"2026-09-18 14:19:57 UTC",2026
"695735","Creed Willems",23,"568","Norfolk Tides","C",108,440,18,0,0,96,51,0.254,0.351,0.411,0.762,-3.99108445642408,728,-2.6276707530648,87,0.218181818181818,0.115909090909091,0.0409090909090909,0,"age-qualified watch",40.9,-1.7248,0,-0.8,"batting, baserunning, fielding, and catching estimates on a 10-runs-per-win scale","aaa_age_performance_and_total_runs_lens_v2",83,"2026-09-18 14:19:57 UTC",2026
"669200","Mason McCoy",31,"4904","El Paso Chihuahuas","SS",133,555,10,37,6,123,54,0.281,0.356,0.405,0.761,3.30760402505909,586,0,0,0.221621621621622,0.0972972972972973,0.018018018018018,0.0666666666666667,"performance standout",40.6,-2.2644,4.14,0.5,"batting, baserunning, fielding, and catching estimates on a 10-runs-per-win scale","aaa_age_performance_and_total_runs_lens_v2",84,"2026-09-18 14:19:57 UTC",2026
"807742","Colton Ledbetter",24,"235","Memphis Redbirds","RF",110,461,13,25,5,129,40,0.266,0.334,0.431,0.765,-1.15308894111004,201,0,0,0.279826464208243,0.0867678958785249,0.0281995661605206,0.0542299349240781,"age-qualified watch",40.4,-1.58584,2.4,0,"batting, baserunning, fielding, and catching estimates on a 10-runs-per-win scale","aaa_age_performance_and_total_runs_lens_v2",85,"2026-09-18 14:19:57 UTC",2026
"685332","Carlos Mendoza",26,"422","Buffalo Bisons","2B",107,410,7,7,7,69,68,0.24,0.377,0.35,0.727,-2.01199823846747,266,0,0,0.168292682926829,0.165853658536585,0.0170731707317073,0.0170731707317073,"performance standout",39.6,-3.9032,-1.68,-0.8,"batting, baserunning, fielding, and catching estimates on a 10-runs-per-win scale","aaa_age_performance_and_total_runs_lens_v2",86,"2026-09-18 14:19:57 UTC",2026
"691369","Allan Castro",23,"533","Worcester Red Sox","RF",117,495,14,20,6,92,51,0.251,0.325,0.387,0.712,-2.96122695035461,215,0,0,0.185858585858586,0.103030303030303,0.0282828282828283,0.0404040404040404,"age-qualified watch",39.3,-5.9004,1.08,-0.8,"batting, baserunning, fielding, and catching estimates on a 10-runs-per-win scale","aaa_age_performance_and_total_runs_lens_v2",87,"2026-09-18 14:19:57 UTC",2026
"703185","Nelson Rada",20,"561","Salt Lake Bees","CF",125,571,3,41,8,107,70,0.273,0.371,0.355,0.726,-4.54498760695255,282,0,0,0.18739054290718,0.122591943957968,0.00525394045534151,0.0718038528896672,"age-qualified watch",39.1,-5.52728,4.02,-0.6,"batting, baserunning, fielding, and catching estimates on a 10-runs-per-win scale","aaa_age_performance_and_total_runs_lens_v2",88,"2026-09-18 14:19:57 UTC",2026
"681047","Christian Franklin",26,"568","Norfolk Tides","LF",96,439,7,20,4,109,68,0.25,0.378,0.367,0.745,-0.914302255030843,194,0,0,0.248291571753986,0.154897494305239,0.0159453302961276,0.0455580865603645,"performance standout",38.8,-2.91496,1.92,-0.2,"batting, baserunning, fielding, and catching estimates on a 10-runs-per-win scale","aaa_age_performance_and_total_runs_lens_v2",89,"2026-09-18 14:19:57 UTC",2026
"805249","Otto Kemp",26,"1410","Lehigh Valley IronPigs","3B",105,441,17,10,6,97,37,0.228,0.333,0.408,0.741,-0.966278149131861,217,0,0,0.219954648526077,0.0839002267573696,0.0385487528344671,0.0226757369614512,"performance standout",38.7,-3.21048,-0.72,-0.5,"batting, baserunning, fielding, and catching estimates on a 10-runs-per-win scale","aaa_age_performance_and_total_runs_lens_v2",90,"2026-09-18 14:19:57 UTC",2026
"669398","Gage Workman",26,"4904","El Paso Chihuahuas","3B",111,487,11,24,6,147,40,0.281,0.34,0.437,0.777,-1.7268779047799,369,0,0,0.301848049281314,0.082135523613963,0.0225872689938398,0.0492813141683778,"performance standout",38.6,-0.740239999999996,1.8,-0.1,"batting, baserunning, fielding, and catching estimates on a 10-runs-per-win scale","aaa_age_performance_and_total_runs_lens_v2",91,"2026-09-18 14:19:57 UTC",2026
"682877","Juan Brito",24,"416","Louisville Bats","2B",105,470,11,8,3,84,64,0.236,0.341,0.383,0.724,0.465559664751731,417,0,0,0.178723404255319,0.136170212765957,0.0234042553191489,0.0170212765957447,"age-qualified watch",38.3,-4.7,0.18,-0.4,"batting, baserunning, fielding, and catching estimates on a 10-runs-per-win scale","aaa_age_performance_and_total_runs_lens_v2",92,"2026-09-18 14:19:57 UTC",2026
"688457","Gavin Cross",25,"541","Omaha Storm Chasers","RF",115,461,17,25,5,143,32,0.246,0.307,0.434,0.741,-0.316774370208105,244,0,0,0.310195227765727,0.06941431670282,0.0368763557483731,0.0542299349240781,"performance standout",38,-3.35608,2.4,-0.1,"batting, baserunning, fielding, and catching estimates on a 10-runs-per-win scale","aaa_age_performance_and_total_runs_lens_v2",93,"2026-09-18 14:19:57 UTC",2026
"801406","Jared Dickey",24,"400","Las Vegas Aviators","RF",95,406,6,6,1,63,60,0.258,0.37,0.37,0.74,-1.04127777777778,125,0,0,0.155172413793103,0.147783251231527,0.0147783251231527,0.0147783251231527,"age-qualified watch",37.3,-3.02064,0.66,-0.3,"batting, baserunning, fielding, and catching estimates on a 10-runs-per-win scale","aaa_age_performance_and_total_runs_lens_v2",94,"2026-09-18 14:19:57 UTC",2026
"680519","Mario Camilletti",27,"494","Charlotte Knights","3B",111,444,8,7,5,101,68,0.259,0.379,0.378,0.757,-1.27667821329235,256,0,0,0.227477477477477,0.153153153153153,0.018018018018018,0.0157657657657658,"performance standout",37.2,-2.09568,-0.84,-0.4,"batting, baserunning, fielding, and catching estimates on a 10-runs-per-win scale","aaa_age_performance_and_total_runs_lens_v2",95,"2026-09-18 14:19:57 UTC",2026
"694224","Gabriel Gonzalez",22,"1960","St. Paul Saints","1B",111,467,16,1,4,82,37,0.26,0.328,0.431,0.759,-2.65481620164159,398,0,0,0.17558886509636,0.0792291220556745,0.0342612419700214,0.00214132762312634,"age-qualified watch",37,-2.0548,-1.5,-0.6,"batting, baserunning, fielding, and catching estimates on a 10-runs-per-win scale","aaa_age_performance_and_total_runs_lens_v2",96,"2026-09-18 14:19:57 UTC",2026
"701648","Aaron Zavala",26,"102","Round Rock Express","LF",121,510,11,7,4,127,54,0.267,0.352,0.43,0.782,-3.82800418994414,211,0,0,0.249019607843137,0.105882352941176,0.0215686274509804,0.0137254901960784,"performance standout",36.2,-0.367199999999996,-0.42,-0.5,"batting, baserunning, fielding, and catching estimates on a 10-runs-per-win scale","aaa_age_performance_and_total_runs_lens_v2",97,"2026-09-18 14:19:57 UTC",2026
"686551","Christian Cairo",25,"552","Syracuse Mets","2B",129,520,4,25,12,76,91,0.227,0.379,0.298,0.677,-0.650363084805394,417,0,0,0.146153846153846,0.175,0.00769230769230769,0.0480769230769231,"performance standout",36,-9.11039999999999,-0.54,-1,"batting, baserunning, fielding, and catching estimates on a 10-runs-per-win scale","aaa_age_performance_and_total_runs_lens_v2",98,"2026-09-18 14:19:57 UTC",2026
"685274","Braiden Ward",27,"533","Worcester Red Sox","CF",107,446,5,60,9,81,38,0.241,0.357,0.356,0.713,0,227,0,0,0.181614349775785,0.0852017937219731,0.0112107623318386,0.134529147982063,"performance standout",35.1,-5.24496,7.02,0.2,"batting, baserunning, fielding, and catching estimates on a 10-runs-per-win scale","aaa_age_performance_and_total_runs_lens_v2",99,"2026-09-18 14:19:57 UTC",2026
"692225","Kristian Campbell",24,"533","Worcester Red Sox","RF",109,462,8,8,1,126,73,0.256,0.383,0.38,0.763,-2.48596926095487,169,0,0,0.272727272727273,0.158008658008658,0.0173160173160173,0.0173160173160173,"age-qualified watch",34.4,-1.73712,1.02,-0.3,"batting, baserunning, fielding, and catching estimates on a 10-runs-per-win scale","aaa_age_performance_and_total_runs_lens_v2",100,"2026-09-18 14:19:57 UTC",2026
"676480","José Barrero",28,"568","Norfolk Tides","SS",124,499,23,13,9,140,53,0.202,0.305,0.4,0.705,-3.20155452796115,367,0,0,0.280561122244489,0.106212424849699,0.0460921843687375,0.0260521042084168,"performance standout",34,-6.50696,-1.44,-1.1,"batting, baserunning, fielding, and catching estimates on a 10-runs-per-win scale","aaa_age_performance_and_total_runs_lens_v2",101,"2026-09-18 14:19:57 UTC",2026
"688460","Josh Kasevich",25,"422","Buffalo Bisons","SS",128,563,4,8,4,65,54,0.285,0.362,0.367,0.729,-1.13202622398497,388,0,0,0.115452930728242,0.0959147424511545,0.00710479573712256,0.0142095914742451,"performance standout",33.8,-5.1796,-0.24,-0.7,"batting, baserunning, fielding, and catching estimates on a 10-runs-per-win scale","aaa_age_performance_and_total_runs_lens_v2",102,"2026-09-18 14:19:57 UTC",2026
"702261","Termarr Johnson",22,"484","Indianapolis Indians","2B",96,406,8,24,6,101,68,0.199,0.336,0.319,0.655,-1.62433678756477,306,0,0,0.248768472906404,0.167487684729064,0.0197044334975369,0.0591133004926108,"age-qualified watch",33.6,-8.54224,1.8,-0.8,"batting, baserunning, fielding, and catching estimates on a 10-runs-per-win scale","aaa_age_performance_and_total_runs_lens_v2",103,"2026-09-18 14:19:57 UTC",2026
"701298","Phillip Glasser",26,"534","Rochester Red Wings","2B",107,415,2,12,3,57,53,0.271,0.369,0.336,0.705,0.145841872057602,293,0,0,0.137349397590361,0.127710843373494,0.00481927710843374,0.0289156626506024,"performance standout",33.6,-5.4116,0.9,-0.4,"batting, baserunning, fielding, and catching estimates on a 10-runs-per-win scale","aaa_age_performance_and_total_runs_lens_v2",104,"2026-09-18 14:19:57 UTC",2026
"666198","Carter Kieboom",28,"1410","Lehigh Valley IronPigs","3B",105,420,7,1,1,77,46,0.272,0.357,0.392,0.749,-2.18579549353396,304,0,0,0.183333333333333,0.10952380952381,0.0166666666666667,0.00238095238095238,"performance standout",32,-2.52,-0.24,-0.5,"batting, baserunning, fielding, and catching estimates on a 10-runs-per-win scale","aaa_age_performance_and_total_runs_lens_v2",105,"2026-09-18 14:19:57 UTC",2026
"669439","Drew Swift",27,"400","Las Vegas Aviators","SS",120,482,2,20,6,120,79,0.26,0.39,0.326,0.716,1.26610376201149,461,0,0,0.24896265560166,0.163900414937759,0.004149377593361,0.04149377593361,"performance standout",31,-5.43696,1.08,-0.3,"batting, baserunning, fielding, and catching estimates on a 10-runs-per-win scale","aaa_age_performance_and_total_runs_lens_v2",106,"2026-09-18 14:19:57 UTC",2026
"669208","Ryan Bliss",26,"529","Tacoma Rainiers","2B",121,567,8,27,14,113,47,0.251,0.323,0.384,0.707,0.667169181678482,451,0,0,0.199294532627866,0.0828924162257496,0.0141093474426808,0.0476190476190476,"performance standout",29.9,-7.21224,-1.02,-0.8,"batting, baserunning, fielding, and catching estimates on a 10-runs-per-win scale","aaa_age_performance_and_total_runs_lens_v2",107,"2026-09-18 14:19:57 UTC",2026
"669722","Logan Davidson",28,"234","Durham Bulls","3B",112,415,15,13,4,129,51,0.208,0.316,0.383,0.699,-0.845367644742628,364,0,0,0.310843373493976,0.12289156626506,0.036144578313253,0.0313253012048193,"performance standout",28.5,-5.81,0.66,-0.6,"batting, baserunning, fielding, and catching estimates on a 10-runs-per-win scale","aaa_age_performance_and_total_runs_lens_v2",108,"2026-09-18 14:19:57 UTC",2026
"669384","Raynel Delgado",26,"5434","Sugar Land Space Cowboys","3B",108,454,5,30,9,88,41,0.244,0.321,0.354,0.675,-3.44115681275134,358,0,0,0.193832599118943,0.0903083700440529,0.0110132158590308,0.066079295154185,"performance standout",28,-8.09936,1.62,-1,"batting, baserunning, fielding, and catching estimates on a 10-runs-per-win scale","aaa_age_performance_and_total_runs_lens_v2",109,"2026-09-18 14:19:57 UTC",2026
"691620","Jeferson Quero",23,"556","Nashville Sounds","DH",118,482,15,2,1,101,39,0.25,0.32,0.404,0.724,-1.44207872928177,463,-3.42022767075307,116,0.20954356846473,0.0809128630705394,0.0311203319502075,0.004149377593361,"age-qualified watch",27,-4.82,-0.06,-1,"batting, baserunning, fielding, and catching estimates on a 10-runs-per-win scale","aaa_age_performance_and_total_runs_lens_v2",110,"2026-09-18 14:19:57 UTC",2026
"700246","Carson Williams",23,"234","Durham Bulls","SS",110,469,12,23,9,156,57,0.227,0.324,0.377,0.701,-0.150823051948044,348,0,0,0.332622601279318,0.121535181236674,0.0255863539445629,0.0490405117270789,"age-qualified watch",26.9,-6.41592,0.36,-0.6,"batting, baserunning, fielding, and catching estimates on a 10-runs-per-win scale","aaa_age_performance_and_total_runs_lens_v2",111,"2026-09-18 14:19:57 UTC",2026
"688005","Francisco Urbaez",28,"416","Louisville Bats","DH",118,469,7,3,1,66,43,0.255,0.329,0.373,0.702,-2.87018253321137,188,0,0,0.140724946695096,0.0916844349680171,0.0149253731343284,0.00639658848614072,"performance standout",26.8,-6.34088,0.12,-0.9,"batting, baserunning, fielding, and catching estimates on a 10-runs-per-win scale","aaa_age_performance_and_total_runs_lens_v2",112,"2026-09-18 14:19:57 UTC",2026
"682183","Drew Avans",30,"342","Albuquerque Isotopes","CF",110,462,3,30,6,104,66,0.221,0.333,0.297,0.63,-0.746862412761716,255,0,0,0.225108225108225,0.142857142857143,0.00649350649350649,0.0649350649350649,"performance standout",26.3,-11.56848,2.88,-0.9,"batting, baserunning, fielding, and catching estimates on a 10-runs-per-win scale","aaa_age_performance_and_total_runs_lens_v2",113,"2026-09-18 14:19:57 UTC",2026
"695653","Noah Miller",23,"238","Oklahoma City Comets","SS",138,570,10,6,0,104,53,0.252,0.317,0.389,0.706,1.70129640452271,483,0,0,0.182456140350877,0.0929824561403509,0.0175438596491228,0.0105263157894737,"age-qualified watch",26.2,-7.3416,1.08,-0.5,"batting, baserunning, fielding, and catching estimates on a 10-runs-per-win scale","aaa_age_performance_and_total_runs_lens_v2",114,"2026-09-18 14:19:57 UTC",2026
"694385","Brock Wilken",24,"556","Nashville Sounds","1B",127,530,17,6,0,147,81,0.194,0.325,0.373,0.698,-2.33687132829094,631,0,0,0.277358490566038,0.152830188679245,0.0320754716981132,0.0113207547169811,"age-qualified watch",25,-7.5048,1.08,-0.9,"batting, baserunning, fielding, and catching estimates on a 10-runs-per-win scale","aaa_age_performance_and_total_runs_lens_v2",115,"2026-09-18 14:19:57 UTC",2026
"640492","José Azócar",30,"431","Gwinnett Stripers","RF",105,403,5,24,7,71,22,0.257,0.301,0.343,0.644,-1.50743799939533,205,0,0,0.176178660049628,0.054590570719603,0.0124069478908189,0.0595533498759305,"performance standout",23.4,-9.1884,1.38,-0.9,"batting, baserunning, fielding, and catching estimates on a 10-runs-per-win scale","aaa_age_performance_and_total_runs_lens_v2",116,"2026-09-18 14:19:57 UTC",2026
"701496","Ben Cowles",26,"451","Iowa Cubs","SS",109,434,8,15,4,102,36,0.24,0.312,0.367,0.679,0.480073703335228,357,0,0,0.235023041474654,0.0829493087557604,0.0184331797235023,0.0345622119815668,"performance standout",22.1,-7.4648,1.02,-0.6,"batting, baserunning, fielding, and catching estimates on a 10-runs-per-win scale","aaa_age_performance_and_total_runs_lens_v2",117,"2026-09-18 14:19:57 UTC",2026
"676466","Jack Winkler",27,"400","Las Vegas Aviators","2B",111,450,14,9,4,111,38,0.212,0.296,0.362,0.658,-0.364311396222331,405,0,0,0.246666666666667,0.0844444444444444,0.0311111111111111,0.02,"performance standout",21.9,-9.252,-0.0600000000000001,-1,"batting, baserunning, fielding, and catching estimates on a 10-runs-per-win scale","aaa_age_performance_and_total_runs_lens_v2",118,"2026-09-18 14:19:57 UTC",2026
"699232","Anderdson Rojas",22,"2310","Reno Aces","SS",111,453,5,13,4,81,34,0.258,0.32,0.346,0.666,-1.32872398326215,404,0,0,0.178807947019868,0.0750551876379691,0.011037527593819,0.0286975717439294,"age-qualified watch",21.7,-8.73384,0.66,-0.9,"batting, baserunning, fielding, and catching estimates on a 10-runs-per-win scale","aaa_age_performance_and_total_runs_lens_v2",119,"2026-09-18 14:19:57 UTC",2026
"682983","Jud Fabian",25,"568","Norfolk Tides","CF",114,442,14,6,3,134,69,0.195,0.327,0.343,0.67,-0.971819209001117,266,0,0,0.30316742081448,0.156108597285068,0.0316742081447964,0.0135746606334842,"performance standout",21.6,-8.23888,-0.18,-0.9,"batting, baserunning, fielding, and catching estimates on a 10-runs-per-win scale","aaa_age_performance_and_total_runs_lens_v2",120,"2026-09-18 14:19:57 UTC",2026
"669360","Trei Cruz",27,"512","Toledo Mud Hens","3B",93,409,4,5,7,86,48,0.261,0.346,0.358,0.704,-0.959626193578626,200,0,0,0.210268948655257,0.117359413202934,0.0097799511002445,0.0122249388753056,"performance standout",21,-5.3988,-2.04,-0.8,"batting, baserunning, fielding, and catching estimates on a 10-runs-per-win scale","aaa_age_performance_and_total_runs_lens_v2",121,"2026-09-18 14:19:57 UTC",2026
"691775","Ryan Clifford",22,"552","Syracuse Mets","1B",114,467,18,8,3,174,52,0.181,0.277,0.365,0.642,-5.35296583850932,512,0,0,0.372591006423983,0.11134903640257,0.0385438972162741,0.0171306209850107,"age-qualified watch",20.8,-10.79704,0.18,-1.6,"batting, baserunning, fielding, and catching estimates on a 10-runs-per-win scale","aaa_age_performance_and_total_runs_lens_v2",122,"2026-09-18 14:19:57 UTC",2026
"680577","DaShawn Keirsey Jr.",29,"431","Gwinnett Stripers","CF",109,426,6,40,3,119,30,0.247,0.303,0.346,0.649,-1.10218644067797,214,0,0,0.279342723004695,0.0704225352112676,0.0140845070422535,0.0938967136150235,"performance standout",20.3,-9.372,5.94,-0.5,"batting, baserunning, fielding, and catching estimates on a 10-runs-per-win scale","aaa_age_performance_and_total_runs_lens_v2",123,"2026-09-18 14:19:57 UTC",2026
"702540","Mikey Romero",22,"533","Worcester Red Sox","3B",111,480,12,2,0,100,39,0.244,0.309,0.383,0.692,-2.85402041059919,289,0,0,0.208333333333333,0.08125,0.025,0.00416666666666667,"age-qualified watch",19.8,-7.2576,0.36,-1,"batting, baserunning, fielding, and catching estimates on a 10-runs-per-win scale","aaa_age_performance_and_total_runs_lens_v2",124,"2026-09-18 14:19:57 UTC",2026
"669386","Trevor Hauver",27,"102","Round Rock Express","RF",120,504,8,5,1,137,64,0.257,0.355,0.359,0.714,-1.1998612716763,223,0,0,0.271825396825397,0.126984126984127,0.0158730158730159,0.00992063492063492,"performance standout",19.4,-5.8464,0.48,-0.7,"batting, baserunning, fielding, and catching estimates on a 10-runs-per-win scale","aaa_age_performance_and_total_runs_lens_v2",125,"2026-09-18 14:19:57 UTC",2026
"696140","Ethan Murray",26,"556","Nashville Sounds","2B",104,394,6,9,6,89,39,0.233,0.312,0.324,0.636,-0.805837919864243,381,0,0,0.225888324873096,0.0989847715736041,0.0152284263959391,0.0228426395939086,"performance standout",17.2,-9.48752,-0.9,-1.1,"batting, baserunning, fielding, and catching estimates on a 10-runs-per-win scale","aaa_age_performance_and_total_runs_lens_v2",126,"2026-09-18 14:19:57 UTC",2026
