"player_id","player_name","team_id","team_name","position_abbreviation","position_type","roster_status","roster_type","is_active","is_pitcher","roster_pitcher_role","roster_verified_at","roster_method"
"676879","Aaron Ashby","158","Milwaukee Brewers","P","Pitcher","Active","active",TRUE,TRUE,"pitcher_unspecified",2026-09-17,"baseballr_mlb_rosters_active_v1"
"682842","Abner Uribe","158","Milwaukee Brewers","P","Pitcher","Active","active",TRUE,TRUE,"pitcher_unspecified",2026-09-17,"baseballr_mlb_rosters_active_v1"
"683734","Andrew Vaughn","158","Milwaukee Brewers","1B","Infielder","Active","active",TRUE,FALSE,"position_player",2026-09-17,"baseballr_mlb_rosters_active_v1"
"622608","Antonio Senzatela","158","Milwaukee Brewers","P","Pitcher","Active","active",TRUE,TRUE,"pitcher_unspecified",2026-09-17,"baseballr_mlb_rosters_active_v1"
"666310","Bo Naylor","158","Milwaukee Brewers","C","Catcher","Active","active",TRUE,FALSE,"position_player",2026-09-17,"baseballr_mlb_rosters_active_v1"
"668930","Brice Turang","158","Milwaukee Brewers","2B","Infielder","Active","active",TRUE,FALSE,"position_player",2026-09-17,"baseballr_mlb_rosters_active_v1"
"694477","Chad Patrick","158","Milwaukee Brewers","P","Pitcher","Active","active",TRUE,TRUE,"pitcher_unspecified",2026-09-17,"baseballr_mlb_rosters_active_v1"
"592885","Christian Yelich","158","Milwaukee Brewers","DH","Hitter","Active","active",TRUE,FALSE,"position_player",2026-09-17,"baseballr_mlb_rosters_active_v1"
"806198","Cooper Pratt","158","Milwaukee Brewers","SS","Infielder","Active","active",TRUE,FALSE,"position_player",2026-09-17,"baseballr_mlb_rosters_active_v1"
"669084","DL Hall","158","Milwaukee Brewers","P","Pitcher","Active","active",TRUE,TRUE,"pitcher_unspecified",2026-09-17,"baseballr_mlb_rosters_active_v1"
"666152","David Hamilton","158","Milwaukee Brewers","3B","Infielder","Active","active",TRUE,FALSE,"position_player",2026-09-17,"baseballr_mlb_rosters_active_v1"
"669160","Dustin May","158","Milwaukee Brewers","P","Pitcher","Active","active",TRUE,TRUE,"pitcher_unspecified",2026-09-17,"baseballr_mlb_rosters_active_v1"
"669003","Garrett Mitchell","158","Milwaukee Brewers","CF","Outfielder","Active","active",TRUE,FALSE,"position_player",2026-09-17,"baseballr_mlb_rosters_active_v1"
"668831","Garrett Stallings","158","Milwaukee Brewers","P","Pitcher","Active","active",TRUE,TRUE,"pitcher_unspecified",2026-09-17,"baseballr_mlb_rosters_active_v1"
"596142","Gary Sánchez","158","Milwaukee Brewers","C","Catcher","Active","active",TRUE,FALSE,"position_player",2026-09-17,"baseballr_mlb_rosters_active_v1"
"694192","Jackson Chourio","158","Milwaukee Brewers","LF","Outfielder","Active","active",TRUE,FALSE,"position_player",2026-09-17,"baseballr_mlb_rosters_active_v1"
"694819","Jacob Misiorowski","158","Milwaukee Brewers","P","Pitcher","Active","active",TRUE,TRUE,"pitcher_unspecified",2026-09-17,"baseballr_mlb_rosters_active_v1"
"641343","Jake Bauers","158","Milwaukee Brewers","1B","Infielder","Active","active",TRUE,FALSE,"position_player",2026-09-17,"baseballr_mlb_rosters_active_v1"
"668941","JoJo Romero","158","Milwaukee Brewers","P","Pitcher","Active","active",TRUE,TRUE,"pitcher_unspecified",2026-09-17,"baseballr_mlb_rosters_active_v1"
"687401","Joey Ortiz","158","Milwaukee Brewers","SS","Infielder","Active","active",TRUE,FALSE,"position_player",2026-09-17,"baseballr_mlb_rosters_active_v1"
"690986","Kyle Harrison","158","Milwaukee Brewers","P","Pitcher","Active","active",TRUE,TRUE,"pitcher_unspecified",2026-09-17,"baseballr_mlb_rosters_active_v1"
"701656","Logan Henderson","158","Milwaukee Brewers","P","Pitcher","Active","active",TRUE,TRUE,"pitcher_unspecified",2026-09-17,"baseballr_mlb_rosters_active_v1"
"800325","Luis Lara","158","Milwaukee Brewers","RF","Outfielder","Active","active",TRUE,FALSE,"position_player",2026-09-17,"baseballr_mlb_rosters_active_v1"
"688107","Robert Gasser","158","Milwaukee Brewers","P","Pitcher","Active","active",TRUE,TRUE,"pitcher_unspecified",2026-09-17,"baseballr_mlb_rosters_active_v1"
"686217","Sal Frelick","158","Milwaukee Brewers","RF","Outfielder","Active","active",TRUE,FALSE,"position_player",2026-09-17,"baseballr_mlb_rosters_active_v1"
"675660","Shane Drohan","158","Milwaukee Brewers","P","Pitcher","Active","active",TRUE,TRUE,"pitcher_unspecified",2026-09-17,"baseballr_mlb_rosters_active_v1"
"656730","Trevor Megill","158","Milwaukee Brewers","P","Pitcher","Active","active",TRUE,TRUE,"pitcher_unspecified",2026-09-17,"baseballr_mlb_rosters_active_v1"
"661388","William Contreras","158","Milwaukee Brewers","C","Catcher","Active","active",TRUE,FALSE,"position_player",2026-09-17,"baseballr_mlb_rosters_active_v1"
"669743","Alex Call","119","Los Angeles Dodgers","LF","Outfielder","Active","active",TRUE,FALSE,"position_player",2026-09-17,"baseballr_mlb_rosters_active_v1"
"690976","Alex Freeland","119","Los Angeles Dodgers","2B","Infielder","Active","active",TRUE,FALSE,"position_player",2026-09-17,"baseballr_mlb_rosters_active_v1"
"681911","Alex Vesia","119","Los Angeles Dodgers","P","Pitcher","Active","active",TRUE,TRUE,"pitcher_unspecified",2026-09-17,"baseballr_mlb_rosters_active_v1"
"605483","Blake Snell","119","Los Angeles Dodgers","P","Pitcher","Active","active",TRUE,TRUE,"pitcher_unspecified",2026-09-17,"baseballr_mlb_rosters_active_v1"
"595014","Blake Treinen","119","Los Angeles Dodgers","P","Pitcher","Active","active",TRUE,TRUE,"pitcher_unspecified",2026-09-17,"baseballr_mlb_rosters_active_v1"
"592779","Brock Stewart","119","Los Angeles Dodgers","P","Pitcher","Active","active",TRUE,TRUE,"pitcher_unspecified",2026-09-17,"baseballr_mlb_rosters_active_v1"
"672613","Eliezer Alfonzo","119","Los Angeles Dodgers","C","Catcher","Active","active",TRUE,FALSE,"position_player",2026-09-17,"baseballr_mlb_rosters_active_v1"
"571771","Enrique Hernández","119","Los Angeles Dodgers","3B","Infielder","Active","active",TRUE,FALSE,"position_player",2026-09-17,"baseballr_mlb_rosters_active_v1"
"623465","Evan Phillips","119","Los Angeles Dodgers","P","Pitcher","Active","active",TRUE,TRUE,"pitcher_unspecified",2026-09-17,"baseballr_mlb_rosters_active_v1"
"518692","Freddie Freeman","119","Los Angeles Dodgers","1B","Infielder","Active","active",TRUE,FALSE,"position_player",2026-09-17,"baseballr_mlb_rosters_active_v1"
"676439","Hunter Feduccia","119","Los Angeles Dodgers","C","Catcher","Active","active",TRUE,FALSE,"position_player",2026-09-17,"baseballr_mlb_rosters_active_v1"
"676263","Jack Dreyer","119","Los Angeles Dodgers","P","Pitcher","Active","active",TRUE,TRUE,"pitcher_unspecified",2026-09-17,"baseballr_mlb_rosters_active_v1"
"800543","Josue De Paula","119","Los Angeles Dodgers","RF","Outfielder","Active","active",TRUE,FALSE,"position_player",2026-09-17,"baseballr_mlb_rosters_active_v1"
"680736","Justin Wrobleski","119","Los Angeles Dodgers","P","Pitcher","Active","active",TRUE,TRUE,"pitcher_unspecified",2026-09-17,"baseballr_mlb_rosters_active_v1"
"663460","Kris Bubic","119","Los Angeles Dodgers","P","Pitcher","Active","active",TRUE,TRUE,"pitcher_unspecified",2026-09-17,"baseballr_mlb_rosters_active_v1"
"663656","Kyle Tucker","119","Los Angeles Dodgers","RF","Outfielder","Active","active",TRUE,FALSE,"position_player",2026-09-17,"baseballr_mlb_rosters_active_v1"
"689017","Landon Knack","119","Los Angeles Dodgers","P","Pitcher","Active","active",TRUE,TRUE,"pitcher_unspecified",2026-09-17,"baseballr_mlb_rosters_active_v1"
"571970","Max Muncy","119","Los Angeles Dodgers","3B","Infielder","Active","active",TRUE,FALSE,"position_player",2026-09-17,"baseballr_mlb_rosters_active_v1"
"500743","Miguel Rojas","119","Los Angeles Dodgers","2B","Infielder","Active","active",TRUE,FALSE,"position_player",2026-09-17,"baseballr_mlb_rosters_active_v1"
"605141","Mookie Betts","119","Los Angeles Dodgers","SS","Infielder","Active","active",TRUE,FALSE,"position_player",2026-09-17,"baseballr_mlb_rosters_active_v1"
"678020","Seth Halvorsen","119","Los Angeles Dodgers","P","Pitcher","Active","active",TRUE,TRUE,"pitcher_unspecified",2026-09-17,"baseballr_mlb_rosters_active_v1"
"656945","Tanner Scott","119","Los Angeles Dodgers","P","Pitcher","Active","active",TRUE,TRUE,"pitcher_unspecified",2026-09-17,"baseballr_mlb_rosters_active_v1"
"669373","Tarik Skubal","119","Los Angeles Dodgers","P","Pitcher","Active","active",TRUE,TRUE,"pitcher_unspecified",2026-09-17,"baseballr_mlb_rosters_active_v1"
"606192","Teoscar Hernández","119","Los Angeles Dodgers","LF","Outfielder","Active","active",TRUE,FALSE,"position_player",2026-09-17,"baseballr_mlb_rosters_active_v1"
"669242","Tommy Edman","119","Los Angeles Dodgers","2B","Infielder","Active","active",TRUE,FALSE,"position_player",2026-09-17,"baseballr_mlb_rosters_active_v1"
"607192","Tyler Glasnow","119","Los Angeles Dodgers","P","Pitcher","Active","active",TRUE,TRUE,"pitcher_unspecified",2026-09-17,"baseballr_mlb_rosters_active_v1"
"669257","Will Smith","119","Los Angeles Dodgers","C","Catcher","Active","active",TRUE,FALSE,"position_player",2026-09-17,"baseballr_mlb_rosters_active_v1"
"808967","Yoshinobu Yamamoto","119","Los Angeles Dodgers","P","Pitcher","Active","active",TRUE,TRUE,"pitcher_unspecified",2026-09-17,"baseballr_mlb_rosters_active_v1"
"675961","Alika Williams","133","Athletics","SS","Infielder","Active","active",TRUE,FALSE,"position_player",2026-09-17,"baseballr_mlb_rosters_active_v1"
"669620","Brady Basso","133","Athletics","P","Pitcher","Active","active",TRUE,TRUE,"pitcher_unspecified",2026-09-17,"baseballr_mlb_rosters_active_v1"
"661531","Brian Serven","133","Athletics","C","Catcher","Active","active",TRUE,FALSE,"position_player",2026-09-17,"baseballr_mlb_rosters_active_v1"
"666126","Carlos Cortes","133","Athletics","RF","Outfielder","Active","active",TRUE,FALSE,"position_player",2026-09-17,"baseballr_mlb_rosters_active_v1"
"688297","Chris Roycroft","133","Athletics","P","Pitcher","Active","active",TRUE,TRUE,"pitcher_unspecified",2026-09-17,"baseballr_mlb_rosters_active_v1"
"672016","Denzel Clarke","133","Athletics","CF","Outfielder","Active","active",TRUE,FALSE,"position_player",2026-09-17,"baseballr_mlb_rosters_active_v1"
"622268","Donovan Walton","133","Athletics","2B","Infielder","Active","active",TRUE,FALSE,"position_player",2026-09-17,"baseballr_mlb_rosters_active_v1"
"680723","Drew Rom","133","Athletics","P","Pitcher","Active","active",TRUE,TRUE,"pitcher_unspecified",2026-09-17,"baseballr_mlb_rosters_active_v1"
"665660","Elvis Alvarado","133","Athletics","P","Pitcher","Active","active",TRUE,TRUE,"pitcher_unspecified",2026-09-17,"baseballr_mlb_rosters_active_v1"
"664129","Geoff Hartlieb","133","Athletics","P","Pitcher","Active","active",TRUE,TRUE,"pitcher_unspecified",2026-09-17,"baseballr_mlb_rosters_active_v1"
"703607","Henry Bolte","133","Athletics","CF","Outfielder","Active","active",TRUE,FALSE,"position_player",2026-09-17,"baseballr_mlb_rosters_active_v1"
"663687","Hogan Harris","133","Athletics","P","Pitcher","Active","active",TRUE,TRUE,"pitcher_unspecified",2026-09-17,"baseballr_mlb_rosters_active_v1"
"678022","Jack Perkins","133","Athletics","P","Pitcher","Active","active",TRUE,TRUE,"pitcher_unspecified",2026-09-17,"baseballr_mlb_rosters_active_v1"
"682052","Jacob Lopez","133","Athletics","P","Pitcher","Active","active",TRUE,TRUE,"pitcher_unspecified",2026-09-17,"baseballr_mlb_rosters_active_v1"
"643446","Jeff McNeil","133","Athletics","2B","Infielder","Active","active",TRUE,FALSE,"position_player",2026-09-17,"baseballr_mlb_rosters_active_v1"
"605488","Jeffrey Springs","133","Athletics","P","Pitcher","Active","active",TRUE,TRUE,"pitcher_unspecified",2026-09-17,"baseballr_mlb_rosters_active_v1"
"697812","Joe Rock","133","Athletics","P","Pitcher","Active","active",TRUE,TRUE,"pitcher_unspecified",2026-09-17,"baseballr_mlb_rosters_active_v1"
"641680","Jonah Heim","133","Athletics","C","Catcher","Active","active",TRUE,FALSE,"position_player",2026-09-17,"baseballr_mlb_rosters_active_v1"
"671732","Lawrence Butler","133","Athletics","RF","Outfielder","Active","active",TRUE,FALSE,"position_player",2026-09-17,"baseballr_mlb_rosters_active_v1"
"665622","Luis Medina","133","Athletics","P","Pitcher","Active","active",TRUE,TRUE,"pitcher_unspecified",2026-09-17,"baseballr_mlb_rosters_active_v1"
"691777","Max Muncy","133","Athletics","3B","Infielder","Active","active",TRUE,FALSE,"position_player",2026-09-17,"baseballr_mlb_rosters_active_v1"
"683021","Michael Stefanic","133","Athletics","2B","Infielder","Active","active",TRUE,FALSE,"position_player",2026-09-17,"baseballr_mlb_rosters_active_v1"
"656240","Scott Blewett","133","Athletics","P","Pitcher","Active","active",TRUE,TRUE,"pitcher_unspecified",2026-09-17,"baseballr_mlb_rosters_active_v1"
"686751","Seth Johnson","133","Athletics","P","Pitcher","Active","active",TRUE,TRUE,"pitcher_unspecified",2026-09-17,"baseballr_mlb_rosters_active_v1"
"669127","Shea Langeliers","133","Athletics","C","Catcher","Active","active",TRUE,FALSE,"position_player",2026-09-17,"baseballr_mlb_rosters_active_v1"
"695720","Tommy White","133","Athletics","3B","Infielder","Active","active",TRUE,FALSE,"position_player",2026-09-17,"baseballr_mlb_rosters_active_v1"
"814305","Yunior Tur","133","Athletics","P","Pitcher","Active","active",TRUE,TRUE,"pitcher_unspecified",2026-09-17,"baseballr_mlb_rosters_active_v1"
"680869","Zack Gelof","133","Athletics","3B","Infielder","Active","active",TRUE,FALSE,"position_player",2026-09-17,"baseballr_mlb_rosters_active_v1"
"670970","Adrian Morejon","135","San Diego Padres","P","Pitcher","Active","active",TRUE,TRUE,"pitcher_unspecified",2026-09-17,"baseballr_mlb_rosters_active_v1"
"669720","Austin Hays","135","San Diego Padres","DH","Hitter","Active","active",TRUE,FALSE,"position_player",2026-09-17,"baseballr_mlb_rosters_active_v1"
"699134","Bradgley Rodriguez","135","San Diego Padres","P","Pitcher","Active","active",TRUE,TRUE,"pitcher_unspecified",2026-09-17,"baseballr_mlb_rosters_active_v1"
"663554","Casey Mize","135","San Diego Padres","P","Pitcher","Active","active",TRUE,TRUE,"pitcher_unspecified",2026-09-17,"baseballr_mlb_rosters_active_v1"
"688158","David Morgan","135","San Diego Padres","P","Pitcher","Active","active",TRUE,TRUE,"pitcher_unspecified",2026-09-17,"baseballr_mlb_rosters_active_v1"
"687957","Dustin Harris","135","San Diego Padres","LF","Outfielder","Active","active",TRUE,FALSE,"position_player",2026-09-17,"baseballr_mlb_rosters_active_v1"
"806956","Ethan Salas","135","San Diego Padres","C","Catcher","Active","active",TRUE,FALSE,"position_player",2026-09-17,"baseballr_mlb_rosters_active_v1"
"665487","Fernando Tatis Jr.","135","San Diego Padres","RF","Outfielder","Active","active",TRUE,FALSE,"position_player",2026-09-17,"baseballr_mlb_rosters_active_v1"
"666023","Freddy Fermin","135","San Diego Padres","C","Catcher","Active","active",TRUE,FALSE,"position_player",2026-09-17,"baseballr_mlb_rosters_active_v1"
"656288","Griffin Canning","135","San Diego Padres","P","Pitcher","Active","active",TRUE,TRUE,"pitcher_unspecified",2026-09-17,"baseballr_mlb_rosters_active_v1"
"701538","Jackson Merrill","135","San Diego Padres","CF","Outfielder","Active","active",TRUE,FALSE,"position_player",2026-09-17,"baseballr_mlb_rosters_active_v1"
"630105","Jake Cronenworth","135","San Diego Padres","2B","Infielder","Active","active",TRUE,FALSE,"position_player",2026-09-17,"baseballr_mlb_rosters_active_v1"
"687749","Jase Bowen","135","San Diego Padres","RF","Outfielder","Active","active",TRUE,FALSE,"position_player",2026-09-17,"baseballr_mlb_rosters_active_v1"
"606996","Kyle Hart","135","San Diego Padres","P","Pitcher","Active","active",TRUE,TRUE,"pitcher_unspecified",2026-09-17,"baseballr_mlb_rosters_active_v1"
"669134","Luis Campusano","135","San Diego Padres","C","Catcher","Active","active",TRUE,FALSE,"position_player",2026-09-17,"baseballr_mlb_rosters_active_v1"
"592518","Manny Machado","135","San Diego Padres","3B","Infielder","Active","active",TRUE,FALSE,"position_player",2026-09-17,"baseballr_mlb_rosters_active_v1"
"695243","Mason Miller","135","San Diego Padres","P","Pitcher","Active","active",TRUE,TRUE,"pitcher_unspecified",2026-09-17,"baseballr_mlb_rosters_active_v1"
"650633","Michael King","135","San Diego Padres","P","Pitcher","Active","active",TRUE,TRUE,"pitcher_unspecified",2026-09-17,"baseballr_mlb_rosters_active_v1"
"601713","Nick Pivetta","135","San Diego Padres","P","Pitcher","Active","active",TRUE,TRUE,"pitcher_unspecified",2026-09-17,"baseballr_mlb_rosters_active_v1"
"681190","Randy Vásquez","135","San Diego Padres","P","Pitcher","Active","active",TRUE,TRUE,"pitcher_unspecified",2026-09-17,"baseballr_mlb_rosters_active_v1"
"592662","Robbie Ray","135","San Diego Padres","P","Pitcher","Active","active",TRUE,TRUE,"pitcher_unspecified",2026-09-17,"baseballr_mlb_rosters_active_v1"
"669392","Samad Taylor","135","San Diego Padres","LF","Outfielder","Active","active",TRUE,FALSE,"position_player",2026-09-17,"baseballr_mlb_rosters_active_v1"
"823550","Sung-Mun Song","135","San Diego Padres","2B","Infielder","Active","active",TRUE,FALSE,"position_player",2026-09-17,"baseballr_mlb_rosters_active_v1"
"664034","Ty France","135","San Diego Padres","1B","Infielder","Active","active",TRUE,FALSE,"position_player",2026-09-17,"baseballr_mlb_rosters_active_v1"
"621111","Walker Buehler","135","San Diego Padres","P","Pitcher","Active","active",TRUE,TRUE,"pitcher_unspecified",2026-09-17,"baseballr_mlb_rosters_active_v1"
"593974","Wandy Peralta","135","San Diego Padres","P","Pitcher","Active","active",TRUE,TRUE,"pitcher_unspecified",2026-09-17,"baseballr_mlb_rosters_active_v1"
"593428","Xander Bogaerts","135","San Diego Padres","SS","Infielder","Active","active",TRUE,FALSE,"position_player",2026-09-17,"baseballr_mlb_rosters_active_v1"
"673513","Yuki Matsui","135","San Diego Padres","P","Pitcher","Active","active",TRUE,TRUE,"pitcher_unspecified",2026-09-17,"baseballr_mlb_rosters_active_v1"
"656638","Alex Lange","118","Kansas City Royals","P","Pitcher","Active","active",TRUE,TRUE,"pitcher_unspecified",2026-09-17,"baseballr_mlb_rosters_active_v1"
"543238","Anthony Gose","118","Kansas City Royals","P","Pitcher","Active","active",TRUE,TRUE,"pitcher_unspecified",2026-09-17,"baseballr_mlb_rosters_active_v1"
"677951","Bobby Witt Jr.","118","Kansas City Royals","SS","Infielder","Active","active",TRUE,FALSE,"position_player",2026-09-17,"baseballr_mlb_rosters_active_v1"
"695600","Carter Jensen","118","Kansas City Royals","C","Catcher","Active","active",TRUE,FALSE,"position_player",2026-09-17,"baseballr_mlb_rosters_active_v1"
"671162","Connor Thomas","118","Kansas City Royals","P","Pitcher","Active","active",TRUE,TRUE,"pitcher_unspecified",2026-09-17,"baseballr_mlb_rosters_active_v1"
"518886","Craig Kimbrel","118","Kansas City Royals","P","Pitcher","Active","active",TRUE,TRUE,"pitcher_unspecified",2026-09-17,"baseballr_mlb_rosters_active_v1"
"663738","Daniel Lynch IV","118","Kansas City Royals","P","Pitcher","Active","active",TRUE,TRUE,"pitcher_unspecified",2026-09-17,"baseballr_mlb_rosters_active_v1"
"686555","Isaac Collins","118","Kansas City Royals","LF","Outfielder","Active","active",TRUE,FALSE,"position_player",2026-09-17,"baseballr_mlb_rosters_active_v1"
"695506","Jac Caglianone","118","Kansas City Royals","RF","Outfielder","Active","active",TRUE,FALSE,"position_player",2026-09-17,"baseballr_mlb_rosters_active_v1"
"670231","John Rave","118","Kansas City Royals","RF","Outfielder","Active","active",TRUE,FALSE,"position_player",2026-09-17,"baseballr_mlb_rosters_active_v1"
"621016","Jose Cuas","118","Kansas City Royals","P","Pitcher","Active","active",TRUE,TRUE,"pitcher_unspecified",2026-09-17,"baseballr_mlb_rosters_active_v1"
"668942","Josh Rojas","118","Kansas City Royals","3B","Infielder","Active","active",TRUE,FALSE,"position_player",2026-09-17,"baseballr_mlb_rosters_active_v1"
"664728","Kyle Isbel","118","Kansas City Royals","CF","Outfielder","Active","active",TRUE,FALSE,"position_player",2026-09-17,"baseballr_mlb_rosters_active_v1"
"668674","Lucas Erceg","118","Kansas City Royals","P","Pitcher","Active","active",TRUE,TRUE,"pitcher_unspecified",2026-09-17,"baseballr_mlb_rosters_active_v1"
"571912","Luke Maile","118","Kansas City Royals","C","Catcher","Active","active",TRUE,FALSE,"position_player",2026-09-17,"baseballr_mlb_rosters_active_v1"
"672580","Maikel Garcia","118","Kansas City Royals","3B","Infielder","Active","active",TRUE,FALSE,"position_player",2026-09-17,"baseballr_mlb_rosters_active_v1"
"686681","Michael Massey","118","Kansas City Royals","2B","Infielder","Active","active",TRUE,FALSE,"position_player",2026-09-17,"baseballr_mlb_rosters_active_v1"
"608379","Michael Wacha","118","Kansas City Royals","P","Pitcher","Active","active",TRUE,TRUE,"pitcher_unspecified",2026-09-17,"baseballr_mlb_rosters_active_v1"
"663878","Nate Pearson","118","Kansas City Royals","P","Pitcher","Active","active",TRUE,TRUE,"pitcher_unspecified",2026-09-17,"baseballr_mlb_rosters_active_v1"
"679845","Nick Loftin","118","Kansas City Royals","3B","Infielder","Active","active",TRUE,FALSE,"position_player",2026-09-17,"baseballr_mlb_rosters_active_v1"
"702070","Noah Cameron","118","Kansas City Royals","P","Pitcher","Active","active",TRUE,TRUE,"pitcher_unspecified",2026-09-17,"baseballr_mlb_rosters_active_v1"
"676510","Nolan Hoffman","118","Kansas City Royals","P","Pitcher","Active","active",TRUE,TRUE,"pitcher_unspecified",2026-09-17,"baseballr_mlb_rosters_active_v1"
"677976","Randy Dobnak","118","Kansas City Royals","P","Pitcher","Active","active",TRUE,TRUE,"pitcher_unspecified",2026-09-17,"baseballr_mlb_rosters_active_v1"
"521692","Salvador Perez","118","Kansas City Royals","DH","Hitter","Active","active",TRUE,FALSE,"position_player",2026-09-17,"baseballr_mlb_rosters_active_v1"
"607625","Seth Lugo","118","Kansas City Royals","P","Pitcher","Active","active",TRUE,TRUE,"pitcher_unspecified",2026-09-17,"baseballr_mlb_rosters_active_v1"
"674444","Steven Cruz","118","Kansas City Royals","P","Pitcher","Active","active",TRUE,TRUE,"pitcher_unspecified",2026-09-17,"baseballr_mlb_rosters_active_v1"
"686475","Tyler Tolbert","118","Kansas City Royals","SS","Infielder","Active","active",TRUE,FALSE,"position_player",2026-09-17,"baseballr_mlb_rosters_active_v1"
"686469","Vinnie Pasquantino","118","Kansas City Royals","1B","Infielder","Active","active",TRUE,FALSE,"position_player",2026-09-17,"baseballr_mlb_rosters_active_v1"
"605400","Aaron Nola","143","Philadelphia Phillies","P","Pitcher","Active","active",TRUE,TRUE,"pitcher_unspecified",2026-09-17,"baseballr_mlb_rosters_active_v1"
"664761","Alec Bohm","143","Philadelphia Phillies","3B","Infielder","Active","active",TRUE,FALSE,"position_player",2026-09-17,"baseballr_mlb_rosters_active_v1"
"686934","Alex McFarlane","143","Philadelphia Phillies","P","Pitcher","Active","active",TRUE,TRUE,"pitcher_unspecified",2026-09-17,"baseballr_mlb_rosters_active_v1"
"691725","Andrew Painter","143","Philadelphia Phillies","P","Pitcher","Active","active",TRUE,TRUE,"pitcher_unspecified",2026-09-17,"baseballr_mlb_rosters_active_v1"
"669016","Brandon Marsh","143","Philadelphia Phillies","LF","Outfielder","Active","active",TRUE,FALSE,"position_player",2026-09-17,"baseballr_mlb_rosters_active_v1"
"548384","Brooks Raley","143","Philadelphia Phillies","P","Pitcher","Active","active",TRUE,TRUE,"pitcher_unspecified",2026-09-17,"baseballr_mlb_rosters_active_v1"
"650559","Bryan De La Cruz","143","Philadelphia Phillies","RF","Outfielder","Active","active",TRUE,FALSE,"position_player",2026-09-17,"baseballr_mlb_rosters_active_v1"
"547180","Bryce Harper","143","Philadelphia Phillies","1B","Infielder","Active","active",TRUE,FALSE,"position_player",2026-09-17,"baseballr_mlb_rosters_active_v1"
"681082","Bryson Stott","143","Philadelphia Phillies","2B","Infielder","Active","active",TRUE,FALSE,"position_player",2026-09-17,"baseballr_mlb_rosters_active_v1"
"663767","Chase Shugart","143","Philadelphia Phillies","P","Pitcher","Active","active",TRUE,TRUE,"pitcher_unspecified",2026-09-17,"baseballr_mlb_rosters_active_v1"
"650911","Cristopher Sánchez","143","Philadelphia Phillies","P","Pitcher","Active","active",TRUE,TRUE,"pitcher_unspecified",2026-09-17,"baseballr_mlb_rosters_active_v1"
"656537","Derek Hill","143","Philadelphia Phillies","CF","Outfielder","Active","active",TRUE,FALSE,"position_player",2026-09-17,"baseballr_mlb_rosters_active_v1"
"624641","Edmundo Sosa","143","Philadelphia Phillies","LF","Outfielder","Active","active",TRUE,FALSE,"position_player",2026-09-17,"baseballr_mlb_rosters_active_v1"
"596117","Garrett Stubbs","143","Philadelphia Phillies","C","Catcher","Active","active",TRUE,FALSE,"position_player",2026-09-17,"baseballr_mlb_rosters_active_v1"
"592663","J.T. Realmuto","143","Philadelphia Phillies","C","Catcher","Active","active",TRUE,FALSE,"position_player",2026-09-17,"baseballr_mlb_rosters_active_v1"
"661395","Jhoan Duran","143","Philadelphia Phillies","P","Pitcher","Active","active",TRUE,TRUE,"pitcher_unspecified",2026-09-17,"baseballr_mlb_rosters_active_v1"
"680742","Jonathan Bowlan","143","Philadelphia Phillies","P","Pitcher","Active","active",TRUE,TRUE,"pitcher_unspecified",2026-09-17,"baseballr_mlb_rosters_active_v1"
"621237","José Alvarado","143","Philadelphia Phillies","P","Pitcher","Active","active",TRUE,TRUE,"pitcher_unspecified",2026-09-17,"baseballr_mlb_rosters_active_v1"
"702222","Justin Crawford","143","Philadelphia Phillies","CF","Outfielder","Active","active",TRUE,FALSE,"position_player",2026-09-17,"baseballr_mlb_rosters_active_v1"
"679775","Kyle Backhus","143","Philadelphia Phillies","P","Pitcher","Active","active",TRUE,TRUE,"pitcher_unspecified",2026-09-17,"baseballr_mlb_rosters_active_v1"
"656941","Kyle Schwarber","143","Philadelphia Phillies","DH","Hitter","Active","active",TRUE,FALSE,"position_player",2026-09-17,"baseballr_mlb_rosters_active_v1"
"650333","Luis Arraez","143","Philadelphia Phillies","2B","Infielder","Active","active",TRUE,FALSE,"position_player",2026-09-17,"baseballr_mlb_rosters_active_v1"
"689147","Orion Kerkering","143","Philadelphia Phillies","P","Pitcher","Active","active",TRUE,TRUE,"pitcher_unspecified",2026-09-17,"baseballr_mlb_rosters_active_v1"
"665561","Rafael Marchán","143","Philadelphia Phillies","C","Catcher","Active","active",TRUE,FALSE,"position_player",2026-09-17,"baseballr_mlb_rosters_active_v1"
"621383","Tanner Banks","143","Philadelphia Phillies","P","Pitcher","Active","active",TRUE,TRUE,"pitcher_unspecified",2026-09-17,"baseballr_mlb_rosters_active_v1"
"641835","Tim Mayza","143","Philadelphia Phillies","P","Pitcher","Active","active",TRUE,TRUE,"pitcher_unspecified",2026-09-17,"baseballr_mlb_rosters_active_v1"
"607208","Trea Turner","143","Philadelphia Phillies","SS","Infielder","Active","active",TRUE,FALSE,"position_player",2026-09-17,"baseballr_mlb_rosters_active_v1"
"554430","Zack Wheeler","143","Philadelphia Phillies","P","Pitcher","Active","active",TRUE,TRUE,"pitcher_unspecified",2026-09-17,"baseballr_mlb_rosters_active_v1"
"808825","Andrew Sears","116","Detroit Tigers","P","Pitcher","Active","active",TRUE,TRUE,"pitcher_unspecified",2026-09-17,"baseballr_mlb_rosters_active_v1"
"689225","Beau Brieske","116","Detroit Tigers","P","Pitcher","Active","active",TRUE,TRUE,"pitcher_unspecified",2026-09-17,"baseballr_mlb_rosters_active_v1"
"701162","Ben Malgeri","116","Detroit Tigers","RF","Outfielder","Active","active",TRUE,FALSE,"position_player",2026-09-17,"baseballr_mlb_rosters_active_v1"
"676428","Brant Hurter","116","Detroit Tigers","P","Pitcher","Active","active",TRUE,TRUE,"pitcher_unspecified",2026-09-17,"baseballr_mlb_rosters_active_v1"
"814430","Brett Callahan","116","Detroit Tigers","LF","Outfielder","Active","active",TRUE,FALSE,"position_player",2026-09-17,"baseballr_mlb_rosters_active_v1"
"690993","Colt Keith","116","Detroit Tigers","3B","Infielder","Active","active",TRUE,FALSE,"position_player",2026-09-17,"baseballr_mlb_rosters_active_v1"
"693307","Dillon Dingler","116","Detroit Tigers","C","Catcher","Active","active",TRUE,FALSE,"position_player",2026-09-17,"baseballr_mlb_rosters_active_v1"
"623454","Drew Anderson","116","Detroit Tigers","P","Pitcher","Active","active",TRUE,TRUE,"pitcher_unspecified",2026-09-17,"baseballr_mlb_rosters_active_v1"
"805427","Drew Sommers","116","Detroit Tigers","P","Pitcher","Active","active",TRUE,TRUE,"pitcher_unspecified",2026-09-17,"baseballr_mlb_rosters_active_v1"
"680664","Eduardo Valencia","116","Detroit Tigers","DH","Hitter","Active","active",TRUE,FALSE,"position_player",2026-09-17,"baseballr_mlb_rosters_active_v1"
"664285","Framber Valdez","116","Detroit Tigers","P","Pitcher","Active","active",TRUE,TRUE,"pitcher_unspecified",2026-09-17,"baseballr_mlb_rosters_active_v1"
"650402","Gleyber Torres","116","Detroit Tigers","2B","Infielder","Active","active",TRUE,FALSE,"position_player",2026-09-17,"baseballr_mlb_rosters_active_v1"
"701678","Hao-Yu Lee","116","Detroit Tigers","2B","Infielder","Active","active",TRUE,FALSE,"position_player",2026-09-17,"baseballr_mlb_rosters_active_v1"
"695549","Jackson Jobe","116","Detroit Tigers","P","Pitcher","Active","active",TRUE,TRUE,"pitcher_unspecified",2026-09-17,"baseballr_mlb_rosters_active_v1"
"621097","Jacob Waguespack","116","Detroit Tigers","P","Pitcher","Active","active",TRUE,TRUE,"pitcher_unspecified",2026-09-17,"baseballr_mlb_rosters_active_v1"
"595879","Javier Báez","116","Detroit Tigers","SS","Infielder","Active","active",TRUE,FALSE,"position_player",2026-09-17,"baseballr_mlb_rosters_active_v1"
"807726","John Peck","116","Detroit Tigers","SS","Infielder","Active","active",TRUE,FALSE,"position_player",2026-09-17,"baseballr_mlb_rosters_active_v1"
"672456","Keider Montero","116","Detroit Tigers","P","Pitcher","Active","active",TRUE,TRUE,"pitcher_unspecified",2026-09-17,"baseballr_mlb_rosters_active_v1"
"445276","Kenley Jansen","116","Detroit Tigers","P","Pitcher","Active","active",TRUE,TRUE,"pitcher_unspecified",2026-09-17,"baseballr_mlb_rosters_active_v1"
"805808","Kevin McGonigle","116","Detroit Tigers","SS","Infielder","Active","active",TRUE,FALSE,"position_player",2026-09-17,"baseballr_mlb_rosters_active_v1"
"640448","Kyle Finnegan","116","Detroit Tigers","P","Pitcher","Active","active",TRUE,TRUE,"pitcher_unspecified",2026-09-17,"baseballr_mlb_rosters_active_v1"
"703601","Max Clark","116","Detroit Tigers","CF","Outfielder","Active","active",TRUE,FALSE,"position_player",2026-09-17,"baseballr_mlb_rosters_active_v1"
"682985","Riley Greene","116","Detroit Tigers","LF","Outfielder","Active","active",TRUE,FALSE,"position_player",2026-09-17,"baseballr_mlb_rosters_active_v1"
"679529","Spencer Torkelson","116","Detroit Tigers","1B","Infielder","Active","active",TRUE,FALSE,"position_player",2026-09-17,"baseballr_mlb_rosters_active_v1"
"675512","Troy Melton","116","Detroit Tigers","P","Pitcher","Active","active",TRUE,TRUE,"pitcher_unspecified",2026-09-17,"baseballr_mlb_rosters_active_v1"
"663947","Tyler Holton","116","Detroit Tigers","P","Pitcher","Active","active",TRUE,TRUE,"pitcher_unspecified",2026-09-17,"baseballr_mlb_rosters_active_v1"
"641755","Tyler Kinley","116","Detroit Tigers","P","Pitcher","Active","active",TRUE,TRUE,"pitcher_unspecified",2026-09-17,"baseballr_mlb_rosters_active_v1"
"656716","Zach McKinstry","116","Detroit Tigers","RF","Outfielder","Active","active",TRUE,FALSE,"position_player",2026-09-17,"baseballr_mlb_rosters_active_v1"
"668939","Adley Rutschman","111","Boston Red Sox","C","Catcher","Active","active",TRUE,FALSE,"position_player",2026-09-17,"baseballr_mlb_rosters_active_v1"
"687941","Alec Gamboa","111","Boston Red Sox","P","Pitcher","Active","active",TRUE,TRUE,"pitcher_unspecified",2026-09-17,"baseballr_mlb_rosters_active_v1"
"655316","Andruw Monasterio","111","Boston Red Sox","SS","Infielder","Active","active",TRUE,FALSE,"position_player",2026-09-17,"baseballr_mlb_rosters_active_v1"
"547973","Aroldis Chapman","111","Boston Red Sox","P","Pitcher","Active","active",TRUE,TRUE,"pitcher_unspecified",2026-09-17,"baseballr_mlb_rosters_active_v1"
"678394","Brayan Bello","111","Boston Red Sox","P","Pitcher","Active","active",TRUE,TRUE,"pitcher_unspecified",2026-09-17,"baseballr_mlb_rosters_active_v1"
"702332","Caleb Durbin","111","Boston Red Sox","3B","Infielder","Active","active",TRUE,FALSE,"position_player",2026-09-17,"baseballr_mlb_rosters_active_v1"
"657136","Connor Wong","111","Boston Red Sox","C","Catcher","Active","active",TRUE,FALSE,"position_player",2026-09-17,"baseballr_mlb_rosters_active_v1"
"669062","Erik Miller","111","Boston Red Sox","P","Pitcher","Active","active",TRUE,TRUE,"pitcher_unspecified",2026-09-17,"baseballr_mlb_rosters_active_v1"
"676477","Garrett Whitlock","111","Boston Red Sox","P","Pitcher","Active","active",TRUE,TRUE,"pitcher_unspecified",2026-09-17,"baseballr_mlb_rosters_active_v1"
"669711","Greg Weissert","111","Boston Red Sox","P","Pitcher","Active","active",TRUE,TRUE,"pitcher_unspecified",2026-09-17,"baseballr_mlb_rosters_active_v1"
"643396","Isiah Kiner-Falefa","111","Boston Red Sox","2B","Infielder","Active","active",TRUE,FALSE,"position_player",2026-09-17,"baseballr_mlb_rosters_active_v1"
"663330","Jahmai Jones","111","Boston Red Sox","DH","Hitter","Active","active",TRUE,FALSE,"position_player",2026-09-17,"baseballr_mlb_rosters_active_v1"
"687562","Jake Bennett","111","Boston Red Sox","P","Pitcher","Active","active",TRUE,TRUE,"pitcher_unspecified",2026-09-17,"baseballr_mlb_rosters_active_v1"
"680776","Jarren Duran","111","Boston Red Sox","LF","Outfielder","Active","active",TRUE,FALSE,"position_player",2026-09-17,"baseballr_mlb_rosters_active_v1"
"663558","Jovani Morán","111","Boston Red Sox","P","Pitcher","Active","active",TRUE,TRUE,"pitcher_unspecified",2026-09-17,"baseballr_mlb_rosters_active_v1"
"681508","Mickey Gasper","111","Boston Red Sox","DH","Hitter","Active","active",TRUE,FALSE,"position_player",2026-09-17,"baseballr_mlb_rosters_active_v1"
"681987","Nate Eaton","111","Boston Red Sox","LF","Outfielder","Active","active",TRUE,FALSE,"position_player",2026-09-17,"baseballr_mlb_rosters_active_v1"
"686765","Nick Sogard","111","Boston Red Sox","2B","Infielder","Active","active",TRUE,FALSE,"position_player",2026-09-17,"baseballr_mlb_rosters_active_v1"
"663776","Patrick Sandoval","111","Boston Red Sox","P","Pitcher","Active","active",TRUE,TRUE,"pitcher_unspecified",2026-09-17,"baseballr_mlb_rosters_active_v1"
"801139","Payton Tolle","111","Boston Red Sox","P","Pitcher","Active","active",TRUE,TRUE,"pitcher_unspecified",2026-09-17,"baseballr_mlb_rosters_active_v1"
"624133","Ranger Suarez","111","Boston Red Sox","P","Pitcher","Active","active",TRUE,TRUE,"pitcher_unspecified",2026-09-17,"baseballr_mlb_rosters_active_v1"
"670103","Raymond Burgos","111","Boston Red Sox","P","Pitcher","Active","active",TRUE,TRUE,"pitcher_unspecified",2026-09-17,"baseballr_mlb_rosters_active_v1"
"701350","Roman Anthony","111","Boston Red Sox","LF","Outfielder","Active","active",TRUE,FALSE,"position_player",2026-09-17,"baseballr_mlb_rosters_active_v1"
"543243","Sonny Gray","111","Boston Red Sox","P","Pitcher","Active","active",TRUE,TRUE,"pitcher_unspecified",2026-09-17,"baseballr_mlb_rosters_active_v1"
"596115","Trevor Story","111","Boston Red Sox","SS","Infielder","Active","active",TRUE,FALSE,"position_player",2026-09-17,"baseballr_mlb_rosters_active_v1"
"575929","Willson Contreras","111","Boston Red Sox","1B","Infielder","Active","active",TRUE,FALSE,"position_player",2026-09-17,"baseballr_mlb_rosters_active_v1"
"677800","Wilyer Abreu","111","Boston Red Sox","RF","Outfielder","Active","active",TRUE,FALSE,"position_player",2026-09-17,"baseballr_mlb_rosters_active_v1"
"681544","Wyatt Olds","111","Boston Red Sox","P","Pitcher","Active","active",TRUE,TRUE,"pitcher_unspecified",2026-09-17,"baseballr_mlb_rosters_active_v1"
"621345","A.J. Minter","142","Minnesota Twins","P","Pitcher","Active","active",TRUE,TRUE,"pitcher_unspecified",2026-09-17,"baseballr_mlb_rosters_active_v1"
"656577","Alex Jackson","142","Minnesota Twins","C","Catcher","Active","active",TRUE,FALSE,"position_player",2026-09-17,"baseballr_mlb_rosters_active_v1"
"702193","Andrew Morris","142","Minnesota Twins","P","Pitcher","Active","active",TRUE,TRUE,"pitcher_unspecified",2026-09-17,"baseballr_mlb_rosters_active_v1"
"668885","Austin Martin","142","Minnesota Twins","RF","Outfielder","Active","active",TRUE,FALSE,"position_player",2026-09-17,"baseballr_mlb_rosters_active_v1"
"641927","Bailey Ober","142","Minnesota Twins","P","Pitcher","Active","active",TRUE,TRUE,"pitcher_unspecified",2026-09-17,"baseballr_mlb_rosters_active_v1"
"805346","Ben Ross","142","Minnesota Twins","SS","Infielder","Active","active",TRUE,FALSE,"position_player",2026-09-17,"baseballr_mlb_rosters_active_v1"
"686797","Brooks Lee","142","Minnesota Twins","3B","Infielder","Active","active",TRUE,FALSE,"position_player",2026-09-17,"baseballr_mlb_rosters_active_v1"
"687570","Connor Prielipp","142","Minnesota Twins","P","Pitcher","Active","active",TRUE,TRUE,"pitcher_unspecified",2026-09-17,"baseballr_mlb_rosters_active_v1"
"665152","Dean Kremer","142","Minnesota Twins","P","Pitcher","Active","active",TRUE,TRUE,"pitcher_unspecified",2026-09-17,"baseballr_mlb_rosters_active_v1"
"691181","Emmanuel Rodriguez","142","Minnesota Twins","CF","Outfielder","Active","active",TRUE,FALSE,"position_player",2026-09-17,"baseballr_mlb_rosters_active_v1"
"656546","Jeff Hoffman","142","Minnesota Twins","P","Pitcher","Active","active",TRUE,TRUE,"pitcher_unspecified",2026-09-17,"baseballr_mlb_rosters_active_v1"
"657746","Joe Ryan","142","Minnesota Twins","P","Pitcher","Active","active",TRUE,TRUE,"pitcher_unspecified",2026-09-17,"baseballr_mlb_rosters_active_v1"
"605137","Josh Bell","142","Minnesota Twins","DH","Hitter","Active","active",TRUE,FALSE,"position_player",2026-09-17,"baseballr_mlb_rosters_active_v1"
"665019","Kody Clemens","142","Minnesota Twins","2B","Infielder","Active","active",TRUE,FALSE,"position_player",2026-09-17,"baseballr_mlb_rosters_active_v1"
"681892","Kody Funderburk","142","Minnesota Twins","P","Pitcher","Active","active",TRUE,TRUE,"pitcher_unspecified",2026-09-17,"baseballr_mlb_rosters_active_v1"
"807712","Luke Keaschall","142","Minnesota Twins","2B","Infielder","Active","active",TRUE,FALSE,"position_player",2026-09-17,"baseballr_mlb_rosters_active_v1"
"668904","Royce Lewis","142","Minnesota Twins","1B","Infielder","Active","active",TRUE,FALSE,"position_player",2026-09-17,"baseballr_mlb_rosters_active_v1"
"680777","Ryan Jeffers","142","Minnesota Twins","C","Catcher","Active","active",TRUE,FALSE,"position_player",2026-09-17,"baseballr_mlb_rosters_active_v1"
"668952","Ryan Kreidler","142","Minnesota Twins","SS","Infielder","Active","active",TRUE,FALSE,"position_player",2026-09-17,"baseballr_mlb_rosters_active_v1"
"671737","Taj Bradley","142","Minnesota Twins","P","Pitcher","Active","active",TRUE,TRUE,"pitcher_unspecified",2026-09-17,"baseballr_mlb_rosters_active_v1"
"573124","Taylor Rogers","142","Minnesota Twins","P","Pitcher","Active","active",TRUE,TRUE,"pitcher_unspecified",2026-09-17,"baseballr_mlb_rosters_active_v1"
"667297","Tommy Nance","142","Minnesota Twins","P","Pitcher","Active","active",TRUE,TRUE,"pitcher_unspecified",2026-09-17,"baseballr_mlb_rosters_active_v1"
"701519","Travis Adams","142","Minnesota Twins","P","Pitcher","Active","active",TRUE,TRUE,"pitcher_unspecified",2026-09-17,"baseballr_mlb_rosters_active_v1"
"663616","Trevor Larnach","142","Minnesota Twins","LF","Outfielder","Active","active",TRUE,FALSE,"position_player",2026-09-17,"baseballr_mlb_rosters_active_v1"
"605170","Victor Caratini","142","Minnesota Twins","C","Catcher","Active","active",TRUE,FALSE,"position_player",2026-09-17,"baseballr_mlb_rosters_active_v1"
"805805","Walker Jenkins","142","Minnesota Twins","CF","Outfielder","Active","active",TRUE,FALSE,"position_player",2026-09-17,"baseballr_mlb_rosters_active_v1"
"672782","Yoendrys Gómez","142","Minnesota Twins","P","Pitcher","Active","active",TRUE,TRUE,"pitcher_unspecified",2026-09-17,"baseballr_mlb_rosters_active_v1"
"805673","Zebby Matthews","142","Minnesota Twins","P","Pitcher","Active","active",TRUE,TRUE,"pitcher_unspecified",2026-09-17,"baseballr_mlb_rosters_active_v1"
"699008","Antwone Kelly","134","Pittsburgh Pirates","P","Pitcher","Active","active",TRUE,TRUE,"pitcher_unspecified",2026-09-17,"baseballr_mlb_rosters_active_v1"
"695257","Billy Cook","134","Pittsburgh Pirates","CF","Outfielder","Active","active",TRUE,FALSE,"position_player",2026-09-17,"baseballr_mlb_rosters_active_v1"
"685126","Brandon Eisert","134","Pittsburgh Pirates","P","Pitcher","Active","active",TRUE,TRUE,"pitcher_unspecified",2026-09-17,"baseballr_mlb_rosters_active_v1"
"664040","Brandon Lowe","134","Pittsburgh Pirates","2B","Infielder","Active","active",TRUE,FALSE,"position_player",2026-09-17,"baseballr_mlb_rosters_active_v1"
"668804","Bryan Reynolds","134","Pittsburgh Pirates","LF","Outfielder","Active","active",TRUE,FALSE,"position_player",2026-09-17,"baseballr_mlb_rosters_active_v1"
"696149","Bubba Chandler","134","Pittsburgh Pirates","P","Pitcher","Active","active",TRUE,TRUE,"pitcher_unspecified",2026-09-17,"baseballr_mlb_rosters_active_v1"
"666808","Camilo Doval","134","Pittsburgh Pirates","P","Pitcher","Active","active",TRUE,TRUE,"pitcher_unspecified",2026-09-17,"baseballr_mlb_rosters_active_v1"
"669387","Carmen Mlodzinski","134","Pittsburgh Pirates","P","Pitcher","Active","active",TRUE,TRUE,"pitcher_unspecified",2026-09-17,"baseballr_mlb_rosters_active_v1"
"642397","Gregory Soto","134","Pittsburgh Pirates","P","Pitcher","Active","active",TRUE,TRUE,"pitcher_unspecified",2026-09-17,"baseballr_mlb_rosters_active_v1"
"680779","Henry Davis","134","Pittsburgh Pirates","C","Catcher","Active","active",TRUE,FALSE,"position_player",2026-09-17,"baseballr_mlb_rosters_active_v1"
"694378","Jacob Gonzalez","134","Pittsburgh Pirates","SS","Infielder","Active","active",TRUE,FALSE,"position_player",2026-09-17,"baseballr_mlb_rosters_active_v1"
"663968","Jake Mangum","134","Pittsburgh Pirates","CF","Outfielder","Active","active",TRUE,FALSE,"position_player",2026-09-17,"baseballr_mlb_rosters_active_v1"
"683003","Jared Jones","134","Pittsburgh Pirates","P","Pitcher","Active","active",TRUE,TRUE,"pitcher_unspecified",2026-09-17,"baseballr_mlb_rosters_active_v1"
"669707","Jared Triolo","134","Pittsburgh Pirates","SS","Infielder","Active","active",TRUE,FALSE,"position_player",2026-09-17,"baseballr_mlb_rosters_active_v1"
"694753","Khristian Curtis","134","Pittsburgh Pirates","P","Pitcher","Active","active",TRUE,TRUE,"pitcher_unspecified",2026-09-17,"baseballr_mlb_rosters_active_v1"
"804606","Konnor Griffin","134","Pittsburgh Pirates","SS","Infielder","Active","active",TRUE,FALSE,"position_player",2026-09-17,"baseballr_mlb_rosters_active_v1"
"669199","Lake Bachar","134","Pittsburgh Pirates","P","Pitcher","Active","active",TRUE,TRUE,"pitcher_unspecified",2026-09-17,"baseballr_mlb_rosters_active_v1"
"596133","Luke Weaver","134","Pittsburgh Pirates","P","Pitcher","Active","active",TRUE,TRUE,"pitcher_unspecified",2026-09-17,"baseballr_mlb_rosters_active_v1"
"682254","Mason Montgomery","134","Pittsburgh Pirates","P","Pitcher","Active","active",TRUE,TRUE,"pitcher_unspecified",2026-09-17,"baseballr_mlb_rosters_active_v1"
"693304","Nick Gonzales","134","Pittsburgh Pirates","3B","Infielder","Active","active",TRUE,FALSE,"position_player",2026-09-17,"baseballr_mlb_rosters_active_v1"
"665833","Oneil Cruz","134","Pittsburgh Pirates","CF","Outfielder","Active","active",TRUE,FALSE,"position_player",2026-09-17,"baseballr_mlb_rosters_active_v1"
"694973","Paul Skenes","134","Pittsburgh Pirates","P","Pitcher","Active","active",TRUE,TRUE,"pitcher_unspecified",2026-09-17,"baseballr_mlb_rosters_active_v1"
"804668","Rafael Flores Jr.","134","Pittsburgh Pirates","C","Catcher","Active","active",TRUE,FALSE,"position_player",2026-09-17,"baseballr_mlb_rosters_active_v1"
"682927","Ronny Simon","134","Pittsburgh Pirates","2B","Infielder","Active","active",TRUE,FALSE,"position_player",2026-09-17,"baseballr_mlb_rosters_active_v1"
"656811","Ryan O'Hearn","134","Pittsburgh Pirates","RF","Outfielder","Active","active",TRUE,FALSE,"position_player",2026-09-17,"baseballr_mlb_rosters_active_v1"
"687462","Spencer Horwitz","134","Pittsburgh Pirates","1B","Infielder","Active","active",TRUE,FALSE,"position_player",2026-09-17,"baseballr_mlb_rosters_active_v1"
"696062","Wilber Dotel","134","Pittsburgh Pirates","P","Pitcher","Active","active",TRUE,TRUE,"pitcher_unspecified",2026-09-17,"baseballr_mlb_rosters_active_v1"
"670990","Yohan Ramírez","134","Pittsburgh Pirates","P","Pitcher","Active","active",TRUE,TRUE,"pitcher_unspecified",2026-09-17,"baseballr_mlb_rosters_active_v1"
"671096","Andrew Abbott","113","Cincinnati Reds","P","Pitcher","Active","active",TRUE,TRUE,"pitcher_unspecified",2026-09-17,"baseballr_mlb_rosters_active_v1"
"663903","Brady Singer","113","Cincinnati Reds","P","Pitcher","Active","active",TRUE,TRUE,"pitcher_unspecified",2026-09-17,"baseballr_mlb_rosters_active_v1"
"682227","Brandon Williamson","113","Cincinnati Reds","P","Pitcher","Active","active",TRUE,TRUE,"pitcher_unspecified",2026-09-17,"baseballr_mlb_rosters_active_v1"
"656271","Brock Burke","113","Cincinnati Reds","P","Pitcher","Active","active",TRUE,TRUE,"pitcher_unspecified",2026-09-17,"baseballr_mlb_rosters_active_v1"
"699115","Carlos Jorge","113","Cincinnati Reds","CF","Outfielder","Active","active",TRUE,FALSE,"position_player",2026-09-17,"baseballr_mlb_rosters_active_v1"
"695505","Chase Burns","113","Cincinnati Reds","P","Pitcher","Active","active",TRUE,TRUE,"pitcher_unspecified",2026-09-17,"baseballr_mlb_rosters_active_v1"
"667472","Dane Myers","113","Cincinnati Reds","CF","Outfielder","Active","active",TRUE,FALSE,"position_player",2026-09-17,"baseballr_mlb_rosters_active_v1"
"682829","Elly De La Cruz","113","Cincinnati Reds","SS","Infielder","Active","active",TRUE,FALSE,"position_player",2026-09-17,"baseballr_mlb_rosters_active_v1"
"641941","Emilio Pagán","113","Cincinnati Reds","P","Pitcher","Active","active",TRUE,TRUE,"pitcher_unspecified",2026-09-17,"baseballr_mlb_rosters_active_v1"
"553993","Eugenio Suárez","113","Cincinnati Reds","DH","Hitter","Active","active",TRUE,FALSE,"position_player",2026-09-17,"baseballr_mlb_rosters_active_v1"
"668933","Graham Ashcraft","113","Cincinnati Reds","P","Pitcher","Active","active",TRUE,TRUE,"pitcher_unspecified",2026-09-17,"baseballr_mlb_rosters_active_v1"
"699302","Héctor Rodríguez","113","Cincinnati Reds","RF","Outfielder","Active","active",TRUE,FALSE,"position_player",2026-09-17,"baseballr_mlb_rosters_active_v1"
"668709","JJ Bleday","113","Cincinnati Reds","LF","Outfielder","Active","active",TRUE,FALSE,"position_player",2026-09-17,"baseballr_mlb_rosters_active_v1"
"624431","Jose Trevino","113","Cincinnati Reds","C","Catcher","Active","active",TRUE,FALSE,"position_player",2026-09-17,"baseballr_mlb_rosters_active_v1"
"682877","Juan Brito","113","Cincinnati Reds","2B","Infielder","Active","active",TRUE,FALSE,"position_player",2026-09-17,"baseballr_mlb_rosters_active_v1"
"670062","Julian Garcia","113","Cincinnati Reds","P","Pitcher","Active","active",TRUE,TRUE,"pitcher_unspecified",2026-09-17,"baseballr_mlb_rosters_active_v1"
"663647","Ke'Bryan Hayes","113","Cincinnati Reds","3B","Infielder","Active","active",TRUE,FALSE,"position_player",2026-09-17,"baseballr_mlb_rosters_active_v1"
"682825","Luis Mey","113","Cincinnati Reds","P","Pitcher","Active","active",TRUE,TRUE,"pitcher_unspecified",2026-09-17,"baseballr_mlb_rosters_active_v1"
"680574","Matt McLain","113","Cincinnati Reds","2B","Infielder","Active","active",TRUE,FALSE,"position_player",2026-09-17,"baseballr_mlb_rosters_active_v1"
"666157","Nick Lodolo","113","Cincinnati Reds","P","Pitcher","Active","active",TRUE,TRUE,"pitcher_unspecified",2026-09-17,"baseballr_mlb_rosters_active_v1"
"572955","Pierce Johnson","113","Cincinnati Reds","P","Pitcher","Active","active",TRUE,TRUE,"pitcher_unspecified",2026-09-17,"baseballr_mlb_rosters_active_v1"
"695076","Rhett Lowder","113","Cincinnati Reds","P","Pitcher","Active","active",TRUE,TRUE,"pitcher_unspecified",2026-09-17,"baseballr_mlb_rosters_active_v1"
"701398","Sal Stewart","113","Cincinnati Reds","1B","Infielder","Active","active",TRUE,FALSE,"position_player",2026-09-17,"baseballr_mlb_rosters_active_v1"
"670770","TJ Friedl","113","Cincinnati Reds","CF","Outfielder","Active","active",TRUE,FALSE,"position_player",2026-09-17,"baseballr_mlb_rosters_active_v1"
"622088","Tejay Antone","113","Cincinnati Reds","P","Pitcher","Active","active",TRUE,TRUE,"pitcher_unspecified",2026-09-17,"baseballr_mlb_rosters_active_v1"
"663574","Tony Santillan","113","Cincinnati Reds","P","Pitcher","Active","active",TRUE,TRUE,"pitcher_unspecified",2026-09-17,"baseballr_mlb_rosters_active_v1"
"663886","Tyler Stephenson","113","Cincinnati Reds","C","Catcher","Active","active",TRUE,FALSE,"position_player",2026-09-17,"baseballr_mlb_rosters_active_v1"
"677943","Will Banfield","113","Cincinnati Reds","C","Catcher","Active","active",TRUE,FALSE,"position_player",2026-09-17,"baseballr_mlb_rosters_active_v1"
"702047","Alex Cook","139","Tampa Bay Rays","P","Pitcher","Active","active",TRUE,TRUE,"pitcher_unspecified",2026-09-17,"baseballr_mlb_rosters_active_v1"
"811315","Brody Hopkins","139","Tampa Bay Rays","P","Pitcher","Active","active",TRUE,TRUE,"pitcher_unspecified",2026-09-17,"baseballr_mlb_rosters_active_v1"
"641329","Bryan Baker","139","Tampa Bay Rays","P","Pitcher","Active","active",TRUE,TRUE,"pitcher_unspecified",2026-09-17,"baseballr_mlb_rosters_active_v1"
"592155","Cam Booser","139","Tampa Bay Rays","P","Pitcher","Active","active",TRUE,TRUE,"pitcher_unspecified",2026-09-17,"baseballr_mlb_rosters_active_v1"
"668984","Casey Legumina","139","Tampa Bay Rays","P","Pitcher","Active","active",TRUE,TRUE,"pitcher_unspecified",2026-09-17,"baseballr_mlb_rosters_active_v1"
"656775","Cedric Mullins","139","Tampa Bay Rays","CF","Outfielder","Active","active",TRUE,FALSE,"position_player",2026-09-17,"baseballr_mlb_rosters_active_v1"
"802415","Chandler Simpson","139","Tampa Bay Rays","LF","Outfielder","Active","active",TRUE,FALSE,"position_player",2026-09-17,"baseballr_mlb_rosters_active_v1"
"642121","Cole Sulser","139","Tampa Bay Rays","P","Pitcher","Active","active",TRUE,TRUE,"pitcher_unspecified",2026-09-17,"baseballr_mlb_rosters_active_v1"
"656876","Drew Rasmussen","139","Tampa Bay Rays","P","Pitcher","Active","active",TRUE,TRUE,"pitcher_unspecified",2026-09-17,"baseballr_mlb_rosters_active_v1"
"642547","Freddy Peralta","139","Tampa Bay Rays","P","Pitcher","Active","active",TRUE,TRUE,"pitcher_unspecified",2026-09-17,"baseballr_mlb_rosters_active_v1"
"643377","Griffin Jax","139","Tampa Bay Rays","P","Pitcher","Active","active",TRUE,TRUE,"pitcher_unspecified",2026-09-17,"baseballr_mlb_rosters_active_v1"
"693855","Ian Seymour","139","Tampa Bay Rays","P","Pitcher","Active","active",TRUE,TRUE,"pitcher_unspecified",2026-09-17,"baseballr_mlb_rosters_active_v1"
"641584","Jake Fraley","139","Tampa Bay Rays","RF","Outfielder","Active","active",TRUE,FALSE,"position_player",2026-09-17,"baseballr_mlb_rosters_active_v1"
"666018","Jonathan Aranda","139","Tampa Bay Rays","1B","Infielder","Active","active",TRUE,FALSE,"position_player",2026-09-17,"baseballr_mlb_rosters_active_v1"
"676356","Jonny DeLuca","139","Tampa Bay Rays","RF","Outfielder","Active","active",TRUE,FALSE,"position_player",2026-09-17,"baseballr_mlb_rosters_active_v1"
"622761","Jorge Mateo","139","Tampa Bay Rays","SS","Infielder","Active","active",TRUE,FALSE,"position_player",2026-09-17,"baseballr_mlb_rosters_active_v1"
"691406","Junior Caminero","139","Tampa Bay Rays","3B","Infielder","Active","active",TRUE,FALSE,"position_player",2026-09-17,"baseballr_mlb_rosters_active_v1"
"687330","Kevin Kelly","139","Tampa Bay Rays","P","Pitcher","Active","active",TRUE,TRUE,"pitcher_unspecified",2026-09-17,"baseballr_mlb_rosters_active_v1"
"689414","Liam Hicks","139","Tampa Bay Rays","C","Catcher","Active","active",TRUE,FALSE,"position_player",2026-09-17,"baseballr_mlb_rosters_active_v1"
"663743","Nick Fortes","139","Tampa Bay Rays","C","Catcher","Active","active",TRUE,FALSE,"position_player",2026-09-17,"baseballr_mlb_rosters_active_v1"
"607259","Nick Martinez","139","Tampa Bay Rays","P","Pitcher","Active","active",TRUE,TRUE,"pitcher_unspecified",2026-09-17,"baseballr_mlb_rosters_active_v1"
"680700","Richie Palacios","139","Tampa Bay Rays","2B","Infielder","Active","active",TRUE,FALSE,"position_player",2026-09-17,"baseballr_mlb_rosters_active_v1"
"668723","Ryan Vilade","139","Tampa Bay Rays","RF","Outfielder","Active","active",TRUE,FALSE,"position_player",2026-09-17,"baseballr_mlb_rosters_active_v1"
"571927","Steven Matz","139","Tampa Bay Rays","P","Pitcher","Active","active",TRUE,TRUE,"pitcher_unspecified",2026-09-17,"baseballr_mlb_rosters_active_v1"
"670764","Taylor Walls","139","Tampa Bay Rays","SS","Infielder","Active","active",TRUE,FALSE,"position_player",2026-09-17,"baseballr_mlb_rosters_active_v1"
"694494","Ty Johnson","139","Tampa Bay Rays","P","Pitcher","Active","active",TRUE,TRUE,"pitcher_unspecified",2026-09-17,"baseballr_mlb_rosters_active_v1"
"683748","Victor Mesa Jr.","139","Tampa Bay Rays","RF","Outfielder","Active","active",TRUE,FALSE,"position_player",2026-09-17,"baseballr_mlb_rosters_active_v1"
"650490","Yandy Díaz","139","Tampa Bay Rays","DH","Hitter","Active","active",TRUE,FALSE,"position_player",2026-09-17,"baseballr_mlb_rosters_active_v1"
"691182","Adael Amador","115","Colorado Rockies","2B","Infielder","Active","active",TRUE,FALSE,"position_player",2026-09-17,"baseballr_mlb_rosters_active_v1"
"690924","Braxton Fulford","115","Colorado Rockies","DH","Hitter","Active","active",TRUE,FALSE,"position_player",2026-09-17,"baseballr_mlb_rosters_active_v1"
"657514","Brennan Bernardino","115","Colorado Rockies","P","Pitcher","Active","active",TRUE,TRUE,"pitcher_unspecified",2026-09-17,"baseballr_mlb_rosters_active_v1"
"664954","Brett Sullivan","115","Colorado Rockies","C","Catcher","Active","active",TRUE,FALSE,"position_player",2026-09-17,"baseballr_mlb_rosters_active_v1"
"694249","Cole Carrigg","115","Colorado Rockies","CF","Outfielder","Active","active",TRUE,FALSE,"position_player",2026-09-17,"baseballr_mlb_rosters_active_v1"
"681393","Connor Norby","115","Colorado Rockies","2B","Infielder","Active","active",TRUE,FALSE,"position_player",2026-09-17,"baseballr_mlb_rosters_active_v1"
"678662","Ezequiel Tovar","115","Colorado Rockies","SS","Infielder","Active","active",TRUE,FALSE,"position_player",2026-09-17,"baseballr_mlb_rosters_active_v1"
"687312","Gabriel Hughes","115","Colorado Rockies","P","Pitcher","Active","active",TRUE,TRUE,"pitcher_unspecified",2026-09-17,"baseballr_mlb_rosters_active_v1"
"696100","Hunter Goodman","115","Colorado Rockies","C","Catcher","Active","active",TRUE,FALSE,"position_player",2026-09-17,"baseballr_mlb_rosters_active_v1"
"677955","Jaden Hill","115","Colorado Rockies","P","Pitcher","Active","active",TRUE,TRUE,"pitcher_unspecified",2026-09-17,"baseballr_mlb_rosters_active_v1"
"664983","Jake McCarthy","115","Colorado Rockies","LF","Outfielder","Active","active",TRUE,FALSE,"position_player",2026-09-17,"baseballr_mlb_rosters_active_v1"
"623474","Jimmy Herget","115","Colorado Rockies","P","Pitcher","Active","active",TRUE,TRUE,"pitcher_unspecified",2026-09-17,"baseballr_mlb_rosters_active_v1"
"687597","Jordan Beck","115","Colorado Rockies","LF","Outfielder","Active","active",TRUE,FALSE,"position_player",2026-09-17,"baseballr_mlb_rosters_active_v1"
"605447","Jordan Romano","115","Colorado Rockies","P","Pitcher","Active","active",TRUE,TRUE,"pitcher_unspecified",2026-09-17,"baseballr_mlb_rosters_active_v1"
"675848","Juan Mejia","115","Colorado Rockies","P","Pitcher","Active","active",TRUE,TRUE,"pitcher_unspecified",2026-09-17,"baseballr_mlb_rosters_active_v1"
"607536","Kyle Freeland","115","Colorado Rockies","P","Pitcher","Active","active",TRUE,TRUE,"pitcher_unspecified",2026-09-17,"baseballr_mlb_rosters_active_v1"
"691720","Kyle Karros","115","Colorado Rockies","3B","Infielder","Active","active",TRUE,FALSE,"position_player",2026-09-17,"baseballr_mlb_rosters_active_v1"
"815081","Mark Manfredi","115","Colorado Rockies","P","Pitcher","Active","active",TRUE,TRUE,"pitcher_unspecified",2026-09-17,"baseballr_mlb_rosters_active_v1"
"690279","Mason Adams","115","Colorado Rockies","P","Pitcher","Active","active",TRUE,TRUE,"pitcher_unspecified",2026-09-17,"baseballr_mlb_rosters_active_v1"
"666160","Mickey Moniak","115","Colorado Rockies","LF","Outfielder","Active","active",TRUE,FALSE,"position_player",2026-09-17,"baseballr_mlb_rosters_active_v1"
"693308","Nick Frasso","115","Colorado Rockies","P","Pitcher","Active","active",TRUE,TRUE,"pitcher_unspecified",2026-09-17,"baseballr_mlb_rosters_active_v1"
"663372","Ryan Feltner","115","Colorado Rockies","P","Pitcher","Active","active",TRUE,TRUE,"pitcher_unspecified",2026-09-17,"baseballr_mlb_rosters_active_v1"
"681198","TJ Rumfield","115","Colorado Rockies","1B","Infielder","Active","active",TRUE,FALSE,"position_player",2026-09-17,"baseballr_mlb_rosters_active_v1"
"685299","Tanner Gordon","115","Colorado Rockies","P","Pitcher","Active","active",TRUE,TRUE,"pitcher_unspecified",2026-09-17,"baseballr_mlb_rosters_active_v1"
"608372","Tomoyuki Sugano","115","Colorado Rockies","P","Pitcher","Active","active",TRUE,TRUE,"pitcher_unspecified",2026-09-17,"baseballr_mlb_rosters_active_v1"
"687859","Troy Johnston","115","Colorado Rockies","RF","Outfielder","Active","active",TRUE,FALSE,"position_player",2026-09-17,"baseballr_mlb_rosters_active_v1"
"691728","Zac Veen","115","Colorado Rockies","LF","Outfielder","Active","active",TRUE,FALSE,"position_player",2026-09-17,"baseballr_mlb_rosters_active_v1"
"688642","Zach Agnos","115","Colorado Rockies","P","Pitcher","Active","active",TRUE,TRUE,"pitcher_unspecified",2026-09-17,"baseballr_mlb_rosters_active_v1"
"805123","AJ Blubaugh","117","Houston Astros","P","Pitcher","Active","active",TRUE,TRUE,"pitcher_unspecified",2026-09-17,"baseballr_mlb_rosters_active_v1"
"656986","Bennett Sousa","117","Houston Astros","P","Pitcher","Active","active",TRUE,TRUE,"pitcher_unspecified",2026-09-17,"baseballr_mlb_rosters_active_v1"
"650556","Bryan Abreu","117","Houston Astros","P","Pitcher","Active","active",TRUE,TRUE,"pitcher_unspecified",2026-09-17,"baseballr_mlb_rosters_active_v1"
"687911","Bryan King","117","Houston Astros","P","Pitcher","Active","active",TRUE,TRUE,"pitcher_unspecified",2026-09-17,"baseballr_mlb_rosters_active_v1"
"701358","Cam Smith","117","Houston Astros","RF","Outfielder","Active","active",TRUE,FALSE,"position_player",2026-09-17,"baseballr_mlb_rosters_active_v1"
"543877","Christian Vázquez","117","Houston Astros","C","Catcher","Active","active",TRUE,FALSE,"position_player",2026-09-17,"baseballr_mlb_rosters_active_v1"
"572233","Christian Walker","117","Houston Astros","1B","Infielder","Active","active",TRUE,FALSE,"position_player",2026-09-17,"baseballr_mlb_rosters_active_v1"
"664299","Cristian Javier","117","Houston Astros","P","Pitcher","Active","active",TRUE,TRUE,"pitcher_unspecified",2026-09-17,"baseballr_mlb_rosters_active_v1"
"662139","Daulton Varsho","117","Houston Astros","CF","Outfielder","Active","active",TRUE,FALSE,"position_player",2026-09-17,"baseballr_mlb_rosters_active_v1"
"660853","Enyel De Los Santos","117","Houston Astros","P","Pitcher","Active","active",TRUE,TRUE,"pitcher_unspecified",2026-09-17,"baseballr_mlb_rosters_active_v1"
"814490","Ethan Pecko","117","Houston Astros","P","Pitcher","Active","active",TRUE,TRUE,"pitcher_unspecified",2026-09-17,"baseballr_mlb_rosters_active_v1"
"669713","Hayden Wesneski","117","Houston Astros","P","Pitcher","Active","active",TRUE,TRUE,"pitcher_unspecified",2026-09-17,"baseballr_mlb_rosters_active_v1"
"686613","Hunter Brown","117","Houston Astros","P","Pitcher","Active","active",TRUE,TRUE,"pitcher_unspecified",2026-09-17,"baseballr_mlb_rosters_active_v1"
"670623","Isaac Paredes","117","Houston Astros","3B","Infielder","Active","active",TRUE,FALSE,"position_player",2026-09-17,"baseballr_mlb_rosters_active_v1"
"665161","Jeremy Peña","117","Houston Astros","SS","Infielder","Active","active",TRUE,FALSE,"position_player",2026-09-17,"baseballr_mlb_rosters_active_v1"
"694388","Joey Loperfido","117","Houston Astros","LF","Outfielder","Active","active",TRUE,FALSE,"position_player",2026-09-17,"baseballr_mlb_rosters_active_v1"
"678489","Jorge Barrosa","117","Houston Astros","CF","Outfielder","Active","active",TRUE,FALSE,"position_player",2026-09-17,"baseballr_mlb_rosters_active_v1"
"514888","Jose Altuve","117","Houston Astros","2B","Infielder","Active","active",TRUE,FALSE,"position_player",2026-09-17,"baseballr_mlb_rosters_active_v1"
"623352","Josh Hader","117","Houston Astros","P","Pitcher","Active","active",TRUE,TRUE,"pitcher_unspecified",2026-09-17,"baseballr_mlb_rosters_active_v1"
"664774","LaMonte Wade Jr.","117","Houston Astros","LF","Outfielder","Active","active",TRUE,FALSE,"position_player",2026-09-17,"baseballr_mlb_rosters_active_v1"
"699044","Miguel Ullola","117","Houston Astros","P","Pitcher","Active","active",TRUE,TRUE,"pitcher_unspecified",2026-09-17,"baseballr_mlb_rosters_active_v1"
"676369","Nelson Velázquez","117","Houston Astros","LF","Outfielder","Active","active",TRUE,FALSE,"position_player",2026-09-17,"baseballr_mlb_rosters_active_v1"
"669397","Nick Allen","117","Houston Astros","SS","Infielder","Active","active",TRUE,FALSE,"position_player",2026-09-17,"baseballr_mlb_rosters_active_v1"
"663567","Peter Lambert","117","Houston Astros","P","Pitcher","Active","active",TRUE,TRUE,"pitcher_unspecified",2026-09-17,"baseballr_mlb_rosters_active_v1"
"669854","Ronel Blanco","117","Houston Astros","P","Pitcher","Active","active",TRUE,TRUE,"pitcher_unspecified",2026-09-17,"baseballr_mlb_rosters_active_v1"
"837227","Tatsuya Imai","117","Houston Astros","P","Pitcher","Active","active",TRUE,TRUE,"pitcher_unspecified",2026-09-17,"baseballr_mlb_rosters_active_v1"
"673237","Yainer Diaz","117","Houston Astros","C","Catcher","Active","active",TRUE,FALSE,"position_player",2026-09-17,"baseballr_mlb_rosters_active_v1"
"670541","Yordan Alvarez","117","Houston Astros","DH","Hitter","Active","active",TRUE,FALSE,"position_player",2026-09-17,"baseballr_mlb_rosters_active_v1"
"805999","A.J. Ewing","121","New York Mets","CF","Outfielder","Active","active",TRUE,FALSE,"position_player",2026-09-17,"baseballr_mlb_rosters_active_v1"
"681810","Austin Warren","121","New York Mets","P","Pitcher","Active","active",TRUE,TRUE,"pitcher_unspecified",2026-09-17,"baseballr_mlb_rosters_active_v1"
"666182","Bo Bichette","121","New York Mets","3B","Infielder","Active","active",TRUE,FALSE,"position_player",2026-09-17,"baseballr_mlb_rosters_active_v1"
"683146","Brett Baty","121","New York Mets","3B","Infielder","Active","active",TRUE,FALSE,"position_player",2026-09-17,"baseballr_mlb_rosters_active_v1"
"701807","Carson Benge","121","New York Mets","RF","Outfielder","Active","active",TRUE,FALSE,"position_player",2026-09-17,"baseballr_mlb_rosters_active_v1"
"681035","Christian Scott","121","New York Mets","P","Pitcher","Active","active",TRUE,TRUE,"pitcher_unspecified",2026-09-17,"baseballr_mlb_rosters_active_v1"
"666624","Christopher Morel","121","New York Mets","1B","Infielder","Active","active",TRUE,FALSE,"position_player",2026-09-17,"baseballr_mlb_rosters_active_v1"
"665506","Cristian Pache","121","New York Mets","OF","Outfielder","Active","active",TRUE,FALSE,"position_player",2026-09-17,"baseballr_mlb_rosters_active_v1"
"673380","Dedniel Núñez","121","New York Mets","P","Pitcher","Active","active",TRUE,TRUE,"pitcher_unspecified",2026-09-17,"baseballr_mlb_rosters_active_v1"
"682626","Francisco Alvarez","121","New York Mets","C","Catcher","Active","active",TRUE,FALSE,"position_player",2026-09-17,"baseballr_mlb_rosters_active_v1"
"596019","Francisco Lindor","121","New York Mets","SS","Infielder","Active","active",TRUE,FALSE,"position_player",2026-09-17,"baseballr_mlb_rosters_active_v1"
"674073","Jack Weisenburger","121","New York Mets","P","Pitcher","Active","active",TRUE,TRUE,"pitcher_unspecified",2026-09-17,"baseballr_mlb_rosters_active_v1"
"676724","Jared Young","121","New York Mets","1B","Infielder","Active","active",TRUE,FALSE,"position_player",2026-09-17,"baseballr_mlb_rosters_active_v1"
"642376","Jefry Yan","121","New York Mets","P","Pitcher","Active","active",TRUE,TRUE,"pitcher_unspecified",2026-09-17,"baseballr_mlb_rosters_active_v1"
"804636","Jonah Tong","121","New York Mets","P","Pitcher","Active","active",TRUE,TRUE,"pitcher_unspecified",2026-09-17,"baseballr_mlb_rosters_active_v1"
"702752","Jonathan Pintaro","121","New York Mets","P","Pitcher","Active","active",TRUE,TRUE,"pitcher_unspecified",2026-09-17,"baseballr_mlb_rosters_active_v1"
"665742","Juan Soto","121","New York Mets","LF","Outfielder","Active","active",TRUE,FALSE,"position_player",2026-09-17,"baseballr_mlb_rosters_active_v1"
"673540","Kodai Senga","121","New York Mets","P","Pitcher","Active","active",TRUE,TRUE,"pitcher_unspecified",2026-09-17,"baseballr_mlb_rosters_active_v1"
"620443","Luis Torrens","121","New York Mets","C","Catcher","Active","active",TRUE,FALSE,"position_player",2026-09-17,"baseballr_mlb_rosters_active_v1"
"543760","Marcus Semien","121","New York Mets","2B","Infielder","Active","active",TRUE,FALSE,"position_player",2026-09-17,"baseballr_mlb_rosters_active_v1"
"668901","Mark Vientos","121","New York Mets","1B","Infielder","Active","active",TRUE,FALSE,"position_player",2026-09-17,"baseballr_mlb_rosters_active_v1"
"681320","Nate Lavender","121","New York Mets","P","Pitcher","Active","active",TRUE,TRUE,"pitcher_unspecified",2026-09-17,"baseballr_mlb_rosters_active_v1"
"703492","Nick Morabito","121","New York Mets","LF","Outfielder","Active","active",TRUE,FALSE,"position_player",2026-09-17,"baseballr_mlb_rosters_active_v1"
"690997","Nolan McLean","121","New York Mets","P","Pitcher","Active","active",TRUE,TRUE,"pitcher_unspecified",2026-09-17,"baseballr_mlb_rosters_active_v1"
"640455","Sean Manaea","121","New York Mets","P","Pitcher","Active","active",TRUE,TRUE,"pitcher_unspecified",2026-09-17,"baseballr_mlb_rosters_active_v1"
"668964","Tobias Myers","121","New York Mets","P","Pitcher","Active","active",TRUE,TRUE,"pitcher_unspecified",2026-09-17,"baseballr_mlb_rosters_active_v1"
"675540","Xzavion Curry","121","New York Mets","P","Pitcher","Active","active",TRUE,TRUE,"pitcher_unspecified",2026-09-17,"baseballr_mlb_rosters_active_v1"
"804267","Zac Thornton","121","New York Mets","P","Pitcher","Active","active",TRUE,TRUE,"pitcher_unspecified",2026-09-17,"baseballr_mlb_rosters_active_v1"
"643217","Andrew Benintendi","145","Chicago White Sox","DH","Hitter","Active","active",TRUE,FALSE,"position_player",2026-09-17,"baseballr_mlb_rosters_active_v1"
"641743","Anthony Kay","145","Chicago White Sox","P","Pitcher","Active","active",TRUE,TRUE,"pitcher_unspecified",2026-09-17,"baseballr_mlb_rosters_active_v1"
"695731","Braden Montgomery","145","Chicago White Sox","RF","Outfielder","Active","active",TRUE,FALSE,"position_player",2026-09-17,"baseballr_mlb_rosters_active_v1"
"686668","Brenton Doyle","145","Chicago White Sox","CF","Outfielder","Active","active",TRUE,FALSE,"position_player",2026-09-17,"baseballr_mlb_rosters_active_v1"
"663542","Bryan Hudson","145","Chicago White Sox","P","Pitcher","Active","active",TRUE,TRUE,"pitcher_unspecified",2026-09-17,"baseballr_mlb_rosters_active_v1"
"805367","Chase Meidroth","145","Chicago White Sox","2B","Infielder","Active","active",TRUE,FALSE,"position_player",2026-09-17,"baseballr_mlb_rosters_active_v1"
"669684","Chris Murphy","145","Chicago White Sox","P","Pitcher","Active","active",TRUE,TRUE,"pitcher_unspecified",2026-09-17,"baseballr_mlb_rosters_active_v1"
"695657","Colson Montgomery","145","Chicago White Sox","SS","Infielder","Active","active",TRUE,FALSE,"position_player",2026-09-17,"baseballr_mlb_rosters_active_v1"
"689818","David Sandlin","145","Chicago White Sox","P","Pitcher","Active","active",TRUE,TRUE,"pitcher_unspecified",2026-09-17,"baseballr_mlb_rosters_active_v1"
"663436","Davis Martin","145","Chicago White Sox","P","Pitcher","Active","active",TRUE,TRUE,"pitcher_unspecified",2026-09-17,"baseballr_mlb_rosters_active_v1"
"607200","Erick Fedde","145","Chicago White Sox","P","Pitcher","Active","active",TRUE,TRUE,"pitcher_unspecified",2026-09-17,"baseballr_mlb_rosters_active_v1"
"691799","Grant Taylor","145","Chicago White Sox","P","Pitcher","Active","active",TRUE,TRUE,"pitcher_unspecified",2026-09-17,"baseballr_mlb_rosters_active_v1"
"696146","Hagen Smith","145","Chicago White Sox","P","Pitcher","Active","active",TRUE,TRUE,"pitcher_unspecified",2026-09-17,"baseballr_mlb_rosters_active_v1"
"668670","Jake Rogers","145","Chicago White Sox","C","Catcher","Active","active",TRUE,FALSE,"position_player",2026-09-17,"baseballr_mlb_rosters_active_v1"
"663855","Jordan Hicks","145","Chicago White Sox","P","Pitcher","Active","active",TRUE,TRUE,"pitcher_unspecified",2026-09-17,"baseballr_mlb_rosters_active_v1"
"691019","Kyle Teel","145","Chicago White Sox","C","Catcher","Active","active",TRUE,FALSE,"position_player",2026-09-17,"baseballr_mlb_rosters_active_v1"
"622491","Luis Castillo","145","Chicago White Sox","P","Pitcher","Active","active",TRUE,TRUE,"pitcher_unspecified",2026-09-17,"baseballr_mlb_rosters_active_v1"
"682668","Luisangel Acuña","145","Chicago White Sox","SS","Infielder","Active","active",TRUE,FALSE,"position_player",2026-09-17,"baseballr_mlb_rosters_active_v1"
"678246","Miguel Vargas","145","Chicago White Sox","3B","Infielder","Active","active",TRUE,FALSE,"position_player",2026-09-17,"baseballr_mlb_rosters_active_v1"
"808959","Munetaka Murakami","145","Chicago White Sox","1B","Infielder","Active","active",TRUE,FALSE,"position_player",2026-09-17,"baseballr_mlb_rosters_active_v1"
"702273","Noah Schultz","145","Chicago White Sox","P","Pitcher","Active","active",TRUE,TRUE,"pitcher_unspecified",2026-09-17,"baseballr_mlb_rosters_active_v1"
"545341","Randal Grichuk","145","Chicago White Sox","DH","Hitter","Active","active",TRUE,FALSE,"position_player",2026-09-17,"baseballr_mlb_rosters_active_v1"
"803011","Sam Antonacci","145","Chicago White Sox","LF","Outfielder","Active","active",TRUE,FALSE,"position_player",2026-09-17,"baseballr_mlb_rosters_active_v1"
"680732","Sean Burke","145","Chicago White Sox","P","Pitcher","Active","active",TRUE,TRUE,"pitcher_unspecified",2026-09-17,"baseballr_mlb_rosters_active_v1"
"656794","Sean Newcomb","145","Chicago White Sox","P","Pitcher","Active","active",TRUE,TRUE,"pitcher_unspecified",2026-09-17,"baseballr_mlb_rosters_active_v1"
"502054","Tommy Pham","145","Chicago White Sox","LF","Outfielder","Active","active",TRUE,FALSE,"position_player",2026-09-17,"baseballr_mlb_rosters_active_v1"
"670950","Trevor Richards","145","Chicago White Sox","P","Pitcher","Active","active",TRUE,TRUE,"pitcher_unspecified",2026-09-17,"baseballr_mlb_rosters_active_v1"
"671976","Tristan Peters","145","Chicago White Sox","CF","Outfielder","Active","active",TRUE,FALSE,"position_player",2026-09-17,"baseballr_mlb_rosters_active_v1"
"696030","Alejandro Osuna","140","Texas Rangers","LF","Outfielder","Active","active",TRUE,FALSE,"position_player",2026-09-17,"baseballr_mlb_rosters_active_v1"
"607043","Brandon Nimmo","140","Texas Rangers","RF","Outfielder","Active","active",TRUE,FALSE,"position_player",2026-09-17,"baseballr_mlb_rosters_active_v1"
"615698","Cal Quantrill","140","Texas Rangers","P","Pitcher","Active","active",TRUE,TRUE,"pitcher_unspecified",2026-09-17,"baseballr_mlb_rosters_active_v1"
"681217","Chase Silseth","140","Texas Rangers","P","Pitcher","Active","active",TRUE,TRUE,"pitcher_unspecified",2026-09-17,"baseballr_mlb_rosters_active_v1"
"674003","Cody Bradford","140","Texas Rangers","P","Pitcher","Active","active",TRUE,TRUE,"pitcher_unspecified",2026-09-17,"baseballr_mlb_rosters_active_v1"
"683227","Cody Freeman","140","Texas Rangers","3B","Infielder","Active","active",TRUE,FALSE,"position_player",2026-09-17,"baseballr_mlb_rosters_active_v1"
"608369","Corey Seager","140","Texas Rangers","SS","Infielder","Active","active",TRUE,FALSE,"position_player",2026-09-17,"baseballr_mlb_rosters_active_v1"
"643376","Danny Jansen","140","Texas Rangers","C","Catcher","Active","active",TRUE,FALSE,"position_player",2026-09-17,"baseballr_mlb_rosters_active_v1"
"553869","Elias Díaz","140","Texas Rangers","C","Catcher","Active","active",TRUE,FALSE,"position_player",2026-09-17,"baseballr_mlb_rosters_active_v1"
"694497","Evan Carter","140","Texas Rangers","CF","Outfielder","Active","active",TRUE,FALSE,"position_player",2026-09-17,"baseballr_mlb_rosters_active_v1"
"677649","Ezequiel Duran","140","Texas Rangers","SS","Infielder","Active","active",TRUE,FALSE,"position_player",2026-09-17,"baseballr_mlb_rosters_active_v1"
"656641","Jacob Latz","140","Texas Rangers","P","Pitcher","Active","active",TRUE,TRUE,"pitcher_unspecified",2026-09-17,"baseballr_mlb_rosters_active_v1"
"594798","Jacob deGrom","140","Texas Rangers","P","Pitcher","Active","active",TRUE,TRUE,"pitcher_unspecified",2026-09-17,"baseballr_mlb_rosters_active_v1"
"669394","Jake Burger","140","Texas Rangers","1B","Infielder","Active","active",TRUE,FALSE,"position_player",2026-09-17,"baseballr_mlb_rosters_active_v1"
"596001","Jakob Junis","140","Texas Rangers","P","Pitcher","Active","active",TRUE,TRUE,"pitcher_unspecified",2026-09-17,"baseballr_mlb_rosters_active_v1"
"592626","Joc Pederson","140","Texas Rangers","DH","Hitter","Active","active",TRUE,FALSE,"position_player",2026-09-17,"baseballr_mlb_rosters_active_v1"
"656756","Jordan Montgomery","140","Texas Rangers","P","Pitcher","Active","active",TRUE,TRUE,"pitcher_unspecified",2026-09-17,"baseballr_mlb_rosters_active_v1"
"673962","Josh Jung","140","Texas Rangers","3B","Infielder","Active","active",TRUE,FALSE,"position_player",2026-09-17,"baseballr_mlb_rosters_active_v1"
"679822","Justin Foscue","140","Texas Rangers","2B","Infielder","Active","active",TRUE,FALSE,"position_player",2026-09-17,"baseballr_mlb_rosters_active_v1"
"677958","Kumar Rocker","140","Texas Rangers","P","Pitcher","Active","active",TRUE,TRUE,"pitcher_unspecified",2026-09-17,"baseballr_mlb_rosters_active_v1"
"669022","MacKenzie Gore","140","Texas Rangers","P","Pitcher","Active","active",TRUE,TRUE,"pitcher_unspecified",2026-09-17,"baseballr_mlb_rosters_active_v1"
"543135","Nathan Eovaldi","140","Texas Rangers","P","Pitcher","Active","active",TRUE,TRUE,"pitcher_unspecified",2026-09-17,"baseballr_mlb_rosters_active_v1"
"670032","Nicky Lopez","140","Texas Rangers","2B","Infielder","Active","active",TRUE,FALSE,"position_player",2026-09-17,"baseballr_mlb_rosters_active_v1"
"695239","Robby Ahlstrom","140","Texas Rangers","P","Pitcher","Active","active",TRUE,TRUE,"pitcher_unspecified",2026-09-17,"baseballr_mlb_rosters_active_v1"
"676395","Robert Garcia","140","Texas Rangers","P","Pitcher","Active","active",TRUE,TRUE,"pitcher_unspecified",2026-09-17,"baseballr_mlb_rosters_active_v1"
"592866","Trevor Williams","140","Texas Rangers","P","Pitcher","Active","active",TRUE,TRUE,"pitcher_unspecified",2026-09-17,"baseballr_mlb_rosters_active_v1"
"641302","Tyler Alexander","140","Texas Rangers","P","Pitcher","Active","active",TRUE,TRUE,"pitcher_unspecified",2026-09-17,"baseballr_mlb_rosters_active_v1"
"694671","Wyatt Langford","140","Texas Rangers","LF","Outfielder","Active","active",TRUE,FALSE,"position_player",2026-09-17,"baseballr_mlb_rosters_active_v1"
"624428","Adam Frazier","108","Los Angeles Angels","2B","Infielder","Active","active",TRUE,FALSE,"position_player",2026-09-17,"baseballr_mlb_rosters_active_v1"
"690829","Ben Joyce","108","Los Angeles Angels","P","Pitcher","Active","active",TRUE,TRUE,"pitcher_unspecified",2026-09-17,"baseballr_mlb_rosters_active_v1"
"676620","Blake Weiman","108","Los Angeles Angels","P","Pitcher","Active","active",TRUE,TRUE,"pitcher_unspecified",2026-09-17,"baseballr_mlb_rosters_active_v1"
"695681","Christian Moore","108","Los Angeles Angels","2B","Infielder","Active","active",TRUE,FALSE,"position_player",2026-09-17,"baseballr_mlb_rosters_active_v1"
"694203","Denzer Guzman","108","Los Angeles Angels","3B","Infielder","Active","active",TRUE,FALSE,"position_player",2026-09-17,"baseballr_mlb_rosters_active_v1"
"680570","Grayson Rodriguez","108","Los Angeles Angels","P","Pitcher","Active","active",TRUE,TRUE,"pitcher_unspecified",2026-09-17,"baseballr_mlb_rosters_active_v1"
"820862","José Fermin","108","Los Angeles Angels","P","Pitcher","Active","active",TRUE,TRUE,"pitcher_unspecified",2026-09-17,"baseballr_mlb_rosters_active_v1"
"642350","Jose Siri","108","Los Angeles Angels","LF","Outfielder","Active","active",TRUE,FALSE,"position_player",2026-09-17,"baseballr_mlb_rosters_active_v1"
"666139","Josh Lowe","108","Los Angeles Angels","LF","Outfielder","Active","active",TRUE,FALSE,"position_player",2026-09-17,"baseballr_mlb_rosters_active_v1"
"677347","Kyren Paris","108","Los Angeles Angels","2B","Infielder","Active","active",TRUE,FALSE,"position_player",2026-09-17,"baseballr_mlb_rosters_active_v1"
"684665","Luke Murphy","108","Los Angeles Angels","P","Pitcher","Active","active",TRUE,TRUE,"pitcher_unspecified",2026-09-17,"baseballr_mlb_rosters_active_v1"
"545361","Mike Trout","108","Los Angeles Angels","CF","Outfielder","Active","active",TRUE,FALSE,"position_player",2026-09-17,"baseballr_mlb_rosters_active_v1"
"815083","Mitch Farris","108","Los Angeles Angels","P","Pitcher","Active","active",TRUE,TRUE,"pitcher_unspecified",2026-09-17,"baseballr_mlb_rosters_active_v1"
"694208","Moisés Ballesteros","108","Los Angeles Angels","DH","Hitter","Active","active",TRUE,FALSE,"position_player",2026-09-17,"baseballr_mlb_rosters_active_v1"
"672724","Oswald Peraza","108","Los Angeles Angels","2B","Infielder","Active","active",TRUE,FALSE,"position_player",2026-09-17,"baseballr_mlb_rosters_active_v1"
"672282","Reid Detmers","108","Los Angeles Angels","P","Pitcher","Active","active",TRUE,TRUE,"pitcher_unspecified",2026-09-17,"baseballr_mlb_rosters_active_v1"
"696270","Ryan Johnson","108","Los Angeles Angels","P","Pitcher","Active","active",TRUE,TRUE,"pitcher_unspecified",2026-09-17,"baseballr_mlb_rosters_active_v1"
"670245","Ryan Watson","108","Los Angeles Angels","P","Pitcher","Active","active",TRUE,TRUE,"pitcher_unspecified",2026-09-17,"baseballr_mlb_rosters_active_v1"
"696147","Sam Bachman","108","Los Angeles Angels","P","Pitcher","Active","active",TRUE,TRUE,"pitcher_unspecified",2026-09-17,"baseballr_mlb_rosters_active_v1"
"671111","Sammy Peralta","108","Los Angeles Angels","P","Pitcher","Active","active",TRUE,TRUE,"pitcher_unspecified",2026-09-17,"baseballr_mlb_rosters_active_v1"
"642048","Tayler Saucedo","108","Los Angeles Angels","P","Pitcher","Active","active",TRUE,TRUE,"pitcher_unspecified",2026-09-17,"baseballr_mlb_rosters_active_v1"
"518595","Travis d'Arnaud","108","Los Angeles Angels","C","Catcher","Active","active",TRUE,FALSE,"position_player",2026-09-17,"baseballr_mlb_rosters_active_v1"
"623168","Tyler Heineman","108","Los Angeles Angels","C","Catcher","Active","active",TRUE,FALSE,"position_player",2026-09-17,"baseballr_mlb_rosters_active_v1"
"687093","Vaughn Grissom","108","Los Angeles Angels","1B","Infielder","Active","active",TRUE,FALSE,"position_player",2026-09-17,"baseballr_mlb_rosters_active_v1"
"685133","Wade Meckler","108","Los Angeles Angels","LF","Outfielder","Active","active",TRUE,FALSE,"position_player",2026-09-17,"baseballr_mlb_rosters_active_v1"
"700712","Walbert Ureña","108","Los Angeles Angels","P","Pitcher","Active","active",TRUE,TRUE,"pitcher_unspecified",2026-09-17,"baseballr_mlb_rosters_active_v1"
"579328","Yusei Kikuchi","108","Los Angeles Angels","P","Pitcher","Active","active",TRUE,TRUE,"pitcher_unspecified",2026-09-17,"baseballr_mlb_rosters_active_v1"
"687263","Zach Neto","108","Los Angeles Angels","SS","Infielder","Active","active",TRUE,FALSE,"position_player",2026-09-17,"baseballr_mlb_rosters_active_v1"
