"file","rows","columns","bytes","md5","synced_at_utc"
"aaa-call-up-radar.csv",120,61,81397,"8364d30eee3d96183bfa6647aa799fce","2026-09-19 17:03:09 UTC"
"aaa-hitter-watch.csv",126,35,53280,"714dd73d0142aea2299b5eb6babdeb57","2026-09-19 17:03:09 UTC"
"aaa-pitcher-watch.csv",24,37,10110,"907452f12cbda65f4f3de58c2a5ec266","2026-09-19 17:03:09 UTC"
"aaa-standings-current.csv",30,25,6790,"3bdb629c72f2e6945ffd74b5e491bc03","2026-09-19 17:03:09 UTC"
"aaa-standings-movement.csv",30,40,10673,"28acd78bcdf7793adeafbdc89e5f1f8a","2026-09-19 17:03:09 UTC"
"aaa-team-rankings.csv",30,43,11617,"d844d66e27d461ef4cd57901be6787fe","2026-09-19 17:03:09 UTC"
"abs-challenge-leaderboard.csv",1581,25,446125,"d1d604118d216d8c6c219c21d5c069a1","2026-09-19 17:03:09 UTC"
"abs-challenge-model-card.csv",1,9,382,"b25ecd03e669fae6304e1203cd0af472","2026-09-19 17:03:09 UTC"
"active-milestone-watch.csv",95,23,27835,"2d9d505960e2b6401c913f11fa766a9b","2026-09-19 17:03:09 UTC"
"active-roster-bullpen-selector.csv",180,48,114663,"d882fdb4450e9022f2f72af0903e3c7e","2026-09-19 17:03:09 UTC"
"active-roster-bullpens.csv",267,33,106544,"112dd76d530d36701c5e37bc4759361c","2026-09-19 17:03:09 UTC"
"active-rosters.csv",840,13,133507,"e5cfccb85c1d39ef4f458a1b9da2d962","2026-09-19 17:03:09 UTC"
"arsenal-spotlights.csv",14,52,9422,"b22316ef4eefb3624b0e7e08ba6c8734","2026-09-19 17:03:09 UTC"
"award-race-board.csv",706,19,254453,"0db01114025c2cf41602ba87da5279ba","2026-09-19 17:03:09 UTC"
"award-race-current-leaders.csv",16,29,6991,"75e9cec8fcf9cba09c69c628926cb1c9","2026-09-19 17:03:09 UTC"
"award-race-display.csv",288,30,121559,"58174ee9e98a6214b2c6d0d2bbe83735","2026-09-19 17:03:09 UTC"
"award-race-events.csv",35,12,9858,"2eb288ce232495991d52565cf2fa9119","2026-09-19 17:03:09 UTC"
"award-race-history.csv",6055,29,2516754,"d41cdbb25bfb66b49d3efd1cf27430aa","2026-09-19 17:03:09 UTC"
"baserunning-league-rates.csv",9,7,1115,"d3d7fae06e2154e82fd5ffe9ec04907f","2026-09-19 17:03:09 UTC"
"baserunning-model-card.csv",1,15,574,"fafb073777bf19f4f3d8278adb2750ae","2026-09-19 17:03:09 UTC"
"baserunning-park-factors.csv",236,12,55084,"8f6b8ac95ee5ac9cdc5d048a63aae414","2026-09-19 17:03:09 UTC"
"baserunning-pitcher-hold-profiles.csv",1914,16,354414,"7262ee9c88fbee3f0560c5d0b08633bb","2026-09-19 17:03:09 UTC"
"baserunning-runner-profiles.csv",5219,14,923704,"69c0acf82727014afdf1043263019ecd","2026-09-19 17:03:09 UTC"
"bullpen-availability.csv",646,19,122232,"7bf5b3e8a419d29ef6e669f7a937204b","2026-09-19 17:03:09 UTC"
"bullpen-chain-demo.csv",6,23,2354,"5565779beead70ac3288abb9dffc0690","2026-09-19 17:03:09 UTC"
"bullpen-matchup-selector.csv",180,32,66088,"3564311ebfcfd588f9aeec86e58fdbaf","2026-09-19 17:03:09 UTC"
"career-three-season-forecasts.csv",759,15,126400,"dd5f857f776780bc94de2ecf4e9d3543","2026-09-19 17:03:09 UTC"
"career-trajectory-backtest-summary.csv",6,21,2332,"88a374cbe2a84d6ab0f983460fbd142c","2026-09-19 17:03:09 UTC"
"career-trajectory-comparables.csv",5060,28,1529475,"17cd6a2f65a2c61dd5c1433a39652a09","2026-09-19 17:03:09 UTC"
"career-trajectory-holdout-validation.csv",3,5,269,"4d880a1434934c465e198a5602ce47ee","2026-09-19 17:03:09 UTC"
"career-trajectory-model-card.csv",1,36,1528,"3b934402e58098b2e91700ff3b652f07","2026-09-19 17:03:09 UTC"
"career-trajectory-probability-calibration.csv",29,10,2824,"5b826623ab78a0424458c526c207b7dc","2026-09-19 17:03:09 UTC"
"career-trajectory-projections.csv",253,118,543111,"cb954a72867b5e60ba5e20e413d224d7","2026-09-19 17:03:09 UTC"
"career-trajectory-rate-validation.csv",1,13,540,"5678e96f1aa5425e9c64d2ff35e68e31","2026-09-19 17:03:09 UTC"
"career-trajectory-tuning-evaluation.csv",4,10,697,"d761582a63eeb8066a27e909e83372d7","2026-09-19 17:03:09 UTC"
"career-trajectory-weight-profiles.csv",45,4,2704,"3095c70dc27d4a459481d070ab1b7538","2026-09-19 17:03:09 UTC"
"career-trajectory-weight-tuning.csv",5,10,658,"8b5d4f14a67aaa6b297efa825eef1d49","2026-09-19 17:03:09 UTC"
"catcher-framing-model-card.csv",1,9,318,"fbad2813db9e3191acce1d536c8bc6ca","2026-09-19 17:03:09 UTC"
"catcher-framing-ratings.csv",109,17,31573,"5a4ad1946b444fdbbe836804a0dd9f62","2026-09-19 17:03:09 UTC"
"current-season-hitter-game-lines.csv",47141,19,6797746,"104f548a171c7521e92e3e269fbc59c5","2026-09-19 17:03:09 UTC"
"current-season-pitcher-game-lines.csv",19715,17,2883171,"5ef5875bf67467fddcab39ce7b0d4fa9","2026-09-19 17:03:09 UTC"
"daily-batter-simulation-summary.csv",36,36,11732,"ebfdd8f0dbd431f346c6ddc7fa542c91","2026-09-19 17:03:09 UTC"
"daily-batting-orders.csv",36,8,2682,"bdc6684327eca1d0805137f59d370b36","2026-09-19 17:03:09 UTC"
"daily-game-inputs.csv",15,40,8745,"fcf7a8aa9a323bad416ade47e3c227a8","2026-09-19 17:03:09 UTC"
"daily-lineup-simulation-summary.csv",4,14,740,"621c6466127c781a931e65523e9978a2","2026-09-19 17:03:09 UTC"
"daily-matchup-event-diagnostics.csv",8,9,1439,"cd108537b4f8b95e18477f527d949897","2026-09-19 17:03:09 UTC"
"daily-matchup-event-model-card.csv",1,15,543,"88cee9fddb76c085ce3c2f14ac654726","2026-09-19 17:03:09 UTC"
"daily-matchup-event-probabilities.csv",36,35,17844,"3919bd4deb9d6859c9b1bd0e4202ec11","2026-09-19 17:03:09 UTC"
"daily-newsletter-edition.csv",1,12,518,"4fc2f195a77fb676db35eb72f082d475","2026-09-19 17:03:09 UTC"
"daily-newsletter-stories.csv",12,19,5057,"953d3c455bfa81f1f9634d13a44a5cd4","2026-09-19 17:03:09 UTC"
"daily-park-weather-hourly.csv",60,13,8415,"b52d92b5b0f35fa7bc4ca731963353f3","2026-09-19 17:03:09 UTC"
"daily-park-weather.csv",15,25,4464,"96d5db1d68c32efec73ddcb6ff160c63","2026-09-19 17:03:09 UTC"
"daily-player-probabilities.csv",144,15,56579,"15db44d67933b83b9cdbd7e81e2c30e1","2026-09-19 17:03:09 UTC"
"daily-player-simulation-model-card.csv",1,14,775,"9df6247131ba8a5dddc6d0db93b015d5","2026-09-19 17:03:09 UTC"
"daily-player-simulation-skips.csv",26,3,1855,"7809ca01caa909a7ad66744fb705d447","2026-09-19 17:03:09 UTC"
"daily-player-simulations.csv",264,14,50625,"d2449b23380480c01f33de78dd388ff9","2026-09-19 17:03:09 UTC"
"daily-probable-starters.csv",30,5,1820,"bd103a661b651cb118fe906e662b7e9f","2026-09-19 17:03:09 UTC"
"daily-projection-components-live.csv",15,42,8006,"5c2fad8197b6ec10fe210a1a05ecf205","2026-09-19 17:03:09 UTC"
"daily-projection-demo.csv",6,47,3506,"a398385e11c456fd135e96ebba7a61ca","2026-09-19 17:03:09 UTC"
"daily-projection-drivers-live.csv",60,5,7107,"60d2b6f24fc89d8bfdda7b60ff925624","2026-09-19 17:03:09 UTC"
"daily-projection-drivers.csv",24,5,2491,"5b239e2146002bf1d25fba8bcfc2a910","2026-09-19 17:03:09 UTC"
"daily-projection-margin-live.csv",120,5,4395,"764248efbcf4b87d217b1da05e0850ce","2026-09-19 17:03:09 UTC"
"daily-projection-margin.csv",48,5,1854,"aafcdf605fd7fc32b5c1ca4efb019600","2026-09-19 17:03:09 UTC"
"daily-projection-scorelines-live.csv",75,6,2076,"a3f3319c809c6225c4605105784469fd","2026-09-19 17:03:09 UTC"
"daily-projection-scorelines.csv",30,6,898,"92a3e0ce04c185e630c79433781520de","2026-09-19 17:03:09 UTC"
"daily-projections-live.csv",15,41,8771,"f41f0b3f82d6f04b2ccdb04b58b74afe","2026-09-19 17:03:09 UTC"
"daily-recent-game-lines.csv",150,14,29107,"6f433f3ca5233d3f7d10c35e68bcdbf1","2026-09-19 17:03:09 UTC"
"daily-retrosheet-history-status.csv",1,6,193,"ba73602a664ba36931f8f62f2f2b0e29","2026-09-19 17:03:09 UTC"
"daily-retrosheet-history.csv",3,18,1841,"817251d8497ed0e2d4dfb7dc0b3a1f11","2026-09-19 17:03:09 UTC"
"daily-series-context.csv",30,14,5845,"6d4ebb52ed808c60c6250a406b523352","2026-09-19 17:03:09 UTC"
"daily-series-player-lines.csv",479,20,94096,"7a30287267009c4a0174e3c15a2f0804","2026-09-19 17:03:09 UTC"
"daily-slate-status.csv",1,4,120,"e600acf4d688b9be6762ea9081df8f26","2026-09-19 17:03:09 UTC"
"daily-starter-simulation-summary.csv",4,29,1216,"1379a9cf55ae809b619675cbd0043708","2026-09-19 17:03:09 UTC"
"daily-state-simulation-bullpen-inputs.csv",36,19,13937,"a629e0cbe4da40f4e3140c45da939f63","2026-09-19 17:03:09 UTC"
"daily-state-simulation-events.csv",14,4,676,"43c8cf8a76eaf416206f0c7ca6f0301c","2026-09-19 17:03:09 UTC"
"daily-state-simulation-games.csv",2,73,3493,"d06906066d953cd03f56d39dca9edfef","2026-09-19 17:03:09 UTC"
"daily-state-simulation-hitters.csv",36,32,11188,"7a1065f9fe5e2938d0ad7d1258c2331d","2026-09-19 17:03:09 UTC"
"daily-state-simulation-model-card.csv",1,26,956,"4ec0aeacb72a6c1f6fabc57d37603852","2026-09-19 17:03:09 UTC"
"daily-state-simulation-reliever-inputs.csv",216,37,104470,"b386c961025b1342bedd934b9121b3de","2026-09-19 17:03:09 UTC"
"daily-state-simulation-relievers.csv",24,23,7803,"83ec4dabe0d33599224cad348f4013d8","2026-09-19 17:03:09 UTC"
"daily-story-queue.csv",3931,16,1128790,"b3385a19561fd4ea2b87c0c326cc58a4","2026-09-19 17:03:09 UTC"
"data-contract-summary.csv",7,4,455,"864b0d958c051362b2fc06351a53657d","2026-09-19 17:03:09 UTC"
"data-refresh-status.csv",1,9,209,"b457cd9f8d22b236cb764b946172d349","2026-09-19 17:03:09 UTC"
"fangraphs-reconciliation-status.csv",1,8,222,"40fa9029f65a07fbfa75c4acb3de06b1","2026-09-19 17:03:09 UTC"
"fangraphs-season-hitters.csv",1266,33,243836,"4b6f545f65c05acf165c8f2f14dc5115","2026-09-19 17:03:09 UTC"
"fangraphs-season-pitchers.csv",729,28,147519,"46070fe69b8b7a8f2f4f8e9f5b75351a","2026-09-19 17:03:09 UTC"
"fielding-model-card.csv",1,14,589,"977005ad766b24c191d76f1eece8834c","2026-09-19 17:03:09 UTC"
"fielding-play-of-day.csv",175,25,92708,"fba74f1e2727e0e4ff25ab241c043dfb","2026-09-19 17:03:09 UTC"
"fielding-player-ratings.csv",1590,20,445972,"e46e5c08a972033128b83823ed86f00e","2026-09-19 17:03:09 UTC"
"fielding-team-ratings.csv",30,15,7178,"4f0114e4a2aeef4910413621ad76ac62","2026-09-19 17:03:09 UTC"
"game-projection-backtest-metrics.csv",1,28,1054,"bfb6580b05d2de31e36ccaab75d8c811","2026-09-19 17:03:09 UTC"
"game-projection-backtest.csv",282,24,98553,"b495be8820c98ac3869ab1bd2bcbc646","2026-09-19 17:03:09 UTC"
"game-projection-calibration.csv",4,9,652,"2300245f6db73faa1a8175984c52213f","2026-09-19 17:03:09 UTC"
"game-score-calibrator-coefficients.csv",3,6,392,"bb016cf57b7d1c2ac860be0c35eb8b99","2026-09-19 17:03:09 UTC"
"game-score-model-card.csv",1,13,572,"ca1aacd249f2594d3c3e562ee955817a","2026-09-19 17:03:09 UTC"
"game-winner-model-coefficients.csv",3,6,381,"07dc9fe0cd5f27cadee972cc5977c7d7","2026-09-19 17:03:09 UTC"
"gold-glove-watch.csv",438,32,237737,"c22ba4854840ecd53c5eb1aedd2f9eaa","2026-09-19 17:03:09 UTC"
"graphics-feed-manifest.csv",19,13,8571,"2bcc3230a9313655d4ffae7601f8baac","2026-09-19 17:03:09 UTC"
"historical-anniversary-notes.csv",300,28,154203,"237b38bf72d4146da3cb1c13d788e104","2026-09-19 17:03:09 UTC"
"historical-milestone-notes.csv",1457,27,615798,"8931beefb0427126ad226a9c8173c522","2026-09-19 17:03:09 UTC"
"historical-player-profiles.csv",3643,59,1724202,"7844a2b3cd1f8b5db54344f0ce3528cb","2026-09-19 17:03:09 UTC"
"history-match-notes.csv",1,32,1381,"3d49801aad54fd3a060c8285e77d980e","2026-09-19 17:03:09 UTC"
"hitter-change-profiles.csv",268,69,271557,"8b834b46224f1e0561bc55758651bce7","2026-09-19 17:03:09 UTC"
"hitter-discipline-profiles.csv",486,21,122580,"64053a6b443faa706be8577c0a21f63b","2026-09-19 17:03:09 UTC"
"hitter-matchup-edges.csv",400,21,142880,"3aa7e74421764f5b3bfcf83f3e9803a7","2026-09-19 17:03:09 UTC"
"hitter-performance-summary.csv",458,57,283005,"560f9d7807024c4632caee36e339753c","2026-09-19 17:03:09 UTC"
"hitter-platoon-summary.csv",910,55,517694,"08b1552cf17a9a0e972046dc4d1b2fb0","2026-09-19 17:03:09 UTC"
"hitter-recent-form.csv",270,35,139408,"06df51db2459a0ddef9650188d9973c7","2026-09-19 17:03:09 UTC"
"hitter-tracking-totals.csv",655,12,116376,"7adb635e1f197544fa9a67cef0f7679d","2026-09-19 17:03:09 UTC"
"insane-baseball-awards.csv",1374,22,637801,"cfd9a4f6103832dec154b5353231dafd","2026-09-19 17:03:09 UTC"
"manager-data-summary.csv",4,5,472,"0613cbd39b789499147741cb6a100012","2026-09-19 17:03:09 UTC"
"manager-hook-calibration.csv",10,8,1345,"badc2718428dce2dc8b7c6fbd458d623","2026-09-19 17:03:09 UTC"
"manager-hook-examples.csv",250,23,63449,"14a9d1bccdbe92f199c3800e46ae8714","2026-09-19 17:03:09 UTC"
"manager-hook-model.csv",10,10,1985,"1c3cf79dce620a4deb7418e8235603be","2026-09-19 17:03:09 UTC"
"manager-hook-scenarios.csv",6,18,2729,"cdc4a1edcaf5c1c2b3712c71d18d5e60","2026-09-19 17:03:09 UTC"
"manager-hook-validation-metrics.csv",1,13,461,"81ca4dc26c47c58ad70db8088c022bcd","2026-09-19 17:03:09 UTC"
"matchup-event-feedback-by-event.csv",8,7,1087,"4d52cb7a874a6931ff8d8ef50660541e","2026-09-19 17:03:09 UTC"
"matchup-event-feedback-metrics.csv",1,9,349,"64fb0ae262cd6a4cc5d1940fa01230d2","2026-09-19 17:03:09 UTC"
"mlb-standings-current.csv",30,25,6536,"8333dedd8c8ee5f5de753b9179bee279","2026-09-19 17:03:09 UTC"
"mlb-standings-movement.csv",30,40,10712,"6e837f72baca01f8342c071dfcbd984f","2026-09-19 17:03:09 UTC"
"mvp-era-stat-profiles.csv",108,7,3384,"beb3156fa862e4d481b135fb7f51b016","2026-09-19 17:03:09 UTC"
"mvp-era-winner-percentiles.csv",205,31,55545,"ddfc807b0af9704d924216b4b2ba9a07","2026-09-19 17:03:09 UTC"
"mvp-modern-model-weights.csv",10,4,696,"80b3744b7ce5959fd1dd64f05a878d17","2026-09-19 17:03:09 UTC"
"offensive-race-board.csv",458,60,313999,"28049b5046050cd662edef17c7947fec","2026-09-19 17:03:09 UTC"
"official-fielding-run-value.csv",647,23,205323,"51338e952b0fe24b6b9b208a882c3fc9","2026-09-19 17:03:09 UTC"
"official-team-fielding-run-value.csv",30,16,9366,"d4b7a15e6fc91dfc6faaa18bdaaed044","2026-09-19 17:03:09 UTC"
"pitch-type-summary.csv",1927,40,865404,"5b62d6958ec3ab857fcd1a9e7936177e","2026-09-19 17:03:09 UTC"
"pitch-usage-change-board.csv",1817,48,1412211,"5714e3b0d6d0a8dff5de2a46fc566960","2026-09-19 17:03:09 UTC"
"pitcher-career-trajectory-comparables.csv",6460,26,1718784,"0c621b51bc6db45dbaab872dc6b269fa","2026-09-19 17:03:09 UTC"
"pitcher-career-trajectory-model-card.csv",1,10,239,"0b6da5fbaf954a4f748b557b0d90f63c","2026-09-19 17:03:09 UTC"
"pitcher-career-trajectory-projections.csv",323,53,183043,"184f1fdb5c47f828d22a2a1560fc231f","2026-09-19 17:03:09 UTC"
"pitcher-change-profiles.csv",298,69,306765,"c33015c8f4e24ce764cfea9f62128572","2026-09-19 17:03:09 UTC"
"pitcher-discipline-profiles.csv",552,19,136449,"00632ece6ccbdde0a992905117845cc5","2026-09-19 17:03:09 UTC"
"pitcher-matchup-edges.csv",517,21,183880,"c9328ee2551c7204cff29e25339ed22e","2026-09-19 17:03:09 UTC"
"pitcher-performance-summary.csv",560,57,344445,"a8e7d4f56e536ba15ee429e3ee3c97ba","2026-09-19 17:03:09 UTC"
"pitcher-platoon-summary.csv",1089,55,617338,"7559f7c371e80c2664fc6a0a302b30be","2026-09-19 17:03:09 UTC"
"pitcher-recent-form.csv",300,35,155386,"555bb62053783f59ca6e0ad81c0d2616","2026-09-19 17:03:09 UTC"
"pitcher-tracking-totals.csv",859,18,184215,"1256b86c3ca94871acd515b31c2d44f2","2026-09-19 17:03:09 UTC"
"player-market-groups.csv",11,20,3854,"8950d16052efb4fa150fb84bf06091ea","2026-09-19 17:03:09 UTC"
"player-market-players.csv",859,13,135593,"23aa29fdf56ae1053ddfc41701dfc853","2026-09-19 17:03:09 UTC"
"player-projection-feedback-metrics.csv",10,8,1455,"029b28dfbee21de7ab691924f927579c","2026-09-19 17:03:09 UTC"
"projection-feedback-by-version.csv",3,10,699,"d072b087581424c177d802be05650b59","2026-09-19 17:03:09 UTC"
"projection-feedback-calibration.csv",8,8,691,"ede62724fe86697eba30cbf8f9b29dee","2026-09-19 17:03:09 UTC"
"projection-feedback-ledger.csv",1,18,663,"c0364877fc2e80ec2540944a67636fbd","2026-09-19 17:03:09 UTC"
"projection-feedback-metrics.csv",1,20,808,"f2377b3a213a9ca88668bc4557eda3dc","2026-09-19 17:03:09 UTC"
"projection-hook-path.csv",3,13,1212,"de8c18162c2880fc6cea0988a3835e01","2026-09-19 17:03:09 UTC"
"projection-input-readiness.csv",6,25,2695,"9b3b71814e4e8def9a5e1189f8d57de2","2026-09-19 17:03:09 UTC"
"projection-ledger-status.csv",1,18,642,"1ab3738606c93a3676e147af745b59df","2026-09-19 17:03:09 UTC"
"projection-publication-readiness.csv",1,14,544,"9364048526014d9825cbdeadfb4aea32","2026-09-19 17:03:09 UTC"
"pull-rate-leader-batted-balls.csv",59,97,53741,"8e1002107ea8b8c38ade92f19e63ba20","2026-09-19 17:03:09 UTC"
"refresh-health.csv",18,11,2488,"3054fb0b83341b61425b137960cf074d","2026-09-19 17:03:09 UTC"
"reliever-selector-boston-lhb.csv",13,26,3472,"81e50750479741905b1429d2ba5a3bdd","2026-09-19 17:03:09 UTC"
"rolling-league-batted-ball.csv",175,18,40524,"79a4cff3a884bee8abfd6ac1f31a5bf4","2026-09-19 17:03:09 UTC"
"rolling-league-pitch-quality.csv",2633,11,426343,"3618faefaba527f35689e5988cfb9387","2026-09-19 17:03:09 UTC"
"rolling-league-pitch-usage.csv",2633,11,411945,"fdc4e2f0ccf5671096d54343c550b0bd","2026-09-19 17:03:09 UTC"
"rolling-league-production.csv",175,20,44312,"6c104945d493bc894685a9ef55cf3327","2026-09-19 17:03:09 UTC"
"rolling-league-workload.csv",175,9,26528,"bd80f976409da7aa268bcf2a998204d8","2026-09-19 17:03:09 UTC"
"run-expectancy-24.csv",24,11,3579,"a20775cfee425fcb527cda8dd858a91c","2026-09-19 17:03:09 UTC"
"run-game-battery-ratings.csv",1049,14,199987,"6cce36172cbae05ada3e56c3b1dc8e83","2026-09-19 17:03:09 UTC"
"run-game-catcher-ratings.csv",119,25,41727,"6a1a02d45d5881d4d5e28d0fd18c548a","2026-09-19 17:03:09 UTC"
"run-game-count-windows.csv",26124,26,7045618,"06341da5fdafe0e22b564dc675e6a485","2026-09-19 17:03:09 UTC"
"run-game-model-card.csv",1,13,466,"3ed1933cba6b370e434f7ff4f2f1a576","2026-09-19 17:03:09 UTC"
"run-game-notes.csv",888,13,258027,"3320457df0763f7d4b4d7cfb92f57ec1","2026-09-19 17:03:09 UTC"
"run-game-pitcher-ratings.csv",864,25,280441,"d8ae4ad27a6a96619432b431d9fbe582","2026-09-19 17:03:09 UTC"
"run-game-runner-ratings.csv",651,21,171347,"5eb1996c5a11e5efa6f153fbfbcf3530","2026-09-19 17:03:09 UTC"
"run-prevention-race-board.csv",560,60,378418,"57437bf39ab5b908e3442489950714c3","2026-09-19 17:03:09 UTC"
"runner-advancement-fielding-ratings.csv",1330,17,346079,"20c0f34b81c2bfe000c1600b1dabc9e0","2026-09-19 17:03:09 UTC"
"runner-advancement-team-ratings.csv",30,14,7545,"43eb0f2fa1840d065236af7d35f76586","2026-09-19 17:03:09 UTC"
"signature-pitch-board.csv",1918,46,1098318,"bee01792702cb91d517284fe6a3efa1a","2026-09-19 17:03:09 UTC"
"state-reliever-feedback-metrics.csv",1,8,429,"622f85ffda2129e9f0a4134c16c562d5","2026-09-19 17:03:09 UTC"
"state-simulation-calibration-status.csv",1,13,538,"ddbc2d42ccf2e49e9a289ed71cf23944","2026-09-19 17:03:09 UTC"
"state-simulation-feedback-metrics.csv",1,9,421,"3f5beb25480f3f0caaeee0864e3d8b47","2026-09-19 17:03:09 UTC"
"team-broadcast-notes.csv",90,11,23477,"7aa4c298d0d0f1d2ac80b62104062edf","2026-09-19 17:03:09 UTC"
"team-intelligence-summary.csv",30,40,17988,"1fbd98f596aaca8a54056fc4b6c70351","2026-09-19 17:03:09 UTC"
"team-positional-war.csv",257,15,50665,"64549e50fe10fdf5836d390874876331","2026-09-19 17:03:09 UTC"
"team-tracking-totals.csv",30,16,6040,"5bf86e6c76043a2209e19ec3dfe976f6","2026-09-19 17:03:09 UTC"
