"playerID","yearID","lgID","G","AB","R","H","X2B","X3B","HR","RBI","SB","BB","HBP","SF","PA","AVG","OBP","TB","SLG","OPS","avg_percentile","obp_percentile","slg_percentile","ops_percentile","h_percentile","hr_percentile","rbi_percentile","r_percentile","sb_percentile","decade"
"aaronha01",1957,"NL",151,615,118,198,27,6,44,132,1,57,0,3,675,0.321951219512195,0.377777777777778,369,0.6,0.977777777777778,0.962264150943396,0.89622641509434,0.971698113207547,0.971698113207547,0.990566037735849,1,1,1,0.405660377358491,1950
"abreujo02",2020,"AL",60,240,43,76,15,0,19,60,0,18,3,1,262,0.316666666666667,0.370229007633588,148,0.616666666666667,0.986895674300254,0.939597315436242,0.885906040268456,0.986577181208054,0.973154362416107,1,0.993288590604027,1,0.986577181208054,0.194630872483221,2020
"acunaro01",2023,"NL",158,643,149,217,35,4,41,106,73,80,9,3,735,0.337480559875583,0.416326530612245,383,0.595645412130638,1.01197194274288,0.995670995670996,1,0.995670995670996,1,1,0.987012987012987,0.976190476190476,1,1,2020
"allendi01",1972,"AL",148,506,90,156,28,5,37,113,19,99,1,3,609,0.308300395256917,0.420361247947455,305,0.602766798418972,1.02312804636643,0.970588235294118,0.994117647058824,1,1,0.958823529411765,1,1,0.982352941176471,0.923529411764706,1970
"altuvjo01",2017,"AL",153,590,112,204,39,4,24,81,32,58,9,4,661,0.345762711864407,0.409984871406959,323,0.547457627118644,0.957442498525603,1,0.991031390134529,0.955156950672646,0.982062780269058,1,0.816143497757848,0.856502242152466,0.993273542600897,0.991031390134529,2010
"bagweje01",1994,"NL",110,400,104,147,32,2,39,116,15,65,4,10,479,0.3675,0.450939457202505,300,0.75,1.20093945720251,0.99438202247191,0.99438202247191,1,1,0.991573033707865,0.99438202247191,1,1,0.862359550561798,1990
"bankser01",1958,"NL",154,617,119,193,23,11,47,129,4,52,4,8,681,0.312803889789303,0.365638766519824,379,0.614262560777958,0.979901327297782,0.929824561403509,0.850877192982456,0.991228070175439,0.982456140350877,0.973684210526316,1,1,0.991228070175439,0.785087719298246,1950
"bankser01",1959,"NL",155,589,97,179,25,6,45,143,2,64,7,9,669,0.303904923599321,0.373692077727952,351,0.595925297113752,0.969617374841704,0.877358490566038,0.858490566037736,0.981132075471698,0.962264150943396,0.943396226415094,0.990566037735849,1,0.933962264150943,0.575471698113208,1950
"baylodo01",1979,"AL",162,628,120,186,33,3,36,139,22,71,11,12,722,0.296178343949045,0.371191135734072,333,0.530254777070064,0.901445912804136,0.854368932038835,0.864077669902913,0.932038834951456,0.922330097087379,0.975728155339806,0.985436893203884,1,1,0.934466019417476,1970
"bellge02",1987,"AL",156,610,111,188,32,4,47,134,5,39,7,9,665,0.308196721311475,0.35187969924812,369,0.604918032786885,0.956797732035006,0.92018779342723,0.727699530516432,0.995305164319249,0.976525821596244,0.976525821596244,0.995305164319249,1,0.995305164319249,0.593896713615023,1980
"bellico01",2019,"NL",156,558,121,170,34,3,47,115,15,95,3,4,660,0.304659498207885,0.406060606060606,351,0.629032258064516,1.03509286412512,0.926605504587156,0.986238532110092,0.990825688073395,0.995412844036697,0.944954128440367,0.990825688073395,0.972477064220184,0.995412844036697,0.912844036697248,2010
"benchjo01",1970,"NL",158,605,97,177,35,4,45,148,5,54,0,11,670,0.292561983471074,0.344776119402985,355,0.586776859504132,0.931552978907117,0.805882352941176,0.605882352941176,0.982352941176471,0.935294117647059,0.923529411764706,1,1,0.902941176470588,0.670588235294118,1970
"benchjo01",1972,"NL",147,538,87,145,22,2,40,125,6,100,2,12,652,0.269516728624535,0.378834355828221,291,0.54089219330855,0.919726549136771,0.710843373493976,0.927710843373494,0.987951807228916,0.981927710843373,0.855421686746988,1,1,0.936746987951807,0.75,1970
"berrayo01",1951,"AL",141,547,92,161,19,4,27,88,5,44,3,0,594,0.294332723948812,0.35016835016835,269,0.491773308957952,0.841941659126303,0.801801801801802,0.585585585585586,0.90990990990991,0.864864864864865,0.923423423423423,0.963963963963964,0.936936936936937,0.923423423423423,0.743243243243243,1950
"berrayo01",1954,"AL",151,584,88,179,28,6,22,125,0,56,4,7,651,0.306506849315068,0.367127496159754,285,0.488013698630137,0.855141194789891,0.93859649122807,0.807017543859649,0.947368421052632,0.93859649122807,0.956140350877193,0.947368421052632,0.991228070175439,0.903508771929825,0.157894736842105,1950
"berrayo01",1955,"AL",147,541,84,147,20,3,27,108,1,60,7,5,613,0.271719038817006,0.34910277324633,254,0.469500924214418,0.818603697460747,0.619047619047619,0.542857142857143,0.838095238095238,0.819047619047619,0.876190476190476,0.961904761904762,0.980952380952381,0.895238095238095,0.419047619047619,1950
"bettsmo01",2018,"AL",136,520,129,180,47,5,32,80,30,81,8,5,614,0.346153846153846,0.438110749185668,333,0.640384615384615,1.07849536457028,1,0.99163179916318,0.99581589958159,0.99163179916318,0.98326359832636,0.964435146443515,0.910041841004184,0.997907949790795,0.981171548117155,2010
"bluevi01",1971,"AL",39,102,6,12,1,0,0,2,0,4,2,0,108,0.117647058823529,0.166666666666667,13,0.127450980392157,0.294117647058823,0.0174418604651163,0.0174418604651163,0.0116279069767442,0.0174418604651163,0.0174418604651163,0.0436046511627907,0.0116279069767442,0.0232558139534884,0.0988372093023256,1970
"bondsba01",1990,"NL",151,519,104,156,32,3,33,114,52,93,3,6,621,0.300578034682081,0.405797101449275,293,0.564547206165703,0.970344307614979,0.888235294117647,0.970588235294118,1,0.994117647058824,0.9,0.979411764705882,0.982352941176471,0.967647058823529,0.988235294117647,1990
"bondsba01",1992,"NL",140,473,109,147,36,5,34,103,39,127,5,7,612,0.310782241014799,0.455882352941176,295,0.623678646934461,1.07956099987564,0.950819672131147,1,1,1,0.852459016393443,0.994535519125683,0.983606557377049,1,0.956284153005464,1990
"bondsba01",1993,"NL",159,539,129,181,38,4,46,123,29,126,2,7,674,0.335807050092764,0.458456973293769,365,0.677179962894249,1.13563693618802,0.969230769230769,0.994871794871795,1,1,0.966666666666667,1,1,0.994871794871795,0.925641025641026,1990
"bondsba01",2001,"NL",153,476,129,156,32,2,73,137,13,177,9,2,664,0.327731092436975,0.515060240963855,411,0.863445378151261,1.37850561911512,0.9625,1,1,1,0.84375,1,0.9875,0.991666666666667,0.866666666666667,2000
"bondsba01",2002,"NL",143,403,117,149,31,2,46,110,9,198,9,2,612,0.369727047146402,0.581699346405229,322,0.799007444168734,1.38070679057396,1,1,1,1,0.831896551724138,0.995689655172414,0.976293103448276,0.991379310344828,0.801724137931034,2000
"bondsba01",2003,"NL",130,390,111,133,22,1,45,90,7,148,10,2,550,0.341025641025641,0.529090909090909,292,0.748717948717949,1.27780885780886,0.987179487179487,1,1,1,0.745726495726496,0.993589743589744,0.901709401709402,0.980769230769231,0.762820512820513,2000
"bondsba01",2004,"NL",147,373,129,135,27,3,45,101,6,232,9,3,617,0.361930294906166,0.609400324149109,303,0.812332439678284,1.42173276382739,1,1,1,1,0.727272727272727,0.987012987012987,0.930735930735931,0.995670995670996,0.748917748917749,2000
"bottoji01",1928,"NL",149,576,123,187,42,20,31,136,10,71,3,0,650,0.324652777777778,0.401538461538462,362,0.628472222222222,1.03001068376068,0.882882882882883,0.927927927927928,0.990990990990991,0.990990990990991,0.918918918918919,0.995495495495496,1,0.990990990990991,0.855855855855856,1920
"boudrlo01",1948,"AL",152,560,116,199,34,6,18,106,3,98,2,0,660,0.355357142857143,0.453030303030303,299,0.533928571428571,0.986958874458874,0.990566037735849,0.990566037735849,0.971698113207547,0.981132075471698,0.981132075471698,0.915094339622642,0.933962264150943,0.962264150943396,0.64622641509434,1940
"boyerke01",1964,"NL",162,628,100,185,30,10,24,119,3,70,2,4,704,0.294585987261146,0.365056818181818,307,0.488853503184713,0.853910321366532,0.848920863309353,0.913669064748201,0.899280575539568,0.928057553956835,0.931654676258993,0.935251798561151,1,0.953237410071942,0.58273381294964,1960
"braunry02",2011,"NL",150,563,109,187,38,6,33,111,33,58,5,3,629,0.33214920071048,0.397456279809221,336,0.596802841918295,0.994259121727516,0.991902834008097,0.979757085020243,0.995951417004049,1,0.983805668016194,0.977732793522267,0.987854251012146,0.995951417004049,0.975708502024291,2010
"brettge01",1980,"AL",117,449,87,175,33,9,24,118,15,58,1,7,515,0.389755011135857,0.454368932038835,298,0.66369710467706,1.11806603671589,1,1,1,1,0.931279620853081,0.954976303317536,0.992890995260663,0.919431279620853,0.886255924170616,1980
"bryankr01",2016,"NL",155,603,121,176,35,3,39,102,8,75,18,3,699,0.291873963515755,0.38483547925608,334,0.553897180762852,0.938732660018933,0.869767441860465,0.944186046511628,0.976744186046512,0.986046511627907,0.958139534883721,0.990697674418605,0.976744186046512,1,0.772093023255814,2010
"burnsge02",1926,"AL",151,603,97,216,64,3,4,114,13,28,8,0,639,0.358208955223881,0.394366197183099,298,0.494195688225539,0.888561885408638,0.96078431372549,0.794117647058823,0.901960784313726,0.882352941176471,0.995098039215686,0.651960784313726,0.985294117647059,0.92156862745098,0.897058823529412,1920
"burroje01",1974,"AL",152,554,84,167,33,2,25,118,2,91,5,12,662,0.3014440433213,0.397280966767372,279,0.503610108303249,0.900891075070621,0.949152542372881,0.983050847457627,0.971751412429379,0.977401129943503,0.963276836158192,0.980225988700565,1,0.96045197740113,0.42090395480226,1970
"cabremi01",2012,"AL",161,622,109,205,40,0,44,139,4,66,3,6,697,0.329581993569132,0.393113342898135,377,0.606109324758842,0.999222667656977,1,0.977168949771689,0.995433789954338,0.995433789954338,0.995433789954338,1,1,0.995433789954338,0.582191780821918,2010
"cabremi01",2013,"AL",148,555,103,193,26,1,44,137,3,90,5,2,652,0.347747747747748,0.441717791411043,353,0.636036036036036,1.07775382744708,1,1,1,1,0.993392070484581,0.995594713656388,0.995594713656388,0.993392070484581,0.544052863436123,2010
"camildo01",1941,"NL",149,529,92,151,29,6,34,120,3,104,4,0,637,0.285444234404537,0.406593406593407,294,0.555765595463138,0.962359002056545,0.715686274509804,0.970588235294118,0.990196078431373,0.990196078431373,0.882352941176471,1,1,0.950980392156863,0.558823529411765,1940
"caminke01",1996,"NL",146,546,109,178,37,2,40,130,11,78,4,10,638,0.326007326007326,0.407523510971787,339,0.620879120879121,1.02840263185091,0.966824644549763,0.95260663507109,0.990521327014218,0.985781990521327,0.914691943127962,0.9739336492891,0.990521327014218,0.933649289099526,0.744075829383886,1990
"camparo01",1951,"NL",143,505,90,164,33,1,33,108,1,53,4,0,562,0.324752475247525,0.393238434163701,298,0.59009900990099,0.983337444064691,0.972972972972973,0.927927927927928,0.981981981981982,0.981981981981982,0.896396396396396,0.981981981981982,0.968468468468468,0.882882882882883,0.369369369369369,1950
"camparo01",1953,"NL",144,519,103,162,26,3,41,142,4,67,4,0,590,0.312138728323699,0.394915254237288,317,0.610789980732177,1.00570523496947,0.912621359223301,0.902912621359223,0.980582524271845,0.970873786407767,0.79126213592233,0.980582524271845,1,0.902912621359223,0.796116504854369,1950
"camparo01",1955,"NL",123,446,81,142,20,1,32,107,2,56,6,9,517,0.318385650224215,0.39458413926499,260,0.582959641255605,0.977543780520596,0.962962962962963,0.944444444444444,0.944444444444444,0.962962962962963,0.777777777777778,0.935185185185185,0.935185185185185,0.824074074074074,0.546296296296296,1950
"cansejo01",1988,"AL",158,610,120,187,34,0,42,124,40,78,10,6,704,0.30655737704918,0.390625,347,0.568852459016393,0.959477459016393,0.945,0.96,1,0.995,0.975,1,1,0.995,0.985,1980
"carewro01",1977,"AL",155,616,128,239,38,16,14,100,23,69,3,5,693,0.387987012987013,0.448773448773449,351,0.569805194805195,1.01857864357864,1,1,0.980392156862745,1,1,0.740196078431373,0.938725490196078,1,0.926470588235294,1970
"cavarph01",1945,"NL",132,498,94,177,34,10,6,97,5,81,4,0,583,0.355421686746988,0.449399656946827,249,0.5,0.949399656946827,1,0.991150442477876,0.973451327433628,0.982300884955752,0.942477876106195,0.712389380530973,0.938053097345133,0.915929203539823,0.663716814159292,1940
"cepedor01",1967,"NL",151,563,91,183,37,0,25,111,11,62,12,7,644,0.325044404973357,0.399068322981366,295,0.523978685612789,0.923047008594155,0.95,0.985714285714286,0.971428571428571,0.978571428571429,0.957142857142857,0.942857142857143,1,0.939285714285714,0.889285714285714,1960
"chandsp01",1943,"AL",30,97,9,25,5,0,2,7,0,1,3,0,101,0.257731958762887,0.287128712871287,36,0.371134020618557,0.658262733489844,0.572727272727273,0.172727272727273,0.7,0.527272727272727,0.0772727272727273,0.486363636363636,0.0363636363636364,0.104545454545455,0.0863636363636364,1940
"clemero01",1966,"NL",154,638,105,202,31,11,29,119,7,46,0,5,689,0.316614420062696,0.359941944847605,342,0.536050156739812,0.895992101587417,0.963235294117647,0.882352941176471,0.948529411764706,0.955882352941177,0.985294117647059,0.930147058823529,0.992647058823529,0.977941176470588,0.775735294117647,1960
"cobbty01",1911,"AL",146,591,147,248,47,24,8,127,83,44,8,0,643,0.419627749576988,0.46656298600311,367,0.620981387478849,1.08754437348196,1,0.990291262135922,1,1,1,0.985436893203884,1,1,1,1910
"cochrmi01",1928,"AL",131,468,92,137,26,12,10,57,7,76,3,0,547,0.292735042735043,0.394881170018282,217,0.463675213675214,0.858556383693495,0.607142857142857,0.866071428571429,0.803571428571429,0.866071428571429,0.732142857142857,0.888392857142857,0.700892857142857,0.919642857142857,0.678571428571429,1920
"cochrmi01",1934,"AL",129,437,74,140,32,1,2,76,8,78,4,0,519,0.320366132723112,0.427745664739884,180,0.411899313501144,0.839644978241029,0.88785046728972,0.953271028037383,0.672897196261682,0.822429906542056,0.710280373831776,0.429906542056075,0.766355140186916,0.700934579439252,0.789719626168224,1930
"collied01",1914,"AL",152,526,122,181,23,14,2,85,58,97,6,0,629,0.344106463878327,0.451510333863275,238,0.452471482889734,0.903981816753009,0.990384615384615,0.990384615384615,0.961538461538462,0.980769230769231,0.966346153846154,0.745192307692308,0.961538461538462,1,0.990384615384615,1910
"coopemo01",1942,"NL",37,103,6,19,1,0,0,7,0,3,0,0,106,0.184466019417476,0.207547169811321,20,0.194174757281553,0.401721927092874,0.0555555555555556,0.0277777777777778,0.00925925925925926,0.00925925925925926,0.0138888888888889,0.0925925925925926,0.037037037037037,0.0138888888888889,0.106481481481481,1940
"daubeja01",1913,"NL",139,508,76,178,17,7,2,52,25,44,3,0,555,0.350393700787402,0.405405405405405,215,0.423228346456693,0.828633751862098,0.990291262135922,0.970873786407767,0.864077669902913,0.941747572815534,0.990291262135922,0.538834951456311,0.742718446601942,0.859223300970874,0.849514563106796,1910
"dawsoan01",1987,"NL",153,621,90,178,24,2,49,137,11,32,7,2,662,0.286634460547504,0.327794561933535,353,0.568438003220612,0.896232565154147,0.740963855421687,0.469879518072289,0.963855421686747,0.921686746987952,0.97289156626506,1,1,0.91566265060241,0.701807228915663,1980
"deandi01",1934,"NL",51,118,15,29,3,1,2,9,1,1,0,0,119,0.245762711864407,0.252100840336134,40,0.338983050847458,0.591083891183592,0.19,0.02,0.25,0.11,0.09,0.34,0.04,0.1,0.31,1930
"dimagjo01",1939,"AL",120,462,108,176,32,6,30,126,3,52,4,0,518,0.380952380952381,0.447876447876448,310,0.670995670995671,1.11887211887212,1,0.972727272727273,0.990909090909091,0.990909090909091,0.936363636363636,0.972727272727273,0.990909090909091,0.927272727272727,0.472727272727273,1930
"dimagjo01",1941,"AL",139,541,122,193,43,11,30,125,4,76,4,0,621,0.356746765249538,0.439613526570048,348,0.643253234750462,1.08286676132051,0.97979797979798,0.97979797979798,0.98989898989899,0.98989898989899,0.97979797979798,0.96969696969697,1,0.98989898989899,0.595959595959596,1940
"dimagjo01",1947,"AL",141,534,97,168,31,10,20,97,3,64,3,0,601,0.314606741573034,0.391014975041597,279,0.52247191011236,0.913486885153957,0.942857142857143,0.904761904761905,0.980952380952381,0.980952380952381,0.957142857142857,0.952380952380952,0.980952380952381,0.961904761904762,0.619047619047619,1940
"donaljo02",2015,"AL",158,620,122,184,41,2,41,123,6,73,6,10,709,0.296774193548387,0.370944992947814,352,0.567741935483871,0.938686928431685,0.929515418502203,0.947136563876652,0.982378854625551,0.982378854625551,0.982378854625551,0.988986784140969,1,1,0.715859030837004,2010
"doylela01",1912,"NL",143,558,98,184,33,8,10,90,36,56,2,0,616,0.329749103942652,0.392857142857143,263,0.471326164874552,0.864183307731695,0.955752212389381,0.884955752212389,0.955752212389381,0.946902654867257,0.973451327433628,0.951327433628319,0.955752212389381,0.946902654867257,0.942477876106195,1910
"elliobo01",1947,"NL",150,555,93,176,35,5,22,113,3,87,0,0,642,0.317117117117117,0.409657320872274,287,0.517117117117117,0.926774437989391,0.962616822429907,0.925233644859813,0.953271028037383,0.97196261682243,0.934579439252336,0.925233644859813,0.97196261682243,0.897196261682243,0.616822429906542,1940
"eversjo01",1914,"NL",139,491,81,137,20,3,1,40,12,87,2,0,580,0.279022403258656,0.389655172413793,166,0.338085539714868,0.727740712128661,0.811965811965812,0.931623931623932,0.598290598290598,0.854700854700855,0.786324786324786,0.504273504273504,0.675213675213675,0.931623931623932,0.58974358974359,1910
"fostege01",1977,"NL",158,615,124,197,31,2,52,149,6,61,5,8,689,0.320325203252033,0.381712626995646,388,0.630894308943089,1.01260693593874,0.969512195121951,0.871951219512195,1,1,0.981707317073171,1,1,1,0.628048780487805,1970
"foxne01",1959,"AL",156,624,84,191,34,6,2,70,5,71,7,5,707,0.306089743589744,0.38048090523338,243,0.389423076923077,0.769903982156457,0.956140350877193,0.912280701754386,0.552631578947368,0.719298245614035,0.991228070175439,0.210526315789474,0.815789473684211,0.894736842105263,0.785087719298246,1950
"foxxji01",1932,"AL",154,585,151,213,33,9,58,169,3,116,0,0,701,0.364102564102564,0.469329529243937,438,0.748717948717949,1.21804747796189,0.98989898989899,0.98989898989899,1,1,0.97979797979798,1,1,1,0.429292929292929,1930
"foxxji01",1933,"AL",149,573,125,204,37,9,48,163,2,96,1,0,670,0.356020942408377,0.449253731343284,403,0.703315881326352,1.15256961266964,1,0.99009900990099,1,1,0.985148514851485,1,1,0.99009900990099,0.415841584158416,1930
"foxxji01",1938,"AL",149,565,139,197,33,9,50,175,5,119,0,0,684,0.348672566371681,0.461988304093567,398,0.704424778761062,1.16641308285463,0.98,1,1,1,0.975,0.99,1,0.99,0.6,1930
"freemfr01",2020,"NL",60,214,51,73,23,1,13,53,2,45,3,0,262,0.341121495327103,0.461832061068702,137,0.64018691588785,1.10201897695655,0.993464052287582,0.993464052287582,0.993464052287582,0.993464052287582,0.986928104575163,0.905228758169935,0.993464052287582,1,0.640522875816993,2020
"friscfr01",1931,"NL",131,518,96,161,24,4,4,82,28,45,2,0,565,0.310810810810811,0.368141592920354,205,0.395752895752896,0.76389448867325,0.790909090909091,0.772727272727273,0.518181818181818,0.6,0.845454545454545,0.659090909090909,0.890909090909091,0.945454545454545,1,1930
"garvest01",1974,"NL",156,642,95,200,32,3,21,111,5,31,3,8,684,0.311526479750779,0.342105263157895,301,0.468847352024922,0.810952615182817,0.96319018404908,0.662576687116564,0.914110429447853,0.883435582822086,0.987730061349693,0.929447852760736,0.987730061349693,0.926380368098159,0.662576687116564,1970
"gehrich01",1937,"AL",144,564,133,209,40,1,14,96,11,90,1,0,655,0.370567375886525,0.458015267175573,293,0.519503546099291,0.977518813274863,1,0.990476190476191,0.847619047619048,0.923809523809524,0.961904761904762,0.838095238095238,0.857142857142857,0.961904761904762,0.866666666666667,1930
"gehrilo01",1927,"AL",155,584,149,218,52,18,47,175,10,109,3,0,696,0.373287671232877,0.474137931034483,447,0.76541095890411,1.23954888993859,0.981308411214953,0.981308411214953,0.990654205607477,0.990654205607477,0.990654205607477,0.990654205607477,1,0.990654205607477,0.724299065420561,1920
"gehrilo01",1936,"AL",155,579,167,205,37,7,49,152,3,130,7,0,716,0.35405872193437,0.477653631284916,403,0.696027633851468,1.17368126513638,0.95,1,1,1,0.94,1,0.99,1,0.475,1930
"giambja01",2000,"AL",152,510,108,170,29,1,43,137,2,137,9,8,664,0.333333333333333,0.475903614457831,330,0.647058823529412,1.12296243798724,0.962790697674419,1,0.981395348837209,0.990697674418605,0.888372093023256,0.993023255813953,0.983720930232558,0.953488372093023,0.455813953488372,2000
"gibsobo01",1968,"NL",35,94,3,16,5,0,0,6,1,7,1,1,103,0.170212765957447,0.233009708737864,21,0.223404255319149,0.456413964057013,0.0214285714285714,0.0571428571428571,0.05,0.05,0.00714285714285714,0.0642857142857143,0.0357142857142857,0.00357142857142857,0.332142857142857,1960
"gibsoki01",1988,"NL",150,542,106,157,28,1,25,76,31,73,7,7,629,0.289667896678967,0.376788553259142,262,0.483394833948339,0.860183387207481,0.883720930232558,0.953488372093023,0.936046511627907,0.976744186046512,0.895348837209302,0.962209302325581,0.912790697674419,0.994186046511628,0.921511627906977,1980
"goldspa01",2022,"NL",151,561,106,178,41,0,35,115,7,79,5,4,649,0.31729055258467,0.403697996918336,324,0.577540106951872,0.981238103870208,0.983402489626556,0.995850622406639,1,1,0.991701244813278,0.979253112033195,0.995850622406639,0.991701244813278,0.763485477178423,2020
"gonzaju03",1996,"AL",134,541,89,170,33,2,47,144,2,45,3,3,592,0.314232902033272,0.368243243243243,348,0.643253234750462,1.01149647799371,0.890995260663507,0.701421800947867,0.995260663507109,0.957345971563981,0.893364928909953,0.981042654028436,0.995260663507109,0.822274881516588,0.372037914691943,1990
"gonzaju03",1998,"AL",154,606,110,193,50,2,45,157,2,46,6,11,669,0.318481848184819,0.366218236173393,382,0.63036303630363,0.996581272477023,0.930693069306931,0.777227722772277,0.995049504950495,0.985148514851485,0.975247524752475,0.982673267326733,1,0.95049504950495,0.371287128712871,1990
"gordojo01",1942,"AL",147,538,88,173,29,4,18,103,12,79,1,0,618,0.321561338289963,0.409385113268608,264,0.490706319702602,0.900091432971211,0.958333333333333,0.947916666666667,0.947916666666667,0.96875,0.927083333333333,0.947916666666667,0.96875,0.895833333333333,0.864583333333333,1940
"greenha01",1935,"AL",152,619,121,203,46,16,36,170,4,87,0,0,706,0.32794830371567,0.410764872521246,389,0.62843295638126,1.03919782890251,0.924528301886792,0.943396226415094,0.990566037735849,0.981132075471698,0.971698113207547,0.995283018867924,1,0.981132075471698,0.641509433962264,1930
"greenha01",1940,"AL",148,573,129,195,50,8,41,150,6,93,1,0,667,0.340314136125654,0.43328335832084,384,0.670157068062827,1.10344042638367,0.957894736842105,0.989473684210526,1,1,0.947368421052632,1,1,0.989473684210526,0.7,1940
"griffke02",1997,"AL",157,608,125,185,34,3,56,147,15,76,8,12,704,0.304276315789474,0.382102272727273,393,0.646381578947368,1.02848385167464,0.883177570093458,0.878504672897196,1,0.995327102803738,0.976635514018692,1,1,1,0.864485981308411,1990
"groatdi01",1960,"NL",138,573,85,186,26,4,2,50,0,39,4,1,617,0.324607329842932,0.371150729335494,226,0.394415357766143,0.765566087101637,0.991071428571429,0.919642857142857,0.5625,0.678571428571429,0.982142857142857,0.205357142857143,0.709821428571429,0.892857142857143,0.15625,1960
"grovele01",1931,"AL",41,115,8,23,3,0,0,12,0,3,0,0,118,0.2,0.220338983050847,26,0.226086956521739,0.446425939572587,0.0229357798165138,0.0229357798165138,0.018348623853211,0.018348623853211,0.0504587155963303,0.114678899082569,0.0963302752293578,0.0504587155963303,0.0871559633027523,1930
"guerrvl01",2004,"AL",156,612,124,206,39,2,39,126,15,52,8,8,680,0.336601307189543,0.391176470588235,366,0.598039215686274,0.98921568627451,0.985365853658537,0.951219512195122,0.990243902439024,0.985365853658537,0.990243902439024,0.985365853658537,0.985365853658537,1,0.880487804878049,2000
"hamiljo03",2010,"AL",133,518,95,186,40,3,32,100,8,43,5,4,570,0.359073359073359,0.410526315789474,328,0.633204633204633,1.04373094899411,1,0.981132075471698,1,0.995283018867924,0.974056603773585,0.97877358490566,0.94811320754717,0.94811320754717,0.747641509433962,2010
"harpebr03",2015,"NL",153,521,118,172,38,1,42,99,6,124,5,4,654,0.330134357005758,0.460244648318043,338,0.648752399232246,1.10899704755029,0.991031390134529,1,1,1,0.964125560538117,0.997757847533632,0.979820627802691,1,0.739910313901345,2010
"harpebr03",2021,"NL",141,488,101,151,42,1,35,84,13,100,5,4,597,0.309426229508197,0.428810720268007,300,0.614754098360656,1.04356481862866,0.982378854625551,0.995594713656388,1,1,0.947136563876652,0.977973568281938,0.898678414096916,0.977973568281938,0.918502202643172,2020
"hartnga01",1935,"NL",116,413,67,142,32,6,13,91,1,41,1,0,455,0.343825665859564,0.404395604395604,225,0.544794188861985,0.94918979325759,0.970873786407767,0.961165048543689,0.951456310679612,0.961165048543689,0.757281553398058,0.883495145631068,0.922330097087379,0.689320388349515,0.300970873786408,1930
"henderi01",1990,"AL",136,489,119,159,33,3,28,61,65,97,4,2,592,0.325153374233129,0.439189189189189,282,0.576687116564417,1.01587630575361,0.976415094339623,0.995283018867924,0.995283018867924,1,0.893867924528302,0.974056603773585,0.787735849056604,1,1,1990
"hernake01",1979,"NL",161,610,116,210,48,11,11,105,11,80,1,7,698,0.344262295081967,0.416905444126074,313,0.513114754098361,0.930020198224435,1,0.98780487804878,0.939024390243902,0.975609756097561,0.99390243902439,0.731707317073171,0.975609756097561,1,0.734756097560976,1970
"hornsro01",1925,"NL",138,504,133,203,41,10,39,143,5,83,2,0,589,0.402777777777778,0.488964346349745,381,0.755952380952381,1.24491672730213,1,1,1,1,0.973913043478261,1,1,0.991304347826087,0.630434782608696,1920
"hornsro01",1929,"NL",156,602,156,229,47,8,39,149,2,87,1,0,690,0.380398671096346,0.459420289855072,409,0.679401993355482,1.13882228321055,0.97979797979798,0.98989898989899,1,1,0.97979797979798,0.974747474747475,0.97979797979798,1,0.262626262626263,1920
"howarel01",1963,"AL",135,487,75,140,21,6,28,85,0,35,6,2,530,0.287474332648871,0.341509433962264,257,0.527720739219713,0.869230173181977,0.902985074626866,0.761194029850746,0.962686567164179,0.940298507462687,0.779850746268657,0.970149253731343,0.947761194029851,0.858208955223881,0.123134328358209,1960
"howarry01",2006,"NL",159,581,104,182,25,1,58,149,0,108,9,6,704,0.313253012048193,0.424715909090909,383,0.6592082616179,1.08392417070881,0.927350427350427,0.974358974358974,0.995726495726496,0.995726495726496,0.957264957264957,1,1,0.944444444444444,0.128205128205128,2000
"hubbeca01",1933,"NL",45,109,6,20,2,1,1,12,0,2,0,0,111,0.18348623853211,0.198198198198198,27,0.247706422018349,0.445904620216547,0.0196078431372549,0.00980392156862745,0.0686274509803922,0.0196078431372549,0.0294117647058824,0.382352941176471,0.117647058823529,0.00490196078431373,0.0833333333333333,1930
"hubbeca01",1936,"NL",42,110,9,25,1,0,0,8,0,3,0,0,113,0.227272727272727,0.247787610619469,26,0.236363636363636,0.484151246983105,0.0776699029126214,0.029126213592233,0.0388349514563107,0.0194174757281553,0.029126213592233,0.0631067961165049,0.00485436893203883,0.029126213592233,0.12621359223301,1930
"jacksre01",1973,"AL",151,539,99,158,28,2,32,117,22,76,7,7,629,0.293135435992579,0.383147853736089,286,0.530612244897959,0.913760098634048,0.861111111111111,0.922222222222222,0.988888888888889,0.988888888888889,0.916666666666667,1,1,1,0.944444444444444,1970
"jenseja01",1958,"AL",154,548,83,157,31,0,35,122,9,99,3,4,654,0.286496350364964,0.396024464831804,293,0.534671532846715,0.93069599767852,0.792452830188679,0.943396226415094,0.952830188679245,0.962264150943396,0.900943396226415,0.962264150943396,1,0.905660377358491,0.924528301886792,1950
"johnswa01",1913,"AL",54,134,12,35,5,6,2,14,2,5,1,0,140,0.261194029850746,0.292857142857143,58,0.432835820895522,0.725692963752665,0.549019607843137,0.235294117647059,0.941176470588235,0.784313725490196,0.156862745098039,0.735294117647059,0.215686274509804,0.132352941176471,0.102941176470588,1910
"johnswa01",1924,"AL",39,113,18,32,9,0,1,14,0,3,1,0,117,0.283185840707965,0.307692307692308,44,0.389380530973451,0.697072838665759,0.39622641509434,0.113207547169811,0.462264150943396,0.292452830188679,0.122641509433962,0.405660377358491,0.14622641509434,0.169811320754717,0.0424528301886792,1920
"jonesch06",1999,"NL",157,567,116,181,41,1,45,110,25,126,2,6,701,0.319223985890653,0.440798858773181,359,0.6331569664903,1.07395582526348,0.928571428571429,0.983193277310924,0.987394957983193,0.991596638655462,0.949579831932773,0.989495798319328,0.932773109243697,0.974789915966387,0.911764705882353,1990
"judgeaa01",2022,"AL",157,570,133,177,28,0,62,131,16,111,6,5,692,0.310526315789474,0.42485549132948,391,0.685964912280702,1.11082040361018,0.995652173913044,1,0.995652173913044,0.995652173913044,0.982608695652174,1,1,1,0.915217391304348,2020
"judgeaa01",2024,"AL",158,559,122,180,36,1,58,144,10,133,9,2,703,0.322003577817531,0.458036984352774,392,0.701252236135957,1.15928922048873,0.987068965517241,1,1,1,0.982758620689655,1,1,0.991379310344828,0.775862068965517,2020
"judgeaa01",2025,"AL",152,541,137,179,30,2,53,114,12,124,7,7,679,0.33086876155268,0.456553755522828,372,0.687615526802218,1.14416928232505,0.995967741935484,1,1,1,0.991935483870968,0.995967741935484,0.995967741935484,1,0.832661290322581,2020
"kentje01",2000,"NL",159,587,114,196,41,7,33,125,12,90,9,9,695,0.333901192504259,0.424460431654676,350,0.596252129471891,1.02071256112657,0.962809917355372,0.966942148760331,0.950413223140496,0.950413223140496,0.983471074380165,0.93801652892562,0.987603305785124,0.971074380165289,0.84297520661157,2000
"killeha01",1969,"AL",162,555,106,153,20,2,49,140,8,145,5,4,709,0.275675675675676,0.427362482369535,324,0.583783783783784,1.01114626615332,0.789772727272727,1,0.982954545454545,0.994318181818182,0.892045454545455,1,1,0.980113636363636,0.815340909090909,1960
"kleinch01",1932,"NL",154,650,152,226,50,15,38,137,20,60,1,0,711,0.347692307692308,0.40365682137834,420,0.646153846153846,1.04981066753219,0.963963963963964,0.972972972972973,1,1,1,0.995495495495496,0.990990990990991,1,1,1930
"koufasa01",1963,"NL",40,110,3,7,0,0,1,7,0,6,0,1,117,0.0636363636363636,0.111111111111111,10,0.0909090909090909,0.202020202020202,0,0,0,0,0,0.127737226277372,0.062043795620438,0,0.127737226277372,1960
"larkiba01",1995,"NL",131,496,98,158,29,6,15,66,51,61,3,4,564,0.318548387096774,0.393617021276596,244,0.491935483870968,0.885552505147563,0.938775510204082,0.913265306122449,0.852040816326531,0.88265306122449,0.954081632653061,0.818877551020408,0.816326530612245,0.979591836734694,0.994897959183674,1990
"lombaer01",1938,"NL",129,489,60,167,30,1,19,95,0,40,0,0,529,0.341513292433538,0.391304347826087,256,0.523517382413088,0.914821730239175,0.990291262135922,0.922330097087379,0.961165048543689,0.980582524271845,0.91747572815534,0.941747572815534,0.941747572815534,0.70873786407767,0.116504854368932,1930
"lynnfr01",1975,"AL",145,528,103,175,47,7,21,105,10,62,3,6,599,0.331439393939394,0.400667779632721,299,0.566287878787879,0.9669556584206,0.994535519125683,0.967213114754098,1,1,0.96448087431694,0.92896174863388,0.989071038251366,1,0.756830601092896,1970
"mantlmi01",1956,"AL",150,533,132,188,22,5,52,130,10,112,2,4,651,0.352720450281426,0.463901689708141,376,0.705440900562852,1.16934259027099,1,0.991304347826087,1,1,0.973913043478261,1,1,1,0.947826086956522,1950
"mantlmi01",1957,"AL",144,474,121,173,28,6,34,94,16,146,0,3,623,0.364978902953586,0.512038523274478,315,0.664556962025316,1.17659548529979,0.991071428571429,0.991071428571429,0.991071428571429,0.991071428571429,0.96875,0.982142857142857,0.955357142857143,1,0.973214285714286,1950
"mantlmi01",1962,"AL",123,377,96,121,15,1,30,89,9,122,1,2,502,0.320954907161804,0.48605577689243,228,0.604774535809019,1.09083031270145,0.985294117647059,1,1,1,0.636029411764706,0.955882352941177,0.893382352941177,0.948529411764706,0.878676470588235,1960
"marioma01",1944,"NL",144,506,50,135,26,2,6,63,1,43,0,0,549,0.266798418972332,0.324225865209472,183,0.361660079051383,0.685885944260855,0.513761467889908,0.486238532110092,0.532110091743119,0.477064220183486,0.752293577981651,0.678899082568807,0.747706422018349,0.619266055045872,0.371559633027523,1940
"marisro01",1960,"AL",136,499,98,141,18,7,39,112,2,70,3,5,577,0.282565130260521,0.370883882149047,290,0.581162324649299,0.952046206798345,0.798076923076923,0.855769230769231,0.990384615384615,0.980769230769231,0.807692307692308,0.990384615384615,1,0.990384615384615,0.514423076923077,1960
"marisro01",1961,"AL",161,590,132,159,16,4,61,142,0,94,7,7,698,0.269491525423729,0.372492836676218,366,0.620338983050847,0.992831819727065,0.645390070921986,0.815602836879433,0.978723404255319,0.964539007092199,0.893617021276596,1,1,0.99645390070922,0.156028368794326,1960
"mattido01",1985,"AL",159,652,107,211,48,3,35,145,2,56,2,15,725,0.323619631901841,0.371034482758621,370,0.567484662576687,0.938519145335308,0.985365853658537,0.936585365853659,0.995121951219512,0.995121951219512,0.995121951219512,0.985365853658537,1,0.973170731707317,0.441463414634146,1980
"mauerjo01",2009,"AL",138,523,94,191,30,1,28,96,4,76,2,5,606,0.365200764818356,0.443894389438944,307,0.586998087954111,1.03089247739305,1,1,0.995073891625616,1,0.975369458128079,0.911330049261084,0.923645320197044,0.911330049261084,0.549261083743842,2000
"mayswi01",1954,"NL",151,565,119,195,33,13,41,110,8,66,2,7,640,0.345132743362832,0.4109375,377,0.667256637168142,1.07819413716814,0.990196078431373,0.931372549019608,0.990196078431373,0.990196078431373,0.975490196078431,0.975490196078431,0.950980392156863,0.980392156862745,0.911764705882353,1950
"mayswi01",1965,"NL",157,558,118,177,21,3,52,112,9,76,0,2,636,0.317204301075269,0.397798742138365,360,0.645161290322581,1.04296003246095,0.978723404255319,1,1,1,0.921985815602837,1,0.985815602836879,0.99290780141844,0.854609929078014,1960
"mccorfr01",1940,"NL",155,618,93,191,44,3,19,127,2,52,5,0,675,0.309061488673139,0.367407407407407,298,0.482200647249191,0.849608054656598,0.91588785046729,0.831775700934579,0.906542056074766,0.878504672897196,0.995327102803738,0.953271028037383,0.990654205607477,0.934579439252336,0.392523364485981,1940
"mccovwi01",1969,"NL",149,491,101,157,26,2,45,126,0,121,4,7,623,0.319755600814664,0.452648475120385,322,0.655804480651731,1.10845295577212,0.958579881656805,1,1,1,0.869822485207101,1,1,0.952662721893491,0.133136094674556,1960
"mccutan01",2013,"NL",157,583,97,185,38,5,21,84,27,78,9,4,674,0.317324185248714,0.403560830860534,296,0.507718696397942,0.911279527258476,0.959641255605381,0.991031390134529,0.95067264573991,0.959641255605381,0.991031390134529,0.89237668161435,0.95067264573991,0.977578475336323,0.977578475336323,2010
"mcgeewi01",1985,"NL",152,612,114,216,26,18,10,82,56,34,0,5,651,0.352941176470588,0.384024577572965,308,0.503267973856209,0.887292551429174,1,0.908571428571429,0.942857142857143,0.954285714285714,1,0.72,0.914285714285714,0.988571428571429,0.988571428571429,1980
"mclaide01",1968,"AL",44,111,7,18,1,1,0,4,0,1,0,0,112,0.162162162162162,0.169642857142857,21,0.189189189189189,0.358832046332046,0.0445205479452055,0,0.0342465753424658,0,0.0171232876712329,0.0650684931506849,0.0342465753424658,0.0479452054794521,0.133561643835616,1960
"medwijo01",1937,"NL",156,633,111,237,56,10,31,154,4,41,2,0,676,0.374407582938389,0.414201183431953,406,0.641390205371248,1.0555913888032,1,0.969387755102041,1,1,1,0.994897959183674,1,1,0.576530612244898,1930
"mitchke01",1989,"NL",154,543,100,158,34,6,47,125,3,87,3,7,640,0.29097605893186,0.3875,345,0.635359116022099,1.0228591160221,0.890804597701149,0.942528735632184,1,1,0.916666666666667,1,1,0.979885057471264,0.408045977011494,1980
"morgajo02",1975,"NL",146,498,107,163,27,6,17,94,67,132,3,6,639,0.327309236947791,0.466353677621283,253,0.508032128514056,0.974385806135339,0.976331360946746,1,0.952662721893491,1,0.914201183431953,0.857988165680473,0.940828402366864,0.982248520710059,0.994082840236686,1970
"morgajo02",1976,"NL",141,472,113,151,30,5,27,111,60,114,1,12,599,0.319915254237288,0.444073455759599,272,0.576271186440678,1.02034464220028,0.964285714285714,1,1,1,0.857142857142857,0.976190476190476,0.994047619047619,0.994047619047619,0.994047619047619,1970
"morneju01",2006,"AL",157,592,97,190,37,1,34,130,3,53,5,11,661,0.320945945945946,0.375189107413011,331,0.559121621621622,0.934310729034632,0.936585365853659,0.892682926829268,0.975609756097561,0.965853658536585,0.968292682926829,0.94390243902439,0.995121951219512,0.907317073170732,0.541463414634146,2000
"munsoth01",1976,"AL",152,616,79,186,27,1,17,105,14,29,9,10,664,0.301948051948052,0.337349397590361,266,0.431818181818182,0.769167579408543,0.941520467836257,0.742690058479532,0.871345029239766,0.853801169590643,0.982456140350877,0.909356725146199,0.994152046783626,0.915204678362573,0.783625730994152,1970
"murphda05",1982,"NL",162,598,113,168,23,2,36,109,23,93,3,4,698,0.280936454849498,0.378223495702006,303,0.506688963210702,0.884912458912708,0.720496894409938,0.925465838509317,0.962732919254658,0.956521739130435,0.885093167701863,0.993788819875776,0.996894409937888,0.993788819875776,0.84472049689441,1980
"murphda05",1983,"NL",162,589,131,178,24,4,36,121,30,90,2,6,687,0.302207130730051,0.393013100436681,318,0.539898132427844,0.932911232864525,0.917721518987342,0.962025316455696,1,1,0.968354430379747,0.993670886075949,1,0.993670886075949,0.882911392405063,1980
"musiast01",1943,"NL",157,617,108,220,48,20,13,81,9,72,2,0,691,0.356564019448947,0.425470332850941,347,0.562398703403566,0.987869036254506,1,1,1,1,1,0.94811320754717,0.957547169811321,0.990566037735849,0.933962264150943,1940
"musiast01",1946,"NL",156,624,124,228,50,20,16,103,7,73,3,0,700,0.365384615384615,0.434285714285714,366,0.586538461538462,1.02082417582418,1,0.974137931034483,1,1,1,0.961206896551724,0.982758620689655,1,0.831896551724138,1940
"musiast01",1948,"NL",155,611,135,230,46,18,39,131,7,79,3,0,693,0.376432078559738,0.45021645021645,429,0.702127659574468,1.15234410979092,1,0.981481481481482,1,1,1,0.981481481481482,1,1,0.842592592592593,1940
"newcodo01",1956,"NL",52,111,13,26,6,0,2,16,1,12,1,1,125,0.234234234234234,0.312,38,0.342342342342342,0.654342342342342,0.262135922330097,0.398058252427184,0.310679611650485,0.29126213592233,0.0776699029126214,0.160194174757282,0.150485436893204,0.101941747572816,0.388349514563107,1950
"newhoha01",1944,"AL",47,120,10,29,4,0,0,5,1,6,0,0,126,0.241666666666667,0.277777777777778,33,0.275,0.552777777777778,0.269230769230769,0.144230769230769,0.105769230769231,0.105769230769231,0.0817307692307692,0.139423076923077,0.00961538461538462,0.0480769230769231,0.197115384615385,1940
"newhoha01",1945,"AL",40,109,9,28,5,1,0,17,0,7,0,0,116,0.256880733944954,0.301724137931034,35,0.321100917431193,0.622825055362227,0.454128440366972,0.247706422018349,0.385321100917431,0.357798165137615,0.0917431192660551,0.142201834862385,0.215596330275229,0.055045871559633,0.105504587155963,1940
"ofarrbo01",1926,"NL",147,492,63,144,30,9,7,68,1,61,0,0,553,0.292682926829268,0.370705244122966,213,0.432926829268293,0.803632073391258,0.584905660377358,0.811320754716981,0.726415094339623,0.754716981132076,0.787735849056604,0.792452830188679,0.806603773584906,0.665094339622642,0.188679245283019,1920
"ohtansh01",2021,"AL",158,537,103,138,26,8,46,100,26,96,4,2,639,0.256983240223464,0.37245696400626,318,0.592178770949721,0.96463573495598,0.672131147540984,0.959016393442623,0.987704918032787,0.987704918032787,0.834016393442623,0.991803278688525,0.948770491803279,0.971311475409836,0.983606557377049,2020
"ohtansh01",2023,"AL",135,497,102,151,26,8,44,95,20,91,3,3,594,0.303822937625755,0.412457912457912,325,0.653923541247485,1.0663814537054,0.969957081545064,1,1,1,0.909871244635193,1,0.939914163090129,0.984978540772532,0.912017167381974,2020
"ohtansh01",2024,"NL",159,636,134,197,38,7,54,130,59,81,6,5,728,0.309748427672956,0.39010989010989,411,0.64622641509434,1.03633630520423,0.978070175438597,0.982456140350877,1,1,0.995614035087719,1,1,1,0.995614035087719,2020
"ohtansh01",2025,"NL",158,611,146,172,25,9,55,102,20,109,3,2,725,0.281505728314239,0.391724137931034,380,0.621931260229133,1.01365539816017,0.891891891891892,0.981981981981982,1,1,0.97972972972973,0.995495495495496,0.977477477477477,1,0.916666666666667,2020
"parkeda01",1978,"NL",148,581,102,194,32,12,30,117,20,57,2,2,642,0.333907056798623,0.394080996884735,340,0.585197934595525,0.97927893148026,1,0.988023952095808,1,1,0.982035928143713,0.988023952095808,0.994011976047904,0.988023952095808,0.853293413173653,1970
"peckiro01",1925,"AL",126,422,67,124,16,4,4,64,13,49,0,0,471,0.293838862559242,0.367303609341826,160,0.37914691943128,0.746450528773105,0.548672566371681,0.513274336283186,0.424778761061947,0.451327433628319,0.654867256637168,0.641592920353982,0.725663716814159,0.663716814159292,0.867256637168142,1920
"pedrodu01",2008,"AL",157,653,118,213,54,2,17,83,20,50,7,9,719,0.326186830015314,0.375521557719054,322,0.493108728943338,0.868630286662393,0.985714285714286,0.9,0.847619047619048,0.871428571428571,0.997619047619048,0.788095238095238,0.876190476190476,1,0.928571428571429,2000
"pendlte01",1991,"NL",153,586,94,187,34,8,22,86,10,43,1,7,637,0.319112627986348,0.362637362637363,303,0.517064846416382,0.879702209053745,0.97752808988764,0.853932584269663,0.98314606741573,0.949438202247191,1,0.926966292134832,0.907303370786517,0.955056179775281,0.699438202247191,1990
"poseybu01",2012,"NL",148,530,78,178,39,1,24,103,1,69,2,9,610,0.335849056603774,0.408196721311475,291,0.549056603773585,0.95725332508506,0.987704918032787,0.991803278688525,0.983606557377049,0.987704918032787,0.969262295081967,0.909836065573771,0.979508196721312,0.862704918032787,0.315573770491803,2010
"powelbo01",1970,"AL",154,526,82,156,28,0,35,114,1,104,5,8,643,0.296577946768061,0.412130637636081,289,0.549429657794677,0.961560295430758,0.869318181818182,0.971590909090909,0.988636363636364,0.982954545454545,0.877840909090909,0.977272727272727,0.988636363636364,0.863636363636364,0.360795454545455,1970
"pujolal01",2005,"NL",161,591,129,195,38,2,41,117,16,97,9,3,700,0.32994923857868,0.43,360,0.609137055837564,1.03913705583756,0.982758620689655,0.991379310344828,0.982758620689655,0.987068965517241,0.987068965517241,0.991379310344828,0.993534482758621,1,0.922413793103448,2000
"pujolal01",2008,"NL",148,524,100,187,44,0,37,116,7,104,5,8,641,0.356870229007634,0.461778471138846,342,0.652671755725191,1.11445022686404,0.991561181434599,0.991561181434599,0.9957805907173,0.9957805907173,0.991561181434599,0.983122362869198,0.987341772151899,0.945147679324895,0.751054852320675,2000
"pujolal01",2009,"NL",160,568,124,186,45,1,47,135,16,115,9,8,700,0.327464788732394,0.442857142857143,374,0.658450704225352,1.1013078470825,0.987234042553191,1,1,1,0.978723404255319,1,0.991489361702128,1,0.893617021276596,2000
"riceji01",1978,"AL",163,677,121,213,25,15,46,139,7,58,5,5,745,0.314623338257016,0.370469798657718,406,0.599704579025111,0.970174377682829,0.990338164251208,0.927536231884058,1,1,1,1,1,0.995169082125604,0.734299516908213,1970
"ripkeca01",1983,"AL",162,663,121,211,47,2,27,102,0,58,0,5,726,0.318250377073906,0.370523415977961,343,0.517345399698341,0.887868815676302,0.966666666666667,0.885714285714286,0.976190476190476,0.971428571428571,1,0.954761904761905,0.961904761904762,1,0.107142857142857,1980
"ripkeca01",1991,"AL",162,650,99,210,46,5,34,114,6,53,5,9,717,0.323076923076923,0.373779637377964,368,0.566153846153846,0.93993348353181,0.971830985915493,0.873239436619718,0.990610328638498,0.985915492957746,0.995305164319249,0.990610328638498,0.985915492957746,0.953051643192488,0.697183098591549,1990
"rizzuph01",1950,"AL",155,617,125,200,36,7,7,66,12,92,7,0,716,0.324149108589951,0.417597765363128,271,0.439222042139384,0.856819807502513,0.934579439252336,0.925233644859813,0.728971962616822,0.822429906542056,0.990654205607477,0.546728971962617,0.714953271028037,0.985981308411215,0.985981308411215,1950
"robinbr01",1964,"AL",163,612,82,194,35,3,28,118,1,51,4,10,677,0.316993464052288,0.367799113737075,319,0.52124183006536,0.889040943802435,0.992647058823529,0.904411764705882,0.941176470588235,0.955882352941177,0.992647058823529,0.922794117647059,1,0.863970588235294,0.404411764705882,1960
"robinfr02",1961,"NL",153,545,117,176,32,7,37,124,22,71,10,10,636,0.322935779816514,0.404088050314465,333,0.611009174311927,1.01509722462639,0.953703703703704,0.962962962962963,0.990740740740741,0.990740740740741,0.949074074074074,0.981481481481482,0.990740740740741,0.990740740740741,0.981481481481482,1960
"robinfr02",1966,"AL",155,576,122,182,34,2,49,122,8,87,10,7,680,0.315972222222222,0.410294117647059,367,0.637152777777778,1.04744689542484,1,1,1,1,0.989130434782609,1,1,1,0.83695652173913,1960
"robinja02",1949,"NL",156,593,122,203,38,12,16,124,37,86,8,0,687,0.342327150084317,0.432314410480349,313,0.527824620573356,0.960139031053705,1,0.991379310344828,0.974137931034483,0.974137931034483,0.991379310344828,0.849137931034483,0.991379310344828,0.982758620689655,1,1940
"rodrial01",2003,"AL",161,607,124,181,30,6,47,118,17,87,15,6,715,0.298187808896211,0.395804195804196,364,0.599670510708402,0.995474706512598,0.866666666666667,0.952380952380952,1,0.990476190476191,0.945238095238095,1,0.995238095238095,1,0.911904761904762,2000
"rodrial01",2005,"AL",162,605,124,194,29,1,48,130,21,91,16,3,715,0.320661157024793,0.420979020979021,369,0.609917355371901,1.03089637635092,0.984848484848485,0.994949494949495,1,1,0.96969696969697,1,0.984848484848485,1,0.941919191919192,2000
"rodrial01",2007,"AL",158,583,143,183,31,0,54,156,24,95,21,9,708,0.313893653516295,0.422316384180791,376,0.644939965694683,1.06725634987547,0.921951219512195,0.985365853658537,1,1,0.931707317073171,1,1,1,0.936585365853659,2000
"rodriiv01",1999,"AL",144,600,116,199,29,1,35,113,25,24,1,5,630,0.331666666666667,0.355555555555556,335,0.558333333333333,0.913888888888889,0.960975609756098,0.648780487804878,0.941463414634146,0.897560975609756,0.980487804878049,0.948780487804878,0.936585365853659,0.968292682926829,0.934146341463415,1990
"rolliji01",2007,"NL",162,716,139,212,38,20,30,94,41,49,7,6,778,0.29608938547486,0.344473007712082,380,0.53072625698324,0.875199264695323,0.816239316239316,0.551282051282051,0.897435897435897,0.85042735042735,0.993589743589744,0.933760683760684,0.905982905982906,1,0.982905982905983,2000
"rosenal01",1953,"AL",155,599,115,201,27,5,43,145,8,85,4,0,688,0.335559265442404,0.421511627906977,367,0.612687813021703,1.03419944092868,0.981132075471698,0.971698113207547,0.990566037735849,0.990566037735849,0.981132075471698,1,1,1,0.929245283018868,1950
"rosepe01",1973,"NL",160,680,115,230,36,8,5,64,10,65,6,0,751,0.338235294117647,0.400798934753662,297,0.436764705882353,0.837563640636015,1,0.94478527607362,0.742331288343558,0.871165644171779,1,0.484662576687117,0.769938650306748,0.987730061349693,0.840490797546012,1970
"ruthba01",1923,"AL",152,522,151,205,45,13,41,131,17,170,4,0,696,0.39272030651341,0.544540229885057,399,0.764367816091954,1.30890804597701,0.98989898989899,1,1,1,0.96969696969697,1,1,1,0.919191919191919,1920
"sandbry01",1984,"NL",156,636,114,200,36,19,19,84,32,52,3,4,695,0.314465408805031,0.366906474820144,331,0.520440251572327,0.887346726392471,0.940828402366864,0.85207100591716,0.976331360946746,0.970414201183432,0.994082840236686,0.920118343195266,0.917159763313609,1,0.92603550295858,1980
"sauerha01",1952,"NL",151,567,89,153,31,3,37,121,1,77,4,0,648,0.26984126984127,0.361111111111111,301,0.530864197530864,0.891975308641975,0.616822429906542,0.728971962616822,0.990654205607477,0.962616822429907,0.85981308411215,0.995327102803738,1,0.901869158878505,0.331775700934579,1950
"schmimi01",1980,"NL",150,548,104,157,25,8,48,121,12,89,2,13,652,0.286496350364964,0.380368098159509,342,0.624087591240876,1.00445568940039,0.767857142857143,0.94047619047619,1,1,0.854166666666667,1,1,0.994047619047619,0.74702380952381,1980
"schmimi01",1981,"NL",102,354,78,112,19,2,31,91,12,73,4,3,434,0.31638418079096,0.435483870967742,228,0.644067796610169,1.07955166757791,0.936619718309859,1,1,1,0.904929577464789,1,1,1,0.785211267605634,1980
"schmimi01",1986,"NL",160,552,97,160,29,1,37,119,1,89,7,9,657,0.289855072463768,0.389649923896499,302,0.547101449275362,0.936751373171862,0.880434782608696,0.96195652173913,0.994565217391304,0.994565217391304,0.934782608695652,1,1,0.986413043478261,0.21195652173913,1980
"schulfr01",1911,"NL",154,577,105,173,30,21,21,107,23,76,3,0,656,0.299826689774697,0.384146341463415,308,0.533795493934142,0.917941835397557,0.851851851851852,0.842592592592593,1,0.981481481481482,0.972222222222222,1,0.99537037037037,0.972222222222222,0.74537037037037,1910
"shantbo01",1952,"AL",34,96,13,19,4,1,0,12,0,5,2,0,103,0.197916666666667,0.252427184466019,25,0.260416666666667,0.512843851132686,0.0357142857142857,0.0357142857142857,0.0625,0.0357142857142857,0.0133928571428571,0.0848214285714286,0.138392857142857,0.160714285714286,0.151785714285714,1950
"sislege01",1922,"AL",142,586,134,246,42,18,8,105,51,49,3,0,638,0.419795221843003,0.467084639498433,348,0.593856655290102,1.06094129478854,1,0.990196078431373,0.96078431372549,0.980392156862745,1,0.794117647058823,0.970588235294118,1,1,1920
"sosasa01",1998,"NL",159,643,134,198,20,0,66,158,18,73,1,5,722,0.307931570762053,0.376731301939058,416,0.64696734059098,1.02369864253004,0.875536480686695,0.841201716738197,0.995708154506438,0.987124463519313,0.978540772532189,0.995708154506438,1,1,0.899141630901288,1990
"speaktr01",1912,"AL",153,580,136,222,53,12,10,90,52,82,6,0,668,0.382758620689655,0.464071856287425,329,0.567241379310345,1.03131323559777,0.983193277310924,1,0.983193277310924,0.983193277310924,0.983193277310924,0.995798319327731,0.957983193277311,0.991596638655462,0.974789915966387,1910
"stantmi03",2017,"NL",159,597,123,168,32,0,59,132,2,85,7,3,692,0.281407035175879,0.375722543352601,377,0.631490787269682,1.00721333062228,0.73972602739726,0.885844748858447,0.995433789954338,0.981735159817352,0.958904109589041,1,1,0.995433789954338,0.438356164383562,2010
"stargwi01",1979,"NL",126,424,60,119,19,0,32,82,0,47,3,6,480,0.280660377358491,0.352083333333333,234,0.55188679245283,0.903970125786164,0.670731707317073,0.719512195121951,0.969512195121951,0.951219512195122,0.615853658536585,0.975609756097561,0.896341463414634,0.673780487804878,0.11280487804878,1970
"suzukic01",2001,"AL",157,692,127,242,34,8,8,69,56,30,8,4,734,0.34971098265896,0.381471389645777,316,0.456647398843931,0.838118788489707,1,0.908212560386473,0.705314009661836,0.811594202898551,1,0.478260869565217,0.770531400966184,0.995169082125604,1,2000
"tejadmi01",2002,"AL",162,662,108,204,30,0,34,131,7,38,11,4,715,0.308157099697885,0.353846153846154,336,0.507552870090634,0.861399023936788,0.94392523364486,0.775700934579439,0.883177570093458,0.878504672897196,0.988317757009346,0.969626168224299,0.990654205607477,0.957943925233645,0.738317757009346,2000
"thomafr04",1993,"AL",153,549,106,174,36,0,41,128,4,112,2,13,676,0.316939890710383,0.42603550295858,333,0.60655737704918,1.03259288000776,0.951456310679612,0.980582524271845,0.985436893203884,0.990291262135922,0.946601941747573,0.990291262135922,0.995145631067961,0.956310679611651,0.54126213592233,1990
"thomafr04",1994,"AL",113,399,106,141,34,1,38,101,2,109,2,7,517,0.353383458646617,0.48742746615087,291,0.729323308270677,1.21675077442155,0.989189189189189,1,1,1,0.983783783783784,0.994594594594595,0.986486486486487,1,0.413513513513514,1990
"torrejo01",1971,"NL",161,634,97,230,34,8,24,137,4,63,4,5,706,0.362776025236593,0.420679886685552,352,0.555205047318612,0.975884934004164,1,0.994219653179191,0.982658959537572,0.988439306358382,1,0.930635838150289,1,0.976878612716763,0.632947976878613,1970
"troutmi01",2014,"AL",157,602,115,173,39,9,36,111,16,83,10,10,705,0.287375415282392,0.377304964539007,338,0.561461794019934,0.938766758558941,0.898678414096916,0.969162995594714,0.991189427312775,0.991189427312775,0.94273127753304,0.988986784140969,1,1,0.892070484581498,2010
"troutmi01",2016,"AL",159,549,123,173,32,5,29,100,30,116,11,5,681,0.31511839708561,0.440528634361233,302,0.550091074681239,0.990619709042472,0.977973568281938,1,0.982378854625551,0.991189427312775,0.931718061674009,0.883259911894273,0.940528634361233,1,0.991189427312775,2010
"troutmi01",2019,"AL",134,470,110,137,27,2,45,104,11,110,16,4,600,0.291489361702128,0.438333333333333,303,0.64468085106383,1.08301418439716,0.885106382978723,1,0.995744680851064,1,0.834042553191489,0.995744680851064,0.963829787234043,0.974468085106383,0.893617021276596,2010
"vanceda01",1924,"NL",35,106,7,16,0,0,2,11,0,10,1,0,117,0.150943396226415,0.230769230769231,22,0.207547169811321,0.438316400580552,0,0.00934579439252336,0,0,0,0.401869158878505,0.0654205607476635,0.00467289719626168,0.0280373831775701,1920
"vaughmo01",1995,"AL",140,550,98,165,28,3,39,126,11,68,14,4,636,0.3,0.388364779874214,316,0.574545454545455,0.962910234419668,0.810344827586207,0.87192118226601,0.955665024630542,0.960591133004926,0.950738916256158,0.980295566502463,0.997536945812808,0.95320197044335,0.839901477832512,1990
"versazo01",1965,"AL",160,666,126,182,45,12,19,77,27,41,7,8,722,0.273273273273273,0.318559556786704,308,0.462462462462462,0.781022019249166,0.81021897810219,0.576642335766423,0.854014598540146,0.795620437956204,0.992700729927007,0.872262773722628,0.905109489051095,1,0.985401459854015,1960
"vottojo01",2010,"NL",150,547,106,177,36,2,37,113,16,91,7,3,648,0.323583180987203,0.424382716049383,328,0.59963436928702,1.0240170853364,0.995726495726496,1,1,1,0.978632478632479,0.991452991452991,0.991452991452991,0.985042735042735,0.888888888888889,2010
"walkela01",1997,"NL",153,568,143,208,46,4,49,130,33,78,14,4,664,0.366197183098592,0.451807228915663,409,0.720070422535211,1.17187765145087,0.995145631067961,1,1,1,0.995145631067961,1,0.990291262135922,0.995145631067961,0.968446601941748,1990
"waltebu01",1939,"NL",40,120,16,39,8,1,1,16,1,5,1,0,126,0.325,0.357142857142857,52,0.433333333333333,0.790476190476191,0.919642857142857,0.678571428571429,0.723214285714286,0.6875,0.142857142857143,0.223214285714286,0.178571428571429,0.138392857142857,0.334821428571429,1930
"wanerpa01",1927,"NL",155,623,114,237,42,18,9,131,5,60,3,0,686,0.380417335473515,0.43731778425656,342,0.548956661316212,0.986274445572772,1,0.981481481481482,0.972222222222222,0.972222222222222,1,0.851851851851852,1,0.972222222222222,0.615740740740741,1920
"willite01",1946,"AL",150,514,142,176,37,8,38,123,0,156,2,0,672,0.342412451361868,0.49702380952381,343,0.667315175097276,1.16433898462109,0.991150442477876,1,1,1,0.973451327433628,0.991150442477876,0.991150442477876,1,0.101769911504425,1940
"willite01",1949,"AL",155,566,150,194,39,3,43,159,1,162,2,0,730,0.342756183745583,0.49041095890411,368,0.65017667844523,1.14058763734934,0.981981981981982,1,1,1,0.990990990990991,1,0.995495495495496,1,0.310810810810811,1940
"willsma01",1962,"NL",165,695,130,208,13,10,6,48,104,51,2,4,752,0.299280575539568,0.347074468085106,259,0.372661870503597,0.719736338588703,0.85,0.671428571428571,0.421428571428571,0.5,0.989285714285714,0.464285714285714,0.621428571428571,0.989285714285714,1,1960
"yastrca01",1967,"AL",161,579,112,189,31,4,44,121,10,91,4,5,679,0.326424870466321,0.418262150220913,360,0.621761658031088,1.040023808252,1,1,1,1,1,0.996503496503496,1,1,0.902097902097902,1960
"yelicch01",2018,"NL",147,574,118,187,34,7,36,110,22,68,7,2,651,0.325783972125436,0.402457757296467,343,0.597560975609756,1.00001873290622,0.990783410138249,0.976958525345622,1,1,0.995391705069124,0.988479262672811,0.993087557603687,0.995391705069124,0.953917050691244,2010
"yountro01",1982,"AL",156,635,129,210,46,12,29,114,14,54,1,10,700,0.330708661417323,0.378571428571429,367,0.577952755905512,0.95652418447694,0.985436893203884,0.912621359223301,0.995145631067961,0.995145631067961,1,0.951456310679612,0.985436893203884,0.995145631067961,0.890776699029126,1980
"yountro01",1989,"AL",160,614,101,195,38,9,21,103,19,63,6,4,687,0.317589576547231,0.384279475982533,314,0.511400651465798,0.895680127448331,0.975845410628019,0.942028985507246,0.975845410628019,0.985507246376812,0.985507246376812,0.920289855072464,0.971014492753623,0.98792270531401,0.884057971014493,1980
