"source_row","game_pk","game_date","at_bat_index","pitch_number","play_id","inning","half_inning","is_top_inning","batting_team","fielding_team","home_team","away_team","pitcher_id","pitcher_name","pitcher_hand","batter_id","batter_name","batter_side","outs_before","outs_after","runner_on_first","runner_on_second","runner_on_third","event_type","event","event_key","description","result_description","pitch_type","pitch_name","is_in_play","is_terminal_pitch","launch_speed","launch_angle","hit_distance","hit_location","hit_coord_x","hit_coord_y","trajectory","batting_order","runs_batted_in","home_score_before","away_score_before","home_score_after","away_score_after","pitches_in_pa","is_hit","is_home_run","is_walk","is_hit_by_pitch","is_strikeout","is_at_bat","is_out","is_batted_ball","is_hard_hit","is_barrel_proxy","is_ground_ball","is_line_drive","is_fly_ball","is_popup","batted_ball_type","spray_direction","total_bases","outs_on_play","fielding_score_diff","batting_score_before","fielding_score_before","batting_score_after","fielding_score_after","batting_score_diff_before","batting_score_diff_after","runs_scored_on_play","runner_on_first_after","runner_on_second_after","runner_on_third_after","runner_on_first_before","runner_on_second_before","runner_on_third_before","base_state_before","base_state_after","is_risp_before","run_expectancy_before","run_expectancy_after","run_value","run_value_method","leverage_proxy","pressure_index","is_close_game","is_high_leverage_proxy","game_state_label","leverage_method","leader_pull_rate","leader_batted_balls","spray_method","source_through","generated_at_utc"
132060,"823956",2026-04-28,13,4,"d6d6c702-030c-3a53-9c7b-fca4e84e4732",2,"top",TRUE,"Miami Marlins","Los Angeles Dodgers","Los Angeles Dodgers","Miami Marlins","660271","Shohei Ohtani","R","666624","Christopher Morel","R",2,3,FALSE,FALSE,FALSE,"field_out","Groundout","field_out","In play, out(s)","Christopher Morel grounds out sharply, second baseman Alex Freeland to first baseman Freddie Freeman.","FF","Four-Seam Fastball",TRUE,FALSE,109.4,-5,32,4,141.53,148.4,"ground_ball",,0,0,1,0,1,4,FALSE,FALSE,FALSE,FALSE,FALSE,TRUE,TRUE,TRUE,TRUE,FALSE,TRUE,FALSE,FALSE,FALSE,"ground_ball","opposite",0,1,-1,1,0,1,0,1,1,0,FALSE,FALSE,FALSE,FALSE,FALSE,FALSE,0,0,FALSE,0.104283807289349,0,-0.104283807289349,"sabrhood_empirical_re24_v1",0.865598985545756,46.4,TRUE,FALSE,"ahead","sabrhood_context_proxy_v1",0.633333333333333,60,"mlbam_hit_coordinates_pull_rate_leader_v1","2026-09-21","2026-09-22 14:25:48 UTC"
132246,"823956",2026-04-28,60,3,"06fceabe-c314-31e1-818e-51e42c643497",8,"top",TRUE,"Miami Marlins","Los Angeles Dodgers","Los Angeles Dodgers","Miami Marlins","595014","Blake Treinen","R","666624","Christopher Morel","R",2,3,FALSE,FALSE,FALSE,"field_out","Groundout","field_out","In play, out(s)","Christopher Morel grounds out, shortstop Hyeseong Kim to first baseman Freddie Freeman.","SI","Sinker",TRUE,FALSE,83.8,-6,15,6,105.18,150.21,"ground_ball",,0,0,2,0,2,3,FALSE,FALSE,FALSE,FALSE,FALSE,TRUE,TRUE,TRUE,FALSE,FALSE,TRUE,FALSE,FALSE,FALSE,"ground_ball","pull",0,1,-2,2,0,2,0,2,2,0,FALSE,FALSE,FALSE,FALSE,FALSE,TRUE,4,0,TRUE,0.385798281320669,0,-0.385798281320669,"sabrhood_empirical_re24_v1",1.01261564339781,50.3,TRUE,FALSE,"ahead","sabrhood_context_proxy_v1",0.633333333333333,60,"mlbam_hit_coordinates_pull_rate_leader_v1","2026-09-21","2026-09-22 14:25:48 UTC"
141599,"823877",2026-05-01,15,1,"3d378cb0-4b0f-3253-92a9-84cb908d49a1",2,"bottom",FALSE,"Miami Marlins","Philadelphia Phillies","Miami Marlins","Philadelphia Phillies","554430","Zack Wheeler","R","666624","Christopher Morel","R",1,2,TRUE,FALSE,FALSE,"force_out","Forceout","force_out","In play, out(s)","Christopher Morel grounds into a force out, shortstop Edmundo Sosa to second baseman Bryson Stott. Owen Caissie out at 2nd. Christopher Morel to 1st.","SI","Sinker",TRUE,FALSE,103.3,-21,5,6,125.25,145.59,"ground_ball",,0,1,0,1,0,1,FALSE,FALSE,FALSE,FALSE,FALSE,TRUE,TRUE,TRUE,TRUE,FALSE,TRUE,FALSE,FALSE,FALSE,"ground_ball","pull",0,1,-1,1,0,1,0,1,1,0,TRUE,FALSE,FALSE,TRUE,FALSE,FALSE,1,1,FALSE,0.537709278673134,0.234809703983975,-0.302899574689159,"sabrhood_empirical_re24_v1",1.03871878265491,50.9,TRUE,FALSE,"ahead","sabrhood_context_proxy_v1",0.633333333333333,60,"mlbam_hit_coordinates_pull_rate_leader_v1","2026-09-21","2026-09-22 14:25:48 UTC"
141695,"823877",2026-05-01,38,3,"0ecfce03-671e-3337-917d-49f62296bb47",5,"bottom",FALSE,"Miami Marlins","Philadelphia Phillies","Miami Marlins","Philadelphia Phillies","554430","Zack Wheeler","R","666624","Christopher Morel","R",0,0,TRUE,FALSE,FALSE,"single","Single","single","In play, no out","Christopher Morel singles on a ground ball to shortstop Edmundo Sosa.","SI","Sinker",TRUE,FALSE,102.4,-11,11,6,105.28,150.43,"ground_ball",,0,1,2,1,2,3,TRUE,FALSE,FALSE,FALSE,FALSE,TRUE,FALSE,TRUE,TRUE,FALSE,TRUE,FALSE,FALSE,FALSE,"ground_ball","pull",1,0,1,1,2,1,2,-1,-1,0,TRUE,FALSE,FALSE,FALSE,FALSE,FALSE,0,1,FALSE,0.505932028363586,0.899980483996877,0.394048455633291,"sabrhood_empirical_re24_v1",1.19843575676206,54.5,TRUE,FALSE,"behind","sabrhood_context_proxy_v1",0.633333333333333,60,"mlbam_hit_coordinates_pull_rate_leader_v1","2026-09-21","2026-09-22 14:25:48 UTC"
150043,"823875",2026-05-03,18,2,"ef36d473-3c06-38c3-a079-ae108526b4f4",2,"bottom",FALSE,"Miami Marlins","Philadelphia Phillies","Miami Marlins","Philadelphia Phillies","666200","Jesús Luzardo","L","666624","Christopher Morel","R",0,0,TRUE,TRUE,FALSE,"single","Single","single","In play, no out","Christopher Morel singles on a fly ball to second baseman Bryson Stott. Xavier Edwards to 2nd.","ST","Sweeper",TRUE,FALSE,65.8,31,207,4,142.19,118.97,"fly_ball",,0,0,6,0,6,2,TRUE,FALSE,FALSE,FALSE,FALSE,TRUE,FALSE,TRUE,FALSE,FALSE,FALSE,FALSE,TRUE,FALSE,"fly_ball","opposite",1,0,6,0,6,0,6,-6,-6,0,TRUE,TRUE,FALSE,TRUE,FALSE,FALSE,1,3,FALSE,0.899980483996877,1.55271084337349,0.652730359376616,"sabrhood_empirical_re24_v1",0.427967613140145,30,FALSE,FALSE,"large_deficit","sabrhood_context_proxy_v1",0.633333333333333,60,"mlbam_hit_coordinates_pull_rate_leader_v1","2026-09-21","2026-09-22 14:25:48 UTC"
150113,"823875",2026-05-03,36,5,"4bdc184d-7036-329e-b843-b0caa429fc48",4,"bottom",FALSE,"Miami Marlins","Philadelphia Phillies","Miami Marlins","Philadelphia Phillies","666200","Jesús Luzardo","L","666624","Christopher Morel","R",2,2,TRUE,FALSE,FALSE,"single","Single","single","In play, no out","Christopher Morel singles on a line drive to center fielder Justin Crawford.","FF","Four-Seam Fastball",TRUE,FALSE,95.3,15,258,8,150.34,81.65,"line_drive",,0,0,7,0,7,5,TRUE,FALSE,FALSE,FALSE,FALSE,TRUE,FALSE,TRUE,TRUE,FALSE,FALSE,TRUE,FALSE,FALSE,"line_drive","middle",1,0,7,0,7,0,7,-7,-7,0,TRUE,FALSE,FALSE,FALSE,FALSE,FALSE,0,1,FALSE,0.104283807289349,0.234809703983975,0.130525896694626,"sabrhood_empirical_re24_v1",0.351334084306286,26,FALSE,FALSE,"large_deficit","sabrhood_context_proxy_v1",0.633333333333333,60,"mlbam_hit_coordinates_pull_rate_leader_v1","2026-09-21","2026-09-22 14:25:48 UTC"
150245,"823875",2026-05-03,73,1,"8c74d64a-285d-3113-bd83-936b46b76b56",9,"bottom",FALSE,"Miami Marlins","Philadelphia Phillies","Miami Marlins","Philadelphia Phillies","689147","Orion Kerkering","R","666624","Christopher Morel","R",0,1,FALSE,FALSE,FALSE,"field_out","Flyout","field_out","In play, out(s)","Christopher Morel flies out to left fielder Felix Reyes.","ST","Sweeper",TRUE,FALSE,91,39,320,7,100.68,73.43,"fly_ball",,0,2,7,2,7,1,FALSE,FALSE,FALSE,FALSE,FALSE,TRUE,TRUE,TRUE,FALSE,FALSE,FALSE,FALSE,TRUE,FALSE,"fly_ball","pull",0,1,5,2,7,2,7,-5,-5,0,FALSE,FALSE,FALSE,FALSE,FALSE,FALSE,0,0,FALSE,0.505932028363586,0.266734994555121,-0.239197033808465,"sabrhood_empirical_re24_v1",0.62384587100422,38.4,FALSE,FALSE,"large_deficit","sabrhood_context_proxy_v1",0.633333333333333,60,"mlbam_hit_coordinates_pull_rate_leader_v1","2026-09-21","2026-09-22 14:25:48 UTC"
153372,"823874",2026-05-04,14,1,"5f1c19d0-6690-34d4-9b49-2d1bebf76a27",2,"bottom",FALSE,"Miami Marlins","Philadelphia Phillies","Miami Marlins","Philadelphia Phillies","605400","Aaron Nola","R","666624","Christopher Morel","R",1,1,TRUE,FALSE,FALSE,"single","Single","single","In play, no out","Christopher Morel singles on a line drive to left fielder Brandon Marsh.","FC","Cutter",TRUE,FALSE,98.4,10,190,7,98.96,98.97,"line_drive",,0,0,0,0,0,1,TRUE,FALSE,FALSE,FALSE,FALSE,TRUE,FALSE,TRUE,TRUE,FALSE,FALSE,TRUE,FALSE,FALSE,"line_drive","pull",1,0,0,0,0,0,0,0,0,0,TRUE,FALSE,FALSE,FALSE,FALSE,FALSE,0,1,FALSE,0.266734994555121,0.537709278673134,0.270974284118013,"sabrhood_empirical_re24_v1",1.29495461659942,56.4,TRUE,FALSE,"tied","sabrhood_context_proxy_v1",0.633333333333333,60,"mlbam_hit_coordinates_pull_rate_leader_v1","2026-09-21","2026-09-22 14:25:48 UTC"
161898,"823872",2026-05-06,50,2,"08bc414e-40fe-3254-9bf0-f40b7f7df8d9",6,"bottom",FALSE,"Miami Marlins","Baltimore Orioles","Miami Marlins","Baltimore Orioles","687064","Brandon Young","R","666624","Christopher Morel","R",1,2,FALSE,FALSE,FALSE,"field_out","Pop Out","field_out","In play, out(s)","Christopher Morel pops out to shortstop Gunnar Henderson.","FF","Four-Seam Fastball",TRUE,FALSE,91.7,73,82,6,123.89,170.18,"popup",,0,3,5,3,5,2,FALSE,FALSE,FALSE,FALSE,FALSE,TRUE,TRUE,TRUE,FALSE,FALSE,FALSE,FALSE,FALSE,TRUE,"popup","pull",0,1,2,3,5,3,5,-2,-2,0,FALSE,FALSE,FALSE,FALSE,FALSE,FALSE,0,0,FALSE,0.266734994555121,0.104283807289349,-0.162451187265772,"sabrhood_empirical_re24_v1",0.885618166526493,47,TRUE,FALSE,"behind","sabrhood_context_proxy_v1",0.633333333333333,60,"mlbam_hit_coordinates_pull_rate_leader_v1","2026-09-21","2026-09-22 14:25:48 UTC"
161969,"823872",2026-05-06,68,1,"8520d299-ad10-3f4b-9b3b-44f07ba2d976",8,"bottom",FALSE,"Miami Marlins","Baltimore Orioles","Miami Marlins","Baltimore Orioles","689296","Anthony Nunez","R","666624","Christopher Morel","R",2,3,FALSE,FALSE,FALSE,"field_out","Flyout","field_out","In play, out(s)","Christopher Morel flies out to left fielder Taylor Ward.","FF","Four-Seam Fastball",TRUE,FALSE,92.2,57,239,7,66.07,124.78,"fly_ball",,0,4,7,4,7,1,FALSE,FALSE,FALSE,FALSE,FALSE,TRUE,TRUE,TRUE,FALSE,FALSE,FALSE,FALSE,TRUE,FALSE,"fly_ball","pull",0,1,3,4,7,4,7,-3,-3,0,FALSE,FALSE,FALSE,FALSE,FALSE,FALSE,0,0,FALSE,0.104283807289349,0,-0.104283807289349,"sabrhood_empirical_re24_v1",0.713980059548595,41.7,FALSE,FALSE,"behind","sabrhood_context_proxy_v1",0.633333333333333,60,"mlbam_hit_coordinates_pull_rate_leader_v1","2026-09-21","2026-09-22 14:25:48 UTC"
166021,"823870",2026-05-07,25,2,"433d1bd4-1e51-3bc7-96dc-ca971db83d0d",3,"bottom",FALSE,"Miami Marlins","Baltimore Orioles","Miami Marlins","Baltimore Orioles","700249","Cade Povich","L","666624","Christopher Morel","R",1,2,TRUE,TRUE,FALSE,"field_out","Pop Out","field_out","In play, out(s)","Christopher Morel pops out to first baseman Pete Alonso on the infield fly rule.","CU","Curveball",TRUE,FALSE,53.5,70,78,3,143.4,180.09,"popup",,0,3,1,3,1,2,FALSE,FALSE,FALSE,FALSE,FALSE,TRUE,TRUE,TRUE,FALSE,FALSE,FALSE,FALSE,FALSE,TRUE,"popup","opposite",0,1,-2,3,1,3,1,2,2,0,TRUE,TRUE,FALSE,TRUE,TRUE,FALSE,3,3,TRUE,0.919091710758377,0.458498023715415,-0.460593687042962,"sabrhood_empirical_re24_v1",0.915895710681245,47.8,TRUE,FALSE,"ahead","sabrhood_context_proxy_v1",0.633333333333333,60,"mlbam_hit_coordinates_pull_rate_leader_v1","2026-09-21","2026-09-22 14:25:48 UTC"
166168,"823870",2026-05-07,63,6,"75574e7c-2e4b-374c-8e08-539dcf1eb2f1",8,"bottom",FALSE,"Miami Marlins","Baltimore Orioles","Miami Marlins","Baltimore Orioles","669211","Keegan Akin","L","666624","Christopher Morel","R",1,2,FALSE,TRUE,TRUE,"field_out","Flyout","field_out","In play, out(s)","Christopher Morel flies out to center fielder Colton Cowser. Otto Lopez to 3rd. Xavier Edwards to 2nd.","FF","Four-Seam Fastball",TRUE,FALSE,95.8,35,354,8,85.91,66.93,"fly_ball",,0,3,3,3,3,6,FALSE,FALSE,FALSE,FALSE,FALSE,TRUE,TRUE,TRUE,TRUE,FALSE,FALSE,FALSE,TRUE,FALSE,"fly_ball","middle",0,1,0,3,3,3,3,0,0,0,FALSE,TRUE,TRUE,TRUE,TRUE,FALSE,3,6,TRUE,0.919091710758377,0.526631657914479,-0.392460052843899,"sabrhood_empirical_re24_v1",2.19538900950368,68.7,TRUE,TRUE,"tied","sabrhood_context_proxy_v1",0.633333333333333,60,"mlbam_hit_coordinates_pull_rate_leader_v1","2026-09-21","2026-09-22 14:25:48 UTC"
168267,"823871",2026-05-08,9,5,"56cf7b56-485c-347d-8af9-dec555d42c73",1,"bottom",FALSE,"Miami Marlins","Washington Nationals","Miami Marlins","Washington Nationals","656492","Foster Griffin","L","666624","Christopher Morel","R",0,1,FALSE,TRUE,FALSE,"field_out","Groundout","field_out","In play, out(s)","Christopher Morel grounds out, shortstop CJ Abrams to first baseman Curtis Mead.","CU","Curveball",TRUE,FALSE,90,-2,33,6,106.49,150.43,"ground_ball",,0,2,3,2,3,5,FALSE,FALSE,FALSE,FALSE,FALSE,TRUE,TRUE,TRUE,FALSE,FALSE,TRUE,FALSE,FALSE,FALSE,"ground_ball","pull",0,1,1,2,3,2,3,-1,-1,0,FALSE,TRUE,FALSE,FALSE,TRUE,FALSE,2,2,TRUE,1.17973406694177,0.675359493053863,-0.504374573887907,"sabrhood_empirical_re24_v1",1.03648497882124,50.9,TRUE,FALSE,"behind","sabrhood_context_proxy_v1",0.633333333333333,60,"mlbam_hit_coordinates_pull_rate_leader_v1","2026-09-21","2026-09-22 14:25:48 UTC"
168335,"823871",2026-05-08,27,3,"a4b764d8-ee83-38af-81e9-1c4148289230",3,"bottom",FALSE,"Miami Marlins","Washington Nationals","Miami Marlins","Washington Nationals","656492","Foster Griffin","L","666624","Christopher Morel","R",1,2,FALSE,FALSE,FALSE,"field_out","Pop Out","field_out","In play, out(s)","Christopher Morel pops out softly to pitcher Foster Griffin.","FC","Cutter",TRUE,FALSE,41.6,67,58,1,125.08,180.37,"popup",,0,2,3,2,3,3,FALSE,FALSE,FALSE,FALSE,FALSE,TRUE,TRUE,TRUE,FALSE,FALSE,FALSE,FALSE,FALSE,TRUE,"popup",,0,1,1,2,3,2,3,-1,-1,0,FALSE,FALSE,FALSE,FALSE,FALSE,FALSE,0,0,FALSE,0.266734994555121,0.104283807289349,-0.162451187265772,"sabrhood_empirical_re24_v1",0.995159607898412,49.9,TRUE,FALSE,"behind","sabrhood_context_proxy_v1",0.633333333333333,60,"mlbam_hit_coordinates_pull_rate_leader_v1","2026-09-21","2026-09-22 14:25:48 UTC"
168410,"823871",2026-05-08,46,1,"633d151f-3fed-3248-9c78-61097b7207f9",6,"bottom",FALSE,"Miami Marlins","Washington Nationals","Miami Marlins","Washington Nationals","656492","Foster Griffin","L","666624","Christopher Morel","R",0,1,FALSE,FALSE,FALSE,"field_out","Groundout","field_out","In play, out(s)","Christopher Morel grounds out, pitcher Foster Griffin to second baseman Nasim Nuñez to first baseman Curtis Mead.","SI","Sinker",TRUE,FALSE,97.1,-9,17,1,139.77,148.01,"ground_ball",,0,2,3,2,3,1,FALSE,FALSE,FALSE,FALSE,FALSE,TRUE,TRUE,TRUE,TRUE,FALSE,TRUE,FALSE,FALSE,FALSE,"ground_ball",,0,1,1,2,3,2,3,-1,-1,0,FALSE,FALSE,FALSE,FALSE,FALSE,FALSE,0,0,FALSE,0.505932028363586,0.266734994555121,-0.239197033808465,"sabrhood_empirical_re24_v1",1.26321606793839,55.8,TRUE,FALSE,"behind","sabrhood_context_proxy_v1",0.633333333333333,60,"mlbam_hit_coordinates_pull_rate_leader_v1","2026-09-21","2026-09-22 14:25:48 UTC"
175461,"823868",2026-05-10,47,3,"4fdb3ea9-5970-319b-ba99-1462f9249134",6,"bottom",FALSE,"Miami Marlins","Washington Nationals","Miami Marlins","Washington Nationals","676917","Cade Cavalli","R","666624","Christopher Morel","R",0,1,FALSE,TRUE,TRUE,"field_out","Groundout","field_out","In play, out(s)","Christopher Morel grounds out, third baseman Brady House to first baseman Luis García Jr. Kyle Stowers to 3rd. Jakob Marsee to 2nd.","KC","Knuckle Curve",TRUE,FALSE,96.1,-17,8,5,106.49,166.17,"ground_ball",,0,2,2,2,2,3,FALSE,FALSE,FALSE,FALSE,FALSE,TRUE,TRUE,TRUE,TRUE,FALSE,TRUE,FALSE,FALSE,FALSE,"ground_ball","pull",0,1,0,2,2,2,2,0,0,0,FALSE,TRUE,TRUE,TRUE,TRUE,FALSE,3,6,TRUE,1.55271084337349,1.37825421133231,-0.174456632041182,"sabrhood_empirical_re24_v1",2.11184355036824,67.9,TRUE,TRUE,"tied","sabrhood_context_proxy_v1",0.633333333333333,60,"mlbam_hit_coordinates_pull_rate_leader_v1","2026-09-21","2026-09-22 14:25:48 UTC"
175525,"823868",2026-05-10,62,3,"3635f194-5770-3ce8-9996-4b3a7decc9b9",8,"bottom",FALSE,"Miami Marlins","Washington Nationals","Miami Marlins","Washington Nationals","681402","Gus Varland","R","666624","Christopher Morel","R",1,1,TRUE,TRUE,FALSE,"single","Single","single","In play, run(s)","Christopher Morel singles on a line drive to center fielder Jacob Young. Esteury Ruiz scores.","SL","Slider",TRUE,FALSE,76.9,24,253,8,125.85,96.58,"line_drive",,1,2,2,3,2,3,TRUE,FALSE,FALSE,FALSE,FALSE,TRUE,FALSE,TRUE,FALSE,FALSE,FALSE,TRUE,FALSE,FALSE,"line_drive","middle",1,0,-1,2,2,3,2,0,1,1,TRUE,TRUE,FALSE,TRUE,TRUE,FALSE,3,3,TRUE,0.919091710758377,0.919091710758377,1,"sabrhood_empirical_re24_v1",2.19538900950368,68.7,TRUE,TRUE,"tied","sabrhood_context_proxy_v1",0.633333333333333,60,"mlbam_hit_coordinates_pull_rate_leader_v1","2026-09-21","2026-09-22 14:25:48 UTC"
184118,"823712",2026-05-12,10,1,"52c4e78e-3a02-3b42-80f0-d0de5e7aecda",2,"top",TRUE,"Miami Marlins","Minnesota Twins","Minnesota Twins","Miami Marlins","641927","Bailey Ober","R","666624","Christopher Morel","R",2,3,FALSE,FALSE,FALSE,"force_out","Forceout","force_out","In play, out(s)","Christopher Morel grounds into a force out, third baseman Royce Lewis to second baseman Luke Keaschall. Jakob Marsee out at 2nd.","ST","Sweeper",TRUE,FALSE,66.4,-12,16,5,108.23,167.39,"ground_ball",,0,0,0,0,0,1,FALSE,FALSE,FALSE,FALSE,FALSE,TRUE,TRUE,TRUE,FALSE,FALSE,TRUE,FALSE,FALSE,FALSE,"ground_ball","pull",0,1,0,0,0,0,0,0,0,0,FALSE,FALSE,FALSE,TRUE,FALSE,FALSE,1,0,FALSE,0.234809703983975,0,-0.234809703983975,"sabrhood_empirical_re24_v1",1.3429158986957,57.3,TRUE,FALSE,"tied","sabrhood_context_proxy_v1",0.633333333333333,60,"mlbam_hit_coordinates_pull_rate_leader_v1","2026-09-21","2026-09-22 14:25:48 UTC"
191004,"823709",2026-05-14,4,4,"1b8ee9e1-8dab-3e5d-89f9-0666171b339f",1,"top",TRUE,"Miami Marlins","Minnesota Twins","Minnesota Twins","Miami Marlins","805673","Zebby Matthews","R","666624","Christopher Morel","R",2,3,FALSE,FALSE,FALSE,"field_out","Groundout","field_out","In play, out(s)","Christopher Morel grounds out, second baseman Luke Keaschall to first baseman Victor Caratini.","FF","Four-Seam Fastball",TRUE,FALSE,97.1,-18,8,4,143.48,148.14,"ground_ball",,0,0,0,0,0,4,FALSE,FALSE,FALSE,FALSE,FALSE,TRUE,TRUE,TRUE,TRUE,FALSE,TRUE,FALSE,FALSE,FALSE,"ground_ball","opposite",0,1,0,0,0,0,0,0,0,0,FALSE,FALSE,FALSE,TRUE,TRUE,FALSE,3,0,TRUE,0.458498023715415,0,-0.458498023715415,"sabrhood_empirical_re24_v1",1.39087718079197,58.2,TRUE,FALSE,"tied","sabrhood_context_proxy_v1",0.633333333333333,60,"mlbam_hit_coordinates_pull_rate_leader_v1","2026-09-21","2026-09-22 14:25:48 UTC"
191123,"823709",2026-05-14,32,3,"2d3efb70-d7f9-3b15-9e91-552064c2fb77",4,"top",TRUE,"Miami Marlins","Minnesota Twins","Minnesota Twins","Miami Marlins","805673","Zebby Matthews","R","666624","Christopher Morel","R",2,2,FALSE,TRUE,FALSE,"double","Double","double","In play, no out","Christopher Morel doubles (1) on a sharp line drive to left fielder James Outman.","CH","Changeup",TRUE,FALSE,108.8,13,270,7,40.1,99.49,"line_drive",,0,6,0,6,0,3,TRUE,FALSE,FALSE,FALSE,FALSE,TRUE,FALSE,TRUE,TRUE,FALSE,FALSE,TRUE,FALSE,FALSE,"line_drive","pull",2,0,6,0,6,0,6,-6,-6,0,FALSE,TRUE,FALSE,FALSE,FALSE,FALSE,0,2,FALSE,0.104283807289349,0.319049401197605,0.214765593908256,"sabrhood_empirical_re24_v1",0.37749159425164,27.4,FALSE,FALSE,"large_deficit","sabrhood_context_proxy_v1",0.633333333333333,60,"mlbam_hit_coordinates_pull_rate_leader_v1","2026-09-21","2026-09-22 14:25:48 UTC"
191190,"823709",2026-05-14,50,5,"719a4675-d5d0-3814-b9cf-65279373dda8",7,"top",TRUE,"Miami Marlins","Minnesota Twins","Minnesota Twins","Miami Marlins","805673","Zebby Matthews","R","666624","Christopher Morel","R",0,1,TRUE,FALSE,FALSE,"field_out","Pop Out","field_out","In play, out(s)","Christopher Morel pops out to catcher Ryan Jeffers in foul territory.","FF","Four-Seam Fastball",TRUE,FALSE,65.7,86,14,2,128.78,210.97,"popup",,0,6,0,6,0,5,FALSE,FALSE,FALSE,FALSE,FALSE,TRUE,TRUE,TRUE,FALSE,FALSE,FALSE,FALSE,FALSE,TRUE,"popup",,0,1,6,0,6,0,6,-6,-6,0,TRUE,FALSE,FALSE,TRUE,FALSE,FALSE,1,1,FALSE,0.899980483996877,0.537709278673134,-0.362271205323743,"sabrhood_empirical_re24_v1",0.56602168189503,36.1,FALSE,FALSE,"large_deficit","sabrhood_context_proxy_v1",0.633333333333333,60,"mlbam_hit_coordinates_pull_rate_leader_v1","2026-09-21","2026-09-22 14:25:48 UTC"
194614,"822983",2026-05-15,8,2,"5fe3de20-c600-3059-88d1-2d2d9e5c7281",2,"top",TRUE,"Miami Marlins","Tampa Bay Rays","Tampa Bay Rays","Miami Marlins","693855","Ian Seymour","L","666624","Christopher Morel","R",0,1,FALSE,FALSE,FALSE,"field_out","Flyout","field_out","In play, out(s)","Christopher Morel flies out to right fielder Jake Fraley.","FF","Four-Seam Fastball",TRUE,FALSE,92.9,51,268,9,197.77,118.87,"fly_ball",,0,2,0,2,0,2,FALSE,FALSE,FALSE,FALSE,FALSE,TRUE,TRUE,TRUE,FALSE,FALSE,FALSE,FALSE,TRUE,FALSE,"fly_ball","opposite",0,1,2,0,2,0,2,-2,-2,0,FALSE,FALSE,FALSE,FALSE,FALSE,FALSE,0,0,FALSE,0.505932028363586,0.266734994555121,-0.239197033808465,"sabrhood_empirical_re24_v1",0.75609756097561,43.1,TRUE,FALSE,"behind","sabrhood_context_proxy_v1",0.633333333333333,60,"mlbam_hit_coordinates_pull_rate_leader_v1","2026-09-21","2026-09-22 14:25:48 UTC"
194657,"822983",2026-05-15,22,4,"e704a2f5-0eac-37b0-8761-25644c9f452c",3,"top",TRUE,"Miami Marlins","Tampa Bay Rays","Tampa Bay Rays","Miami Marlins","669947","Jesse Scholtens","R","666624","Christopher Morel","R",2,3,FALSE,FALSE,FALSE,"force_out","Forceout","force_out","In play, out(s)","Christopher Morel grounds into a force out, shortstop Taylor Walls to second baseman Richie Palacios. Otto Lopez out at 2nd.","SL","Slider",TRUE,FALSE,109.2,1,61,6,104.18,161.82,"ground_ball",,0,4,1,4,1,4,FALSE,FALSE,FALSE,FALSE,FALSE,TRUE,TRUE,TRUE,TRUE,FALSE,TRUE,FALSE,FALSE,FALSE,"ground_ball","pull",0,1,3,1,4,1,4,-3,-3,0,FALSE,FALSE,FALSE,TRUE,FALSE,TRUE,5,0,TRUE,0.525521207764198,0,-0.525521207764198,"sabrhood_empirical_re24_v1",0.67944334969136,40.5,FALSE,FALSE,"behind","sabrhood_context_proxy_v1",0.633333333333333,60,"mlbam_hit_coordinates_pull_rate_leader_v1","2026-09-21","2026-09-22 14:25:48 UTC"
194721,"822983",2026-05-15,41,2,"2bfdba28-e681-3ba7-96ee-2fedaf17e89e",5,"top",TRUE,"Miami Marlins","Tampa Bay Rays","Tampa Bay Rays","Miami Marlins","669947","Jesse Scholtens","R","666624","Christopher Morel","R",2,3,FALSE,FALSE,FALSE,"field_out","Flyout","field_out","In play, out(s)","Christopher Morel flies out to center fielder Cedric Mullins.","SI","Sinker",TRUE,FALSE,86.2,36,316,8,155.46,75.99,"fly_ball",,0,6,1,6,1,2,FALSE,FALSE,FALSE,FALSE,FALSE,TRUE,TRUE,TRUE,FALSE,FALSE,FALSE,FALSE,TRUE,FALSE,"fly_ball","middle",0,1,5,1,6,1,6,-5,-5,0,FALSE,FALSE,FALSE,TRUE,TRUE,FALSE,3,0,TRUE,0.458498023715415,0,-0.458498023715415,"sabrhood_empirical_re24_v1",0.548315106545472,35.4,FALSE,FALSE,"large_deficit","sabrhood_context_proxy_v1",0.633333333333333,60,"mlbam_hit_coordinates_pull_rate_leader_v1","2026-09-21","2026-09-22 14:25:48 UTC"
194804,"822983",2026-05-15,62,1,"d93dc1c4-ed8c-3b94-abca-d8710490feca",8,"top",TRUE,"Miami Marlins","Tampa Bay Rays","Tampa Bay Rays","Miami Marlins","668984","Casey Legumina","R","666624","Christopher Morel","R",1,2,FALSE,FALSE,FALSE,"field_out","Flyout","field_out","In play, out(s)","Christopher Morel flies out to left fielder Chandler Simpson.","FF","Four-Seam Fastball",TRUE,FALSE,79.6,45,249,7,79.65,111.32,"fly_ball",,0,7,2,7,2,1,FALSE,FALSE,FALSE,FALSE,FALSE,TRUE,TRUE,TRUE,FALSE,FALSE,FALSE,FALSE,TRUE,FALSE,"fly_ball","pull",0,1,5,2,7,2,7,-5,-5,0,FALSE,FALSE,FALSE,FALSE,FALSE,FALSE,0,0,FALSE,0.266734994555121,0.104283807289349,-0.162451187265772,"sabrhood_empirical_re24_v1",0.555007705927893,35.7,FALSE,FALSE,"large_deficit","sabrhood_context_proxy_v1",0.633333333333333,60,"mlbam_hit_coordinates_pull_rate_leader_v1","2026-09-21","2026-09-22 14:25:48 UTC"
202085,"822982",2026-05-17,17,1,"5a2a8106-752e-3ba1-811e-4074228dc58c",3,"top",TRUE,"Miami Marlins","Tampa Bay Rays","Tampa Bay Rays","Miami Marlins","656876","Drew Rasmussen","R","666624","Christopher Morel","R",0,1,TRUE,FALSE,FALSE,"field_out","Pop Out","field_out","In play, out(s)","Christopher Morel pops out to first baseman Jonathan Aranda in foul territory.","FF","Four-Seam Fastball",TRUE,FALSE,89.6,71,110,3,167.01,176.51,"popup",,0,1,0,1,0,1,FALSE,FALSE,FALSE,FALSE,FALSE,TRUE,TRUE,TRUE,FALSE,FALSE,FALSE,FALSE,FALSE,TRUE,"popup","opposite",0,1,1,0,1,0,1,-1,-1,0,TRUE,FALSE,FALSE,TRUE,FALSE,FALSE,1,1,FALSE,0.899980483996877,0.537709278673134,-0.362271205323743,"sabrhood_empirical_re24_v1",1.1794484241759,54.1,TRUE,FALSE,"behind","sabrhood_context_proxy_v1",0.633333333333333,60,"mlbam_hit_coordinates_pull_rate_leader_v1","2026-09-21","2026-09-22 14:25:48 UTC"
202178,"822982",2026-05-17,36,7,"34616692-b743-3a54-b366-d122527fd0d2",5,"top",TRUE,"Miami Marlins","Tampa Bay Rays","Tampa Bay Rays","Miami Marlins","656876","Drew Rasmussen","R","666624","Christopher Morel","R",0,1,FALSE,FALSE,FALSE,"field_out","Lineout","field_out","In play, out(s)","Christopher Morel lines out sharply to left fielder Chandler Simpson.","FF","Four-Seam Fastball",TRUE,FALSE,104.3,16,290,7,55.36,106.3,"line_drive",,0,4,2,4,2,7,FALSE,FALSE,FALSE,FALSE,FALSE,TRUE,TRUE,TRUE,TRUE,FALSE,FALSE,TRUE,FALSE,FALSE,"line_drive","pull",0,1,2,2,4,2,4,-2,-2,0,FALSE,FALSE,FALSE,FALSE,FALSE,FALSE,0,0,FALSE,0.505932028363586,0.266734994555121,-0.239197033808465,"sabrhood_empirical_re24_v1",0.902439024390244,47.4,TRUE,FALSE,"behind","sabrhood_context_proxy_v1",0.633333333333333,60,"mlbam_hit_coordinates_pull_rate_leader_v1","2026-09-21","2026-09-22 14:25:48 UTC"
210687,"823865",2026-05-19,27,3,"c3b0adc5-d658-3434-afb0-efe3d2a9e33e",3,"bottom",FALSE,"Miami Marlins","Atlanta Braves","Miami Marlins","Atlanta Braves","527048","Martín Pérez","L","666624","Christopher Morel","R",1,1,FALSE,TRUE,TRUE,"double","Double","double","In play, no out","Christopher Morel doubles (2) on a line drive to left fielder Mauricio Dubón. Otto Lopez to 3rd.","CH","Changeup",TRUE,FALSE,102,22,357,7,32.66,96.58,"line_drive",,0,3,2,3,2,3,TRUE,FALSE,FALSE,FALSE,FALSE,TRUE,FALSE,TRUE,TRUE,TRUE,FALSE,TRUE,FALSE,FALSE,"line_drive","pull",2,0,-1,3,2,3,2,1,1,0,FALSE,TRUE,TRUE,TRUE,FALSE,FALSE,1,6,FALSE,0.537709278673134,1.37825421133231,0.840544932659178,"sabrhood_empirical_re24_v1",1.1057328976649,52.5,TRUE,FALSE,"ahead","sabrhood_context_proxy_v1",0.633333333333333,60,"mlbam_hit_coordinates_pull_rate_leader_v1","2026-09-21","2026-09-22 14:25:48 UTC"
216918,"823866",2026-05-20,15,1,"33945583-3927-38e5-b1d2-b93247140fe3",2,"bottom",FALSE,"Miami Marlins","Atlanta Braves","Miami Marlins","Atlanta Braves","519242","Chris Sale","L","666624","Christopher Morel","R",1,2,FALSE,FALSE,FALSE,"field_out","Lineout","field_out","In play, out(s)","Christopher Morel lines out to left fielder Mike Yastrzemski.","SL","Slider",TRUE,FALSE,88.7,22,307,7,55.68,97.08,"line_drive",,0,1,3,1,3,1,FALSE,FALSE,FALSE,FALSE,FALSE,TRUE,TRUE,TRUE,FALSE,FALSE,FALSE,TRUE,FALSE,FALSE,"line_drive","pull",0,1,2,1,3,1,3,-2,-2,0,FALSE,FALSE,FALSE,FALSE,FALSE,FALSE,0,0,FALSE,0.266734994555121,0.104283807289349,-0.162451187265772,"sabrhood_empirical_re24_v1",0.703952901597982,41.3,TRUE,FALSE,"behind","sabrhood_context_proxy_v1",0.633333333333333,60,"mlbam_hit_coordinates_pull_rate_leader_v1","2026-09-21","2026-09-22 14:25:48 UTC"
216971,"823866",2026-05-20,30,2,"0f22fc4a-e94d-3282-b5ba-a9d6b10889fb",4,"bottom",FALSE,"Miami Marlins","Atlanta Braves","Miami Marlins","Atlanta Braves","519242","Chris Sale","L","666624","Christopher Morel","R",2,3,FALSE,FALSE,FALSE,"field_out","Groundout","field_out","In play, out(s)","Christopher Morel grounds out, shortstop Mauricio Dubón to first baseman Matt Olson.","FF","Four-Seam Fastball",TRUE,FALSE,107.2,-7,17,6,109.23,167.31,"ground_ball",,0,1,3,1,3,2,FALSE,FALSE,FALSE,FALSE,FALSE,TRUE,TRUE,TRUE,TRUE,FALSE,TRUE,FALSE,FALSE,FALSE,"ground_ball","pull",0,1,2,1,3,1,3,-2,-2,0,FALSE,FALSE,FALSE,TRUE,FALSE,FALSE,1,0,FALSE,0.234809703983975,0,-0.234809703983975,"sabrhood_empirical_re24_v1",0.824222035323802,45.2,TRUE,FALSE,"behind","sabrhood_context_proxy_v1",0.633333333333333,60,"mlbam_hit_coordinates_pull_rate_leader_v1","2026-09-21","2026-09-22 14:25:48 UTC"
217063,"823866",2026-05-20,54,4,"fdd53fb7-8791-3f86-83b2-162ef285b136",7,"bottom",FALSE,"Miami Marlins","Atlanta Braves","Miami Marlins","Atlanta Braves","519242","Chris Sale","L","666624","Christopher Morel","R",2,3,FALSE,FALSE,FALSE,"field_out","Groundout","field_out","In play, out(s)","Christopher Morel grounds out, third baseman Austin Riley to first baseman Matt Olson.","SL","Slider",TRUE,FALSE,75.5,9,110,5,85.38,150.34,"ground_ball",,0,1,8,1,8,4,FALSE,FALSE,FALSE,FALSE,FALSE,TRUE,TRUE,TRUE,FALSE,FALSE,TRUE,FALSE,FALSE,FALSE,"ground_ball","pull",0,1,7,1,8,1,8,-7,-7,0,FALSE,FALSE,FALSE,FALSE,FALSE,FALSE,0,0,FALSE,0.104283807289349,0,-0.104283807289349,"sabrhood_empirical_re24_v1",0.411562784473077,29.2,FALSE,FALSE,"large_deficit","sabrhood_context_proxy_v1",0.633333333333333,60,"mlbam_hit_coordinates_pull_rate_leader_v1","2026-09-21","2026-09-22 14:25:48 UTC"
220281,"823864",2026-05-21,72,1,"b90304b7-e6e8-303e-9d71-b0ffcfeb599f",9,"bottom",FALSE,"Miami Marlins","Atlanta Braves","Miami Marlins","Atlanta Braves","689266","Dylan Dodd","L","666624","Christopher Morel","R",2,2,TRUE,FALSE,FALSE,"single","Single","single","In play, no out","Christopher Morel singles on a ground ball to third baseman Austin Riley.","FC","Cutter",TRUE,FALSE,82,7,97,5,93.78,169.8,"ground_ball",,0,3,9,3,9,1,TRUE,FALSE,FALSE,FALSE,FALSE,TRUE,FALSE,TRUE,FALSE,FALSE,TRUE,FALSE,FALSE,FALSE,"ground_ball","pull",1,0,6,3,9,3,9,-6,-6,0,TRUE,FALSE,FALSE,FALSE,FALSE,FALSE,0,1,FALSE,0.104283807289349,0.234809703983975,0.130525896694626,"sabrhood_empirical_re24_v1",0.485346335466394,32.7,FALSE,FALSE,"large_deficit","sabrhood_context_proxy_v1",0.633333333333333,60,"mlbam_hit_coordinates_pull_rate_leader_v1","2026-09-21","2026-09-22 14:25:48 UTC"
231007,"823861",2026-05-24,19,6,"b9927d46-0f22-32f1-ba4d-0c80c9f7908b",3,"bottom",FALSE,"Miami Marlins","New York Mets","Miami Marlins","New York Mets","681035","Christian Scott","R","666624","Christopher Morel","R",0,1,FALSE,FALSE,FALSE,"field_out","Flyout","field_out","In play, out(s)","Christopher Morel flies out to left fielder Tyrone Taylor.","ST","Sweeper",TRUE,FALSE,71.8,31,258,7,85.87,104.29,"fly_ball",,0,0,0,0,0,6,FALSE,FALSE,FALSE,FALSE,FALSE,TRUE,TRUE,TRUE,FALSE,FALSE,FALSE,FALSE,TRUE,FALSE,"fly_ball","pull",0,1,0,0,0,0,0,0,0,0,FALSE,FALSE,FALSE,FALSE,FALSE,FALSE,0,0,FALSE,0.505932028363586,0.266734994555121,-0.239197033808465,"sabrhood_empirical_re24_v1",1.48061119245597,59.7,TRUE,FALSE,"tied","sabrhood_context_proxy_v1",0.633333333333333,60,"mlbam_hit_coordinates_pull_rate_leader_v1","2026-09-21","2026-09-22 14:25:48 UTC"
231141,"823861",2026-05-24,55,1,"a4113481-0ac8-337d-9169-f62bbe9d4643",7,"bottom",FALSE,"Miami Marlins","New York Mets","Miami Marlins","New York Mets","623211","Huascar Brazobán","R","666624","Christopher Morel","R",0,1,FALSE,FALSE,FALSE,"field_out","Flyout","field_out","In play, out(s)","Christopher Morel flies out to left fielder Tyrone Taylor.","SI","Sinker",TRUE,FALSE,99.6,52,284,7,54.06,109.96,"fly_ball",,0,0,0,0,0,1,FALSE,FALSE,FALSE,FALSE,FALSE,TRUE,TRUE,TRUE,TRUE,FALSE,FALSE,FALSE,TRUE,FALSE,"fly_ball","pull",0,1,0,0,0,0,0,0,0,0,FALSE,FALSE,FALSE,FALSE,FALSE,FALSE,0,0,FALSE,0.505932028363586,0.266734994555121,-0.239197033808465,"sabrhood_empirical_re24_v1",1.83954723911197,64.8,TRUE,TRUE,"tied","sabrhood_context_proxy_v1",0.633333333333333,60,"mlbam_hit_coordinates_pull_rate_leader_v1","2026-09-21","2026-09-22 14:25:48 UTC"
231201,"823861",2026-05-24,71,5,"406ebe32-1486-369d-a7a1-02b89193850e",9,"bottom",FALSE,"Miami Marlins","New York Mets","Miami Marlins","New York Mets","642207","Devin Williams","R","666624","Christopher Morel","R",0,0,FALSE,TRUE,FALSE,"double","Double","double","In play, no out","Christopher Morel doubles (3) on a line drive to left fielder Tyrone Taylor.","CH","Changeup",TRUE,FALSE,82.5,13,190,7,41.6,119.56,"line_drive",,0,0,0,0,0,5,TRUE,FALSE,FALSE,FALSE,FALSE,TRUE,FALSE,TRUE,FALSE,FALSE,FALSE,TRUE,FALSE,FALSE,"line_drive","pull",2,0,0,0,0,0,0,0,0,0,FALSE,TRUE,FALSE,FALSE,FALSE,FALSE,0,2,FALSE,0.505932028363586,1.17973406694177,0.673802038578183,"sabrhood_empirical_re24_v1",2.01901526243996,66.9,TRUE,TRUE,"tied","sabrhood_context_proxy_v1",0.633333333333333,60,"mlbam_hit_coordinates_pull_rate_leader_v1","2026-09-21","2026-09-22 14:25:48 UTC"
241914,"822809",2026-05-27,51,2,"549eeaf3-70d8-342d-809f-43b9bce5a326",7,"top",TRUE,"Miami Marlins","Toronto Blue Jays","Toronto Blue Jays","Miami Marlins","656546","Jeff Hoffman","R","666624","Christopher Morel","R",0,0,TRUE,FALSE,FALSE,"single","Single","single","In play, no out","Christopher Morel singles on a line drive to center fielder Daulton Varsho.","SL","Slider",TRUE,FALSE,79.5,25,280,8,102.31,89.88,"line_drive",,0,2,1,2,1,2,TRUE,FALSE,FALSE,FALSE,FALSE,TRUE,FALSE,TRUE,FALSE,FALSE,FALSE,TRUE,FALSE,FALSE,"line_drive","middle",1,0,1,1,2,1,2,-1,-1,0,TRUE,FALSE,FALSE,FALSE,FALSE,FALSE,0,1,FALSE,0.505932028363586,0.899980483996877,0.394048455633291,"sabrhood_empirical_re24_v1",1.32799637911472,57,TRUE,FALSE,"behind","sabrhood_context_proxy_v1",0.633333333333333,60,"mlbam_hit_coordinates_pull_rate_leader_v1","2026-09-21","2026-09-22 14:25:48 UTC"
268200,"822727",2026-06-03,25,3,"8737896a-9d95-3f4d-bdf2-af310404f992",4,"top",TRUE,"Miami Marlins","Washington Nationals","Washington Nationals","Miami Marlins","674841","Andrew Alvarez","L","666624","Christopher Morel","R",2,2,TRUE,FALSE,FALSE,"single","Single","single","In play, no out","Christopher Morel singles on a sharp line drive to center fielder Jacob Young.","FF","Four-Seam Fastball",TRUE,FALSE,107.7,9,160,8,113.3,138.87,"line_drive",,0,1,1,1,1,3,TRUE,FALSE,FALSE,FALSE,FALSE,TRUE,FALSE,TRUE,TRUE,FALSE,FALSE,TRUE,FALSE,FALSE,"line_drive","middle",1,0,0,1,1,1,1,0,0,0,TRUE,FALSE,FALSE,FALSE,FALSE,FALSE,0,1,FALSE,0.104283807289349,0.234809703983975,0.130525896694626,"sabrhood_empirical_re24_v1",1.35374586562067,57.5,TRUE,FALSE,"tied","sabrhood_context_proxy_v1",0.633333333333333,60,"mlbam_hit_coordinates_pull_rate_leader_v1","2026-09-21","2026-09-22 14:25:48 UTC"
297628,"823856",2026-06-10,14,1,"a5783d0c-75ce-39af-a721-6e2a66116b89",2,"bottom",FALSE,"Miami Marlins","Arizona Diamondbacks","Miami Marlins","Arizona Diamondbacks","669194","Ryne Nelson","R","666624","Christopher Morel","R",2,3,FALSE,FALSE,FALSE,"force_out","Forceout","force_out","In play, out(s)","Christopher Morel grounds into a force out, shortstop Geraldo Perdomo to second baseman Ketel Marte. Xavier Edwards out at 2nd.","CU","Curveball",TRUE,FALSE,98.2,4,80,6,117.38,151.04,"ground_ball",,0,0,0,0,0,1,FALSE,FALSE,FALSE,FALSE,FALSE,TRUE,TRUE,TRUE,TRUE,FALSE,TRUE,FALSE,FALSE,FALSE,"ground_ball","pull",0,1,0,0,0,0,0,0,0,0,FALSE,FALSE,FALSE,TRUE,FALSE,FALSE,1,0,FALSE,0.234809703983975,0,-0.234809703983975,"sabrhood_empirical_re24_v1",1.3429158986957,57.3,TRUE,FALSE,"tied","sabrhood_context_proxy_v1",0.633333333333333,60,"mlbam_hit_coordinates_pull_rate_leader_v1","2026-09-21","2026-09-22 14:25:48 UTC"
297721,"823856",2026-06-10,43,1,"3095d436-22d0-3ebf-a126-c9ad2e92227a",5,"bottom",FALSE,"Miami Marlins","Arizona Diamondbacks","Miami Marlins","Arizona Diamondbacks","642528","Jonathan Loáisiga","R","666624","Christopher Morel","R",0,1,FALSE,TRUE,TRUE,"field_out","Groundout","field_out","In play, out(s)","Christopher Morel grounds out, pitcher Jonathan Loáisiga to first baseman Ildemaro Vargas.","SI","Sinker",TRUE,FALSE,63.8,-65,2,1,118.85,194.07,"ground_ball",,0,7,0,7,0,1,FALSE,FALSE,FALSE,FALSE,FALSE,TRUE,TRUE,TRUE,FALSE,FALSE,TRUE,FALSE,FALSE,FALSE,"ground_ball",,0,1,-7,7,0,7,0,7,7,0,FALSE,TRUE,TRUE,FALSE,TRUE,TRUE,6,6,TRUE,1.99180327868852,1.37825421133231,-0.613549067356212,"sabrhood_empirical_re24_v1",0.519974444773303,34.2,FALSE,FALSE,"comfortable_lead","sabrhood_context_proxy_v1",0.633333333333333,60,"mlbam_hit_coordinates_pull_rate_leader_v1","2026-09-21","2026-09-22 14:25:48 UTC"
297780,"823856",2026-06-10,61,5,"4fa67336-6b8a-3129-aa54-a3525140b6c2",7,"bottom",FALSE,"Miami Marlins","Arizona Diamondbacks","Miami Marlins","Arizona Diamondbacks","686753","Drey Jameson","R","666624","Christopher Morel","R",1,2,TRUE,FALSE,TRUE,"field_out","Flyout","field_out","In play, out(s)","Christopher Morel flies out to left fielder Tommy Troy. Leo Jiménez to 3rd.","ST","Sweeper",TRUE,FALSE,94.7,37,357,7,79.66,62.94,"fly_ball",,0,8,0,8,0,5,FALSE,FALSE,FALSE,FALSE,FALSE,TRUE,TRUE,TRUE,FALSE,FALSE,FALSE,FALSE,TRUE,FALSE,"fly_ball","pull",0,1,-8,8,0,8,0,8,8,0,TRUE,FALSE,TRUE,TRUE,TRUE,FALSE,3,5,TRUE,0.919091710758377,0.525521207764198,-0.393570502994179,"sabrhood_empirical_re24_v1",0.517329062624717,34.1,FALSE,FALSE,"comfortable_lead","sabrhood_context_proxy_v1",0.633333333333333,60,"mlbam_hit_coordinates_pull_rate_leader_v1","2026-09-21","2026-09-22 14:25:48 UTC"
554543,"823586",2026-08-18,31,2,"81507cfa-ad05-3386-b0c2-bf5b7edd90ef",4,"bottom",FALSE,"New York Mets","San Diego Padres","New York Mets","San Diego Padres","592662","Robbie Ray","L","666624","Christopher Morel","R",0,1,FALSE,FALSE,FALSE,"field_out","Flyout","field_out","In play, out(s)","Christopher Morel flies out to right fielder Fernando Tatis Jr.","FF","Four-Seam Fastball",TRUE,FALSE,81.3,51,240,9,152.62,107.82,"fly_ball",,0,0,1,0,1,2,FALSE,FALSE,FALSE,FALSE,FALSE,TRUE,TRUE,TRUE,FALSE,FALSE,FALSE,FALSE,TRUE,FALSE,"fly_ball","opposite",0,1,1,0,1,0,1,-1,-1,0,FALSE,FALSE,FALSE,FALSE,FALSE,FALSE,0,0,FALSE,0.505932028363586,0.266734994555121,-0.239197033808465,"sabrhood_empirical_re24_v1",1.13365544558573,53.1,TRUE,FALSE,"behind","sabrhood_context_proxy_v1",0.633333333333333,60,"mlbam_hit_coordinates_pull_rate_leader_v1","2026-09-21","2026-09-22 14:25:48 UTC"
554634,"823586",2026-08-18,50,4,"f1a27961-ab09-336b-ab8d-d701afe45529",6,"bottom",FALSE,"New York Mets","San Diego Padres","New York Mets","San Diego Padres","592662","Robbie Ray","L","666624","Christopher Morel","R",2,3,FALSE,FALSE,FALSE,"field_out","Flyout","field_out","In play, out(s)","Christopher Morel flies out sharply to center fielder Jackson Merrill.","CH","Changeup",TRUE,FALSE,100.3,52,293,8,108.41,83.31,"fly_ball",,0,1,3,1,3,4,FALSE,FALSE,FALSE,FALSE,FALSE,TRUE,TRUE,TRUE,TRUE,FALSE,FALSE,FALSE,TRUE,FALSE,"fly_ball","middle",0,1,2,1,3,1,3,-2,-2,0,FALSE,FALSE,FALSE,FALSE,FALSE,FALSE,0,0,FALSE,0.104283807289349,0,-0.104283807289349,"sabrhood_empirical_re24_v1",0.820016820857864,45.1,TRUE,FALSE,"behind","sabrhood_context_proxy_v1",0.633333333333333,60,"mlbam_hit_coordinates_pull_rate_leader_v1","2026-09-21","2026-09-22 14:25:48 UTC"
554707,"823586",2026-08-18,68,3,"f69be82f-2bc7-33a6-8d79-70183a3e8943",8,"bottom",FALSE,"New York Mets","San Diego Padres","New York Mets","San Diego Padres","670970","Adrian Morejon","L","666624","Christopher Morel","R",2,2,TRUE,FALSE,FALSE,"single","Single","single","In play, no out","Christopher Morel singles on a ground ball to third baseman Manny Machado.","SI","Sinker",TRUE,FALSE,94.1,-4,35,5,95.05,171.45,"ground_ball",,0,2,4,2,4,3,TRUE,FALSE,FALSE,FALSE,FALSE,TRUE,FALSE,TRUE,FALSE,FALSE,TRUE,FALSE,FALSE,FALSE,"ground_ball","pull",1,0,2,2,4,2,4,-2,-2,0,TRUE,FALSE,FALSE,FALSE,FALSE,FALSE,0,1,FALSE,0.104283807289349,0.234809703983975,0.130525896694626,"sabrhood_empirical_re24_v1",0.904121110176619,47.5,TRUE,FALSE,"behind","sabrhood_context_proxy_v1",0.633333333333333,60,"mlbam_hit_coordinates_pull_rate_leader_v1","2026-09-21","2026-09-22 14:25:48 UTC"
582294,"823585",2026-08-25,60,5,"4a72da23-c894-3afb-8ac7-30dad37695b8",8,"bottom",FALSE,"New York Mets","Milwaukee Brewers","New York Mets","Milwaukee Brewers","676879","Aaron Ashby","L","666624","Christopher Morel","R",0,1,FALSE,FALSE,FALSE,"field_out","Groundout","field_out","In play, out(s)","Christopher Morel grounds out, shortstop Joey Ortiz to first baseman Andrew Vaughn.","SI","Sinker",TRUE,FALSE,114.6,-5,26,6,107.72,151.68,"ground_ball",,0,2,1,2,1,5,FALSE,FALSE,FALSE,FALSE,FALSE,TRUE,TRUE,TRUE,TRUE,FALSE,TRUE,FALSE,FALSE,FALSE,"ground_ball","pull",0,1,-1,2,1,2,1,1,1,0,FALSE,FALSE,FALSE,FALSE,FALSE,FALSE,0,0,FALSE,0.505932028363586,0.266734994555121,-0.239197033808465,"sabrhood_empirical_re24_v1",1.39277669029104,58.2,TRUE,FALSE,"ahead","sabrhood_context_proxy_v1",0.633333333333333,60,"mlbam_hit_coordinates_pull_rate_leader_v1","2026-09-21","2026-09-22 14:25:48 UTC"
582366,"823585",2026-08-25,81,3,"7cbc9b02-f966-3e6c-b8cd-889b151f1bcd",10,"bottom",FALSE,"New York Mets","Milwaukee Brewers","New York Mets","Milwaukee Brewers","656730","Trevor Megill","R","666624","Christopher Morel","R",1,1,TRUE,TRUE,TRUE,"fielders_choice","Fielders Choice","fielders_choice","In play, run(s)","Christopher Morel reaches on a fielder's choice. Francisco Lindor scores. Carson Benge to 3rd. Luis Robert Jr. to 2nd. Throwing error by third baseman David Hamilton.","FF","Four-Seam Fastball",TRUE,FALSE,72.9,-9,14,5,108.23,169.42,"ground_ball",,0,2,2,3,2,3,FALSE,FALSE,FALSE,FALSE,FALSE,TRUE,FALSE,TRUE,FALSE,FALSE,TRUE,FALSE,FALSE,FALSE,"ground_ball","pull",0,0,-1,2,2,3,2,0,1,1,TRUE,TRUE,TRUE,TRUE,TRUE,TRUE,7,7,TRUE,1.63971031985516,1.63971031985516,1,"sabrhood_empirical_re24_v1",2.5063637740634,71.5,TRUE,TRUE,"tied","sabrhood_context_proxy_v1",0.633333333333333,60,"mlbam_hit_coordinates_pull_rate_leader_v1","2026-09-21","2026-09-22 14:25:48 UTC"
588083,"823584",2026-08-26,67,4,"7ead5f77-5a5d-38d2-aafd-de37bc7f6093",7,"bottom",FALSE,"New York Mets","Milwaukee Brewers","New York Mets","Milwaukee Brewers","681982","Grant Anderson","R","666624","Christopher Morel","R",2,3,FALSE,FALSE,FALSE,"field_out","Groundout","field_out","In play, out(s)","Christopher Morel grounds out, third baseman David Hamilton to first baseman Andrew Vaughn.","ST","Sweeper",TRUE,FALSE,65.9,-26,5,5,99,170,"ground_ball",,0,1,8,1,8,4,FALSE,FALSE,FALSE,FALSE,FALSE,TRUE,TRUE,TRUE,FALSE,FALSE,TRUE,FALSE,FALSE,FALSE,"ground_ball","pull",0,1,7,1,8,1,8,-7,-7,0,FALSE,FALSE,FALSE,FALSE,FALSE,FALSE,0,0,FALSE,0.104283807289349,0,-0.104283807289349,"sabrhood_empirical_re24_v1",0.411562784473077,29.2,FALSE,FALSE,"large_deficit","sabrhood_context_proxy_v1",0.633333333333333,60,"mlbam_hit_coordinates_pull_rate_leader_v1","2026-09-21","2026-09-22 14:25:48 UTC"
590755,"823581",2026-08-27,39,4,"c066bd04-7af1-32cb-8174-ced13e0c2b20",5,"bottom",FALSE,"New York Mets","Milwaukee Brewers","New York Mets","Milwaukee Brewers","694819","Jacob Misiorowski","R","666624","Christopher Morel","R",2,2,TRUE,FALSE,FALSE,"single","Single","single","In play, run(s)","Brewers challenged (tag play), call on the field was upheld: Christopher Morel singles on a line drive to left fielder Jackson Chourio. Jared Young scores.","FC","Cutter",TRUE,FALSE,95.9,13,218,7,96.24,96.35,"line_drive",,1,1,5,2,5,4,TRUE,FALSE,FALSE,FALSE,FALSE,TRUE,FALSE,TRUE,TRUE,FALSE,FALSE,TRUE,FALSE,FALSE,"line_drive","pull",1,0,3,1,5,2,5,-4,-3,1,TRUE,FALSE,FALSE,FALSE,TRUE,FALSE,2,1,TRUE,0.319049401197605,0.234809703983975,0.91576030278637,"sabrhood_empirical_re24_v1",0.570585766825166,36.3,FALSE,FALSE,"large_deficit","sabrhood_context_proxy_v1",0.633333333333333,60,"mlbam_hit_coordinates_pull_rate_leader_v1","2026-09-21","2026-09-22 14:25:48 UTC"
590834,"823581",2026-08-27,58,6,"e384efec-91e8-3b21-bf87-98a461dbd623",7,"bottom",FALSE,"New York Mets","Milwaukee Brewers","New York Mets","Milwaukee Brewers","622608","Antonio Senzatela","R","666624","Christopher Morel","R",2,3,FALSE,FALSE,FALSE,"field_out","Pop Out","field_out","In play, out(s)","Christopher Morel pops out to second baseman David Hamilton.","SI","Sinker",TRUE,FALSE,56.5,53,136,4,147.53,154.63,"popup",,0,2,6,2,6,6,FALSE,FALSE,FALSE,FALSE,FALSE,TRUE,TRUE,TRUE,FALSE,FALSE,FALSE,FALSE,FALSE,TRUE,"popup","opposite",0,1,4,2,6,2,6,-4,-4,0,FALSE,FALSE,FALSE,TRUE,TRUE,FALSE,3,0,TRUE,0.458498023715415,0,-0.458498023715415,"sabrhood_empirical_re24_v1",0.700014005438983,41.2,FALSE,FALSE,"large_deficit","sabrhood_context_proxy_v1",0.633333333333333,60,"mlbam_hit_coordinates_pull_rate_leader_v1","2026-09-21","2026-09-22 14:25:48 UTC"
604022,"823580",2026-08-30,71,2,"84acd1e5-5732-345a-93d7-dc11980cff3b",9,"bottom",FALSE,"New York Mets","Houston Astros","New York Mets","Houston Astros","623352","Josh Hader","L","666624","Christopher Morel","R",0,1,FALSE,FALSE,FALSE,"field_out","Pop Out","field_out","In play, out(s)","Christopher Morel pops out to catcher Yainer Diaz in foul territory.","SI","Sinker",TRUE,FALSE,83.2,85,33,2,141.17,214.01,"popup",,0,3,6,3,6,2,FALSE,FALSE,FALSE,FALSE,FALSE,TRUE,TRUE,TRUE,FALSE,FALSE,FALSE,FALSE,FALSE,TRUE,"popup",,0,1,3,3,6,3,6,-3,-3,0,FALSE,FALSE,FALSE,FALSE,FALSE,FALSE,0,0,FALSE,0.505932028363586,0.266734994555121,-0.239197033808465,"sabrhood_empirical_re24_v1",0.866738583917131,46.4,FALSE,FALSE,"behind","sabrhood_context_proxy_v1",0.633333333333333,60,"mlbam_hit_coordinates_pull_rate_leader_v1","2026-09-21","2026-09-22 14:25:48 UTC"
605594,"822932",2026-08-31,28,3,"b7a3fe1b-c2e5-374c-97d4-c9b8e40c9fbc",5,"top",TRUE,"New York Mets","Tampa Bay Rays","Tampa Bay Rays","New York Mets","693855","Ian Seymour","L","666624","Christopher Morel","R",0,1,FALSE,FALSE,FALSE,"field_out","Lineout","field_out","In play, out(s)","Christopher Morel lines out to left fielder Chandler Simpson.","SL","Slider",TRUE,FALSE,85.6,26,330,7,59.11,84.15,"line_drive",,0,0,1,0,1,3,FALSE,FALSE,FALSE,FALSE,FALSE,TRUE,TRUE,TRUE,FALSE,FALSE,FALSE,TRUE,FALSE,FALSE,"line_drive","pull",0,1,-1,1,0,1,0,1,1,0,FALSE,FALSE,FALSE,FALSE,FALSE,FALSE,0,0,FALSE,0.505932028363586,0.266734994555121,-0.239197033808465,"sabrhood_empirical_re24_v1",1.19843575676206,54.5,TRUE,FALSE,"ahead","sabrhood_context_proxy_v1",0.633333333333333,60,"mlbam_hit_coordinates_pull_rate_leader_v1","2026-09-21","2026-09-22 14:25:48 UTC"
605657,"822932",2026-08-31,46,3,"c9b3c7fc-5477-36e4-b19d-56fbcd24e81f",7,"top",TRUE,"New York Mets","Tampa Bay Rays","Tampa Bay Rays","New York Mets","693855","Ian Seymour","L","666624","Christopher Morel","R",1,1,TRUE,FALSE,FALSE,"single","Single","single","In play, no out","Christopher Morel singles on a ground ball to third baseman Junior Caminero, deflected by shortstop Taylor Walls.","CH","Changeup",TRUE,FALSE,63.4,-42,4,6,112.04,169.96,"ground_ball",,0,0,2,0,2,3,TRUE,FALSE,FALSE,FALSE,FALSE,TRUE,FALSE,TRUE,FALSE,FALSE,TRUE,FALSE,FALSE,FALSE,"ground_ball","pull",1,0,-2,2,0,2,0,2,2,0,TRUE,FALSE,FALSE,FALSE,FALSE,FALSE,0,1,FALSE,0.266734994555121,0.537709278673134,0.270974284118013,"sabrhood_empirical_re24_v1",0.931034482758621,48.2,TRUE,FALSE,"ahead","sabrhood_context_proxy_v1",0.633333333333333,60,"mlbam_hit_coordinates_pull_rate_leader_v1","2026-09-21","2026-09-22 14:25:48 UTC"
622233,"823579",2026-09-04,29,2,"6e8d60ff-31cc-3739-9491-e579ca6ace6c",3,"bottom",FALSE,"New York Mets","San Francisco Giants","New York Mets","San Francisco Giants","683363","Matt Wilkinson","L","666624","Christopher Morel","R",1,2,TRUE,FALSE,FALSE,"field_out","Pop Out","field_out","In play, out(s)","Christopher Morel pops out to third baseman Osleivis Basabe in foul territory.","FF","Four-Seam Fastball",TRUE,FALSE,91.5,74,52,5,106.2,196.28,"popup",,0,7,2,7,2,2,FALSE,FALSE,FALSE,FALSE,FALSE,TRUE,TRUE,TRUE,FALSE,FALSE,FALSE,FALSE,FALSE,TRUE,"popup","pull",0,1,-5,7,2,7,2,5,5,0,TRUE,FALSE,FALSE,TRUE,FALSE,FALSE,1,1,FALSE,0.537709278673134,0.234809703983975,-0.302899574689159,"sabrhood_empirical_re24_v1",0.473262384899754,32.1,FALSE,FALSE,"comfortable_lead","sabrhood_context_proxy_v1",0.633333333333333,60,"mlbam_hit_coordinates_pull_rate_leader_v1","2026-09-21","2026-09-22 14:25:48 UTC"
643502,"823818",2026-09-09,24,2,"7278a3b7-b2b0-3d34-8d21-cff6a89a5741",3,"top",TRUE,"New York Mets","Miami Marlins","Miami Marlins","New York Mets","676083","Janson Junk","R","666624","Christopher Morel","R",1,1,FALSE,FALSE,FALSE,"home_run","Home Run","home_run","In play, run(s)","Christopher Morel homers (1) on a fly ball to left field. A.J. Ewing scores.","SL","Slider",TRUE,FALSE,103.4,27,405,7,28.62,66.07,"fly_ball",,2,0,6,0,8,2,TRUE,TRUE,FALSE,FALSE,FALSE,TRUE,FALSE,TRUE,TRUE,TRUE,FALSE,FALSE,TRUE,FALSE,"fly_ball","pull",4,0,-8,6,0,8,0,6,8,2,FALSE,FALSE,FALSE,TRUE,FALSE,FALSE,1,0,FALSE,0.537709278673134,0.266734994555121,1.72902571588199,"sabrhood_empirical_re24_v1",0.427104775210427,29.9,FALSE,FALSE,"comfortable_lead","sabrhood_context_proxy_v1",0.633333333333333,60,"mlbam_hit_coordinates_pull_rate_leader_v1","2026-09-21","2026-09-22 14:25:48 UTC"
643600,"823818",2026-09-09,49,6,"45f8563c-e3d7-3a69-9131-e69116c1762d",6,"top",TRUE,"New York Mets","Miami Marlins","Miami Marlins","New York Mets","676534","Calvin Faucher","R","666624","Christopher Morel","R",0,0,FALSE,TRUE,FALSE,"double","Double","double","In play, no out","Christopher Morel doubles (4) on a ground ball to left fielder Heriberto Hernández.","ST","Sweeper",TRUE,FALSE,85,-4,19,7,47.43,131.84,"ground_ball",,0,3,8,3,8,6,TRUE,FALSE,FALSE,FALSE,FALSE,TRUE,FALSE,TRUE,FALSE,FALSE,TRUE,FALSE,FALSE,FALSE,"ground_ball","pull",2,0,-5,8,3,8,3,5,5,0,FALSE,TRUE,FALSE,FALSE,FALSE,FALSE,0,2,FALSE,0.505932028363586,1.17973406694177,0.673802038578183,"sabrhood_empirical_re24_v1",0.540666421536991,35.1,FALSE,FALSE,"comfortable_lead","sabrhood_context_proxy_v1",0.633333333333333,60,"mlbam_hit_coordinates_pull_rate_leader_v1","2026-09-21","2026-09-22 14:25:48 UTC"
643683,"823818",2026-09-09,68,7,"4c645bb9-3672-3d70-8a61-ad9946e9e0eb",7,"top",TRUE,"New York Mets","Miami Marlins","Miami Marlins","New York Mets","676604","Tyler Zuber","R","666624","Christopher Morel","R",1,1,TRUE,TRUE,FALSE,"single","Single","single","In play, run(s)","Christopher Morel singles on a ground ball to center fielder Jakob Marsee. Jared Young scores. Marcus Semien to 2nd.","SL","Slider",TRUE,FALSE,92.2,-4,18,8,126.46,93.55,"ground_ball",,1,8,9,8,10,7,TRUE,FALSE,FALSE,FALSE,FALSE,TRUE,FALSE,TRUE,FALSE,FALSE,TRUE,FALSE,FALSE,FALSE,"ground_ball","middle",1,0,-2,9,8,10,8,1,2,1,TRUE,TRUE,FALSE,TRUE,FALSE,TRUE,5,3,TRUE,1.18872802481903,0.919091710758377,0.730363685939349,"sabrhood_empirical_re24_v1",1.51116829347537,60.2,TRUE,TRUE,"ahead","sabrhood_context_proxy_v1",0.633333333333333,60,"mlbam_hit_coordinates_pull_rate_leader_v1","2026-09-21","2026-09-22 14:25:48 UTC"
648041,"823498",2026-09-11,12,4,"e10f90eb-6956-3781-af41-7acf2afb5d67",2,"top",TRUE,"New York Mets","New York Yankees","New York Yankees","New York Mets","607074","Carlos Rodón","L","666624","Christopher Morel","R",1,2,FALSE,TRUE,FALSE,"field_out","Groundout","field_out","In play, run(s)","Christopher Morel grounds out, shortstop George Lombard Jr. to first baseman Luis García Jr. Mark Vientos scores.","FF","Four-Seam Fastball",TRUE,FALSE,99.6,-16,14,6,102.81,156.93,"ground_ball",,1,1,0,1,1,4,FALSE,FALSE,FALSE,FALSE,FALSE,TRUE,TRUE,TRUE,TRUE,FALSE,TRUE,FALSE,FALSE,FALSE,"ground_ball","pull",0,1,0,0,1,1,1,-1,0,1,FALSE,TRUE,FALSE,FALSE,TRUE,TRUE,6,2,TRUE,1.37825421133231,0.319049401197605,-0.0592048101347076,"sabrhood_empirical_re24_v1",1.1425906609204,53.3,TRUE,FALSE,"behind","sabrhood_context_proxy_v1",0.633333333333333,60,"mlbam_hit_coordinates_pull_rate_leader_v1","2026-09-21","2026-09-22 14:25:48 UTC"
665280,"823574",2026-09-15,46,2,"54673a7e-278c-3576-b06f-4f4d4b8238b6",6,"bottom",FALSE,"New York Mets","Baltimore Orioles","New York Mets","Baltimore Orioles","801725","Luis De León","L","666624","Christopher Morel","R",0,1,FALSE,FALSE,FALSE,"field_out","Groundout","field_out","In play, out(s)","Christopher Morel grounds out, shortstop Gunnar Henderson to first baseman Pete Alonso.","SI","Sinker",TRUE,FALSE,102.8,-2,45,6,105.95,141.51,"ground_ball",,0,3,2,3,2,2,FALSE,FALSE,FALSE,FALSE,FALSE,TRUE,TRUE,TRUE,TRUE,FALSE,TRUE,FALSE,FALSE,FALSE,"ground_ball","pull",0,1,-1,3,2,3,2,1,1,0,FALSE,FALSE,FALSE,FALSE,FALSE,FALSE,0,0,FALSE,0.505932028363586,0.266734994555121,-0.239197033808465,"sabrhood_empirical_re24_v1",1.26321606793839,55.8,TRUE,FALSE,"ahead","sabrhood_context_proxy_v1",0.633333333333333,60,"mlbam_hit_coordinates_pull_rate_leader_v1","2026-09-21","2026-09-22 14:25:48 UTC"
665338,"823574",2026-09-15,61,2,"902e5ec6-6d63-3636-9e41-406bbf1a0ea7",8,"bottom",FALSE,"New York Mets","Baltimore Orioles","New York Mets","Baltimore Orioles","689296","Anthony Nunez","R","666624","Christopher Morel","R",2,3,FALSE,FALSE,FALSE,"field_out","Groundout","field_out","In play, out(s)","Christopher Morel grounds out, shortstop Gunnar Henderson to first baseman Pete Alonso.","FF","Four-Seam Fastball",TRUE,FALSE,97.4,-12,14,6,113.3,155.74,"ground_ball",,0,3,2,3,2,2,FALSE,FALSE,FALSE,FALSE,FALSE,TRUE,TRUE,TRUE,TRUE,FALSE,TRUE,FALSE,FALSE,FALSE,"ground_ball","pull",0,1,-1,3,2,3,2,1,1,0,FALSE,FALSE,FALSE,FALSE,TRUE,FALSE,2,0,TRUE,0.319049401197605,0,-0.319049401197605,"sabrhood_empirical_re24_v1",1.34474990786721,57.4,TRUE,FALSE,"ahead","sabrhood_context_proxy_v1",0.633333333333333,60,"mlbam_hit_coordinates_pull_rate_leader_v1","2026-09-21","2026-09-22 14:25:48 UTC"
665385,"823574",2026-09-15,78,4,"e01ca6a9-17d6-380e-af56-4caaa3560a25",10,"bottom",FALSE,"New York Mets","Baltimore Orioles","New York Mets","Baltimore Orioles","695380","Alex Hoppe","R","666624","Christopher Morel","R",1,2,TRUE,FALSE,TRUE,"force_out","Forceout","force_out","In play, out(s)","Christopher Morel grounds into a force out, shortstop Gunnar Henderson to second baseman Jeremiah Jackson. Marcus Semien to 3rd. A.J. Ewing out at 2nd. Christopher Morel to 1st.","SI","Sinker",TRUE,FALSE,84.1,-28,5,6,114.31,150.16,"ground_ball",,0,4,4,4,4,4,FALSE,FALSE,FALSE,FALSE,FALSE,TRUE,TRUE,TRUE,FALSE,FALSE,TRUE,FALSE,FALSE,FALSE,"ground_ball","pull",0,1,0,4,4,4,4,0,0,0,TRUE,FALSE,TRUE,FALSE,TRUE,FALSE,2,5,TRUE,0.675359493053863,0.525521207764198,-0.149838285289665,"sabrhood_empirical_re24_v1",2.08863647838617,67.6,TRUE,TRUE,"tied","sabrhood_context_proxy_v1",0.633333333333333,60,"mlbam_hit_coordinates_pull_rate_leader_v1","2026-09-21","2026-09-22 14:25:48 UTC"
684318,"823570",2026-09-20,77,2,"db6dc414-1454-37ee-b387-05282d8fe18b",9,"bottom",FALSE,"New York Mets","Philadelphia Phillies","New York Mets","Philadelphia Phillies","621237","José Alvarado","L","666624","Christopher Morel","R",1,2,FALSE,TRUE,FALSE,"field_out","Groundout","field_out","In play, out(s)","Christopher Morel grounds out to first baseman Alec Bohm. A.J. Ewing to 2nd.","FC","Cutter",TRUE,FALSE,54.3,-16,8,3,149.11,172.55,"ground_ball",,0,2,7,2,7,2,FALSE,FALSE,FALSE,FALSE,FALSE,TRUE,TRUE,TRUE,FALSE,FALSE,TRUE,FALSE,FALSE,FALSE,"ground_ball","opposite",0,1,5,2,7,2,7,-5,-5,0,FALSE,TRUE,FALSE,TRUE,FALSE,FALSE,1,2,FALSE,0.537709278673134,0.319049401197605,-0.218659877475529,"sabrhood_empirical_re24_v1",0.645357797590573,39.2,FALSE,FALSE,"large_deficit","sabrhood_context_proxy_v1",0.633333333333333,60,"mlbam_hit_coordinates_pull_rate_leader_v1","2026-09-21","2026-09-22 14:25:48 UTC"
