Name,Team,PA,O-Swing% (mlb),Z-Swing% (mlb),Swing% (sc),O-Contact% (mlb),Z-Contact% (mlb),Contact% (sc),Zone% (mlb),Pace,BatSpd,BlastSw%,NameASCII,PlayerId,MLBAMID
"Oneil Cruz","PIT",544,0.28132579,0.58216433,0.41565996,0.50287356,0.78313253,0.67814855,0.44653244,18.45568114,78.78915800733496,0.16748166,"Oneil Cruz",21711,665833
"Junior Caminero","TBR",653,0.32154088,0.69476268,0.50441059,0.63325183,0.83274441,0.76788553,0.48997594,18.59606987,78.53918434633027,0.17247706,"Junior Caminero",28163,691406
"Jordan Walker","STL",396,0.3410475,0.66944444,0.4944841,0.425,0.80497925,0.66535433,0.46722907,18.20508326,78.06925906523324,0.13556851,"Jordan Walker",27475,691023
"Jo Adell","LAA",573,0.32642487,0.74269557,0.52546192,0.5,0.84898477,0.73584906,0.47814331,19.18376068,77.61388687015504,0.14437984,"Jo Adell",20220,666176
"Kyle Schwarber","PHI",724,0.215,0.6408499,0.41811049,0.44476744,0.78181818,0.69116497,0.47695325,19.06475129,77.3376971954426,0.17440841,"Kyle Schwarber",16478,656941
"Nick Kurtz","ATH",489,0.22233607,0.6390593,0.43091095,0.44239631,0.7488,0.66983373,0.50051177,17.86466165,77.21119399794802,0.14774282,"Nick Kurtz",35110,701762
"Aaron Judge","NYY",679,0.22519913,0.6704,0.43671608,0.39549839,0.78042959,0.67624021,0.47510452,19.01612091,76.99219519704434,0.16945813,"Aaron Judge",15640,592450
"Vladimir Guerrero Jr.","TOR",680,0.21445979,0.62313139,0.42206235,0.64015152,0.85479798,0.80113636,0.50799361,18.82699725,76.66446703074433,0.2038835,"Vladimir Guerrero Jr.",19611,665489
"Matt Wallner","MIN",392,0.28385417,0.72045743,0.50482315,0.46330275,0.74603175,0.66751592,0.50610932,18.10879025,76.56715593434343,0.10966811,"Matt Wallner",26466,670242
"Julio Rodríguez","SEA",710,0.3592387,0.751417,0.55328526,0.55408389,0.82112069,0.73352643,0.49479167,19.04941044,76.43733240511551,0.14438944,"Julio Rodriguez",23697,677594
"Ronald Acuña Jr.","ATL",412,0.23165138,0.69275029,0.46180356,0.60891089,0.76744186,0.72761194,0.49913843,18.66013564,76.41426692892503,0.14144272,"Ronald Acuna Jr.",18401,660670
"James Wood","WSN",689,0.24263675,0.5578371,0.40214756,0.45086705,0.79018405,0.68906115,0.50606166,17.80620155,76.04559948979592,0.15937804,"James Wood",29518,695578
"Willson Contreras","STL",563,0.30131827,0.66120219,0.48425926,0.50625,0.83746556,0.73613767,0.50833333,18.96035242,75.99322522948164,0.13174946,"Willson Contreras",11609,575929
"Christopher Morel","TBR",305,0.31096563,0.78031634,0.53728814,0.41578947,0.72972973,0.63564669,0.48220339,19.15898618,75.96274581826401,0.10488246,"Christopher Morel",21897,666624
"Addison Barger","TOR",502,0.31052632,0.66268657,0.4915601,0.57966102,0.84534535,0.76378772,0.5140665,18.42570836,75.92801991959064,0.15438596,"Addison Barger",24598,680718
"Austin Riley","ATL",447,0.27719298,0.72222222,0.50977108,0.51054852,0.80029586,0.72508215,0.52261307,18.68208955,75.8871044921875,0.13875,"Austin Riley",18360,663586
"Jesús Sánchez","- - -",497,0.30516899,0.69139785,0.49070248,0.57003257,0.83825816,0.75157895,0.4803719,19.41422594,75.85115816056296,0.14043584,"Jesus Sanchez",19913,660821
"Shohei Ohtani","LAD",727,0.26029216,0.66077999,0.45026178,0.49234694,0.76837416,0.68449612,0.47434555,18.15058275,75.84886994125327,0.17841601,"Shohei Ohtani",19755,660271
"Luis Robert Jr.","CHW",431,0.3245614,0.7630854,0.53346457,0.5019305,0.79963899,0.70479705,0.47637795,18.54113346,75.61304352524205,0.1175657,"Luis Robert Jr.",20043,673357
"Riley Greene","DET",655,0.31222057,0.73607038,0.52586844,0.54653938,0.79482072,0.72171469,0.50406504,18.57701711,75.6062313247012,0.10438247,"Riley Greene",25976,682985
"Gunnar Henderson","BAL",651,0.27627389,0.67361668,0.47423092,0.55619597,0.85595238,0.7683235,0.49820216,18.5161987,75.34072366870876,0.15739868,"Gunnar Henderson",26289,683002
"Drake Baldwin","ATL",446,0.287687,0.70034052,0.49542857,0.7,0.88330632,0.83044983,0.50342857,18.33281734,75.30223228631105,0.15552699,"Drake Baldwin",31539,686948
"Pete Alonso","NYM",709,0.27394366,0.65681327,0.46312789,0.59897172,0.84302964,0.77,0.49412184,18.92812946,75.25677818843778,0.17210944,"Pete Alonso",19251,624413
"Cal Raleigh","SEA",705,0.31761624,0.75038285,0.51711966,0.51340206,0.8122449,0.71331058,0.46099541,19.55430183,75.24004241419657,0.12480499,"Cal Raleigh",21534,663728
"Agustín Ramírez","MIA",585,0.3202847,0.7004008,0.49905749,0.54444444,0.88125894,0.7667611,0.47031103,18.41503268,75.2301669973545,0.16402116,"Agustin Ramirez",26546,682663
"Ryan Mountcastle","BAL",357,0.39617084,0.75482912,0.57470414,0.52788104,0.80511811,0.70913771,0.49778107,20.01513623,75.21825747282608,0.10434783,"Ryan Mountcastle",18373,663624
"Roman Anthony","BOS",303,0.19969743,0.55948553,0.37412315,0.43181818,0.82183908,0.71458333,0.48480125,18.26851852,75.1468655873494,0.16144578,"Roman Anthony",31812,701350
"Gabriel Arias","CLE",471,0.38834951,0.76878613,0.57198661,0.45,0.71879699,0.62439024,0.48270089,18.62909368,75.07646130625686,0.09879254,"Gabriel Arias",22563,672356
"Byron Buxton","MIN",542,0.29458128,0.74136229,0.51775148,0.43143813,0.81091877,0.70285714,0.4995069,18.96361186,75.03483003211991,0.14453961,"Byron Buxton",14161,621439
"Kyle Stowers","MIA",457,0.27876631,0.79171461,0.53913551,0.47659574,0.7747093,0.69880823,0.50759346,17.60855529,75.0032824017199,0.12162162,"Kyle Stowers",26151,669065
"Matt Chapman","SFG",535,0.20018536,0.63773251,0.42391304,0.58333333,0.83055556,0.77350427,0.51132246,18.21621622,74.95185926122574,0.13713592,"Matt Chapman",16505,656305
"Brett Baty","NYM",432,0.24731183,0.66375546,0.46491728,0.55555556,0.83388158,0.76319018,0.5225328,18.90038023,74.8015221844491,0.12831241,"Brett Baty",26123,683146
"Jarren Duran","BOS",696,0.31134173,0.64,0.47103659,0.48333333,0.86887255,0.73786408,0.48589939,18.66387435,74.78022505733945,0.14220183,"Jarren Duran",24617,680776
"Gavin Sheets","SDP",545,0.3122398,0.59461967,0.44580957,0.64266667,0.86427457,0.78248031,0.47301448,18.54761905,74.77680642740175,0.14082969,"Gavin Sheets",19901,657757
"Rowdy Tellez","- - -",312,0.30250784,0.59259259,0.44867807,0.54404145,0.84895833,0.74696707,0.50388802,19.2254395,74.75059173886139,0.13861386,"Rowdy Tellez",15679,642133
"Corbin Carroll","ARI",642,0.3155834,0.66885246,0.48818582,0.65756824,0.83088235,0.77358491,0.4885863,19.20542005,74.65364342652495,0.14879852,"Corbin Carroll",25878,682998
"Jake Burger","TEX",376,0.39911635,0.71007752,0.55060423,0.50553506,0.84279476,0.71742112,0.48716012,18.90319149,74.64652054398148,0.15432099,"Jake Burger",22275,669394
"Ketel Marte","ARI",556,0.24675325,0.67158309,0.45298329,0.63909774,0.86383602,0.80084299,0.48544153,18.3,74.61646086344787,0.15165877,"Ketel Marte",13613,606466
"Cam Smith","HOU",493,0.29550102,0.66061185,0.48418972,0.49480969,0.83936324,0.7377551,0.51679842,18.47697368,74.49874646892656,0.10508475,"Cam Smith",35108,701358
"Elly De La Cruz","CIN",699,0.28530259,0.64052795,0.45627803,0.49242424,0.80727273,0.70515971,0.4813154,18.85426122,74.4851108033241,0.14127424,"Elly De La Cruz",26668,682829
"Manny Machado","SDP",678,0.29817906,0.69977427,0.49981111,0.57760814,0.83333333,0.75736961,0.50207782,18.86231515,74.47025975738397,0.16540084,"Manny Machado",11493,592518
"Iván Herrera","STL",452,0.25112613,0.64169381,0.44997236,0.57847534,0.86463621,0.78624079,0.50912106,18.33678756,74.39539807076814,0.14651494,"Ivan Herrera",20599,671056
"Hunter Goodman","COL",579,0.36740088,0.75345168,0.54955793,0.47242206,0.82460733,0.70025402,0.47184737,18.87210797,74.38020833333333,0.11497585,"Hunter Goodman",29715,696100
"Bobby Witt Jr.","KCR",687,0.30677291,0.71496815,0.51095181,0.60779221,0.85746102,0.78254092,0.50019912,19.00657895,74.33798530071813,0.15529623,"Bobby Witt Jr.",25764,677951
"Michael Harris II","ATL",641,0.42895928,0.70599251,0.56511735,0.56962025,0.9005305,0.7728013,0.49148642,18.57815566,74.32473934063374,0.1444548,"Michael Harris II",25931,671739
"Joey Bart","PIT",332,0.23206751,0.59463722,0.40297398,0.46666667,0.85145889,0.73431734,0.47137546,19.18063872,74.28699788583509,0.1205074,"Joey Bart",21524,663698
"Romy Gonzalez","BOS",341,0.34920635,0.73355263,0.53796446,0.48636364,0.83632287,0.72072072,0.4911147,18.93840985,74.25569385593221,0.18305085,"Romy Gonzalez",21562,663853
"Bryce Harper","PHI",580,0.35408246,0.78907923,0.54122524,0.52283105,0.82225237,0.7106383,0.43021649,19.31097179,74.19437560444874,0.13056093,"Bryce Harper",11579,547180
"Christian Walker","HOU",640,0.28099839,0.75845791,0.52248309,0.4469914,0.80912863,0.71287129,0.50577,19.64021448,74.12194792566983,0.11927398,"Christian Walker",13419,572233
"Wilyer Abreu","BOS",417,0.28589909,0.73639661,0.51875,0.55656109,0.863711,0.78192771,0.516875,19.29103215,74.11334941275167,0.13422819,"Wilyer Abreu",23772,677800
"Jasson Domínguez","NYY",429,0.30862832,0.7284264,0.50413712,0.54480287,0.85017422,0.75029308,0.46572104,18.93476531,74.0592591840052,0.12743823,"Jasson Dominguez",28080,691176
"Mike Trout","LAA",556,0.20726672,0.55940205,0.38759065,0.47410359,0.81997187,0.72972973,0.51208703,17.97038961,74.04996991686114,0.11785298,"Mike Trout",10155,545361
"Ryan McMahon","- - -",586,0.24836066,0.64637002,0.45221911,0.40594059,0.77777778,0.67816092,0.51219512,18.44596732,74.02584329732767,0.11388611,"Ryan McMahon",15112,641857
"Jorge Soler","LAA",315,0.24548193,0.65654952,0.44496124,0.47239264,0.81751825,0.7195122,0.48527132,18.35300207,74.01752145793037,0.11992263,"Jorge Soler",14221,624585
"Heliot Ramos","SFG",695,0.29753915,0.66158537,0.47757256,0.58145363,0.87327189,0.78137332,0.49453449,18.12218814,74.00332831996435,0.13903743,"Heliot Ramos",22515,671218
"Tyler Soderstrom","ATH",624,0.28649635,0.68346596,0.48810058,0.56687898,0.86416559,0.77828887,0.50785811,18.93254216,73.960497588634,0.15849844,"Tyler Soderstrom",27467,691016
"Fernando Tatis Jr.","SDP",691,0.24199288,0.69699431,0.45447648,0.51176471,0.84265734,0.74874791,0.46699545,18.34856263,73.96007782335907,0.16312741,"Fernando Tatis Jr.",19709,665487
"Michael Conforto","LAD",486,0.23237339,0.6621881,0.45095168,0.55982906,0.84202899,0.77056277,0.50854075,18.24357326,73.95593188622755,0.10778443,"Michael Conforto",16376,624424
"Matt Olson","ATL",724,0.24875931,0.66451613,0.45256167,0.65087282,0.80097087,0.75890985,0.49019608,18.55034936,73.94386320660828,0.13535032,"Matt Olson",14344,621566
"Jazz Chisholm Jr.","NYY",531,0.26513761,0.67557252,0.46632367,0.50519031,0.76836158,0.69207623,0.49017774,19.14375,73.92721782775256,0.1123723,"Jazz Chisholm Jr.",20454,665862
"Jackson Chourio","MIL",589,0.36778399,0.70212766,0.53178368,0.57721519,0.86363636,0.76271186,0.49051233,18.4060646,73.8791740171371,0.14314516,"Jackson Chourio",28806,694192
"Brandon Lowe","TBR",553,0.31923077,0.77575205,0.55357978,0.43072289,0.79318449,0.69146238,0.51333645,19.07775653,73.85187351895735,0.10995261,"Brandon Lowe",18882,664040
"Shea Langeliers","ATH",523,0.32161324,0.73052632,0.52425665,0.56913183,0.86167147,0.77114428,0.49556599,18.85817135,73.82849093538374,0.14221219,"Shea Langeliers",25816,669127
"Carlos Correa","- - -",584,0.28791774,0.64417178,0.46403813,0.62797619,0.87755102,0.79925303,0.49436742,19.08820093,73.81100506756756,0.14486486,"Carlos Correa",14162,621043
"Mickey Moniak","COL",461,0.37783375,0.74129353,0.56070088,0.52666667,0.84563758,0.73883929,0.50312891,18.24202128,73.765341796875,0.125,"Mickey Moniak",19956,666160
"Lawrence Butler","ATH",630,0.26052423,0.67567568,0.46801748,0.45121951,0.79176471,0.69694397,0.49980135,18.0929368,73.75008255283382,0.12199808,"Lawrence Butler",22542,671732
"George Springer","TOR",586,0.20424403,0.71003401,0.46207195,0.55844156,0.82155689,0.76454034,0.50975293,19.04834013,73.74348393438179,0.13991323,"George Springer",12856,543807
"Royce Lewis","MIN",403,0.3133515,0.69348659,0.50955834,0.60434783,0.82872928,0.76196636,0.5161503,18.76950998,73.61754105839417,0.12554745,"Royce Lewis",20437,668904
"Juan Soto","NYM",715,0.15733333,0.55245232,0.3527628,0.59745763,0.85819975,0.79942693,0.49460916,19.4274911,73.59446564885496,0.21592148,"Juan Soto",20123,665742
"Yandy Díaz","TBR",651,0.2396088,0.63671572,0.4432089,0.72108844,0.8892944,0.84498208,0.5127085,18.48017149,73.57291666666667,0.19734151,"Yandy Diaz",16578,650490
"Trey Sweeney","DET",326,0.29113924,0.68954758,0.50502513,0.51552795,0.82352941,0.74129353,0.53685092,18.76422764,73.56312210648149,0.09814815,"Trey Sweeney",29575,700242
"Colton Cowser","BAL",360,0.23666211,0.60106383,0.42144302,0.39884393,0.78539823,0.6784,0.50708024,18.62075134,73.55601788949275,0.11231884,"Colton Cowser",29591,681297
"Brent Rooker","ATH",699,0.26406602,0.75281804,0.49980583,0.4375,0.82139037,0.71639472,0.4823301,19.16461785,73.5474647535524,0.12344583,"Brent Rooker",19627,667670
"Harrison Bader","- - -",501,0.32487805,0.65065502,0.47861927,0.58858859,0.81711409,0.73519914,0.47192169,18.38811189,73.52707007859281,0.11017964,"Harrison Bader",18030,664056
"Javier Báez","DET",437,0.45883777,0.65314685,0.54899416,0.54881266,0.85224839,0.71631206,0.46398443,18.20328168,73.51475046641791,0.11668928,"Javier Baez",12979,595879
"Lars Nootbaar","STL",583,0.21769297,0.55887231,0.3921153,0.60956175,0.87833828,0.80540541,0.51123357,18.04288939,73.43641089684014,0.15613383,"Lars Nootbaar",21454,663457
"Austin Wells","NYY",448,0.29265537,0.71507151,0.50668896,0.52509653,0.83846154,0.74917492,0.50668896,19.3266369,73.4268461508674,0.12515489,"Austin Wells",27562,669224
"Eric Wagaman","MIA",514,0.25770021,0.64525994,0.45217391,0.56175299,0.8657188,0.77941176,0.50179028,18.14235624,73.4183051494216,0.1529563,"Eric Wagaman",23395,676572
"Ben Rice","NYY",530,0.21191406,0.65493646,0.43331705,0.58064516,0.8761194,0.80383315,0.49975574,19.37358991,73.40694110576923,0.19358974,"Ben Rice",29576,700250
"Tommy Pham","PIT",449,0.19866667,0.60669456,0.42731536,0.48322148,0.87413793,0.79423868,0.56037515,18.14936102,73.40001455745342,0.14285714,"Tommy Pham",2967,502054
"Christian Yelich","MIL",644,0.25525526,0.66036249,0.45290273,0.46764706,0.84367542,0.73514431,0.48788927,18.25268542,73.37972608024691,0.1320038,"Christian Yelich",11477,592885
"Joc Pederson","TEX",306,0.26697531,0.63157895,0.44058205,0.58959538,0.86021505,0.77431193,0.47615198,18.86147186,73.3659070280083,0.13278008,"Joc Pederson",11899,592626
"Seiya Suzuki","CHC",651,0.20491174,0.59058989,0.4063073,0.53183521,0.85969084,0.78068592,0.52218555,18.815726,73.36558230010121,0.15080972,"Seiya Suzuki",30116,673548
"Noelvi Marte","CIN",360,0.329653,0.70616114,0.51775848,0.58373206,0.83668904,0.75609756,0.49960537,18.17299107,73.25503292314335,0.11744387,"Noelvi Marte",26517,682622
"Dylan Crews","WSN",322,0.29276896,0.66209262,0.48,0.40963855,0.84715026,0.71557971,0.50695652,17.21515892,73.25354817708333,0.1125,"Dylan Crews",33541,686611
"William Contreras","MIL",659,0.25233645,0.67924528,0.46478873,0.59567901,0.84606481,0.77777778,0.49765258,18.23957784,73.25316662702188,0.15128449,"William Contreras",20503,661388
"Jordan Beck","COL",588,0.27092321,0.66694987,0.47046233,0.50318471,0.7910828,0.70882621,0.50385274,18.41488748,73.1999900477707,0.09341826,"Jordan Beck",31431,687597
"Wyatt Langford","TEX",573,0.23421927,0.63837312,0.42997859,0.5106383,0.85457064,0.75796813,0.48436831,18.69116809,73.14424479166667,0.13444444,"Wyatt Langford",33333,694671
"Josh Bell","WSN",533,0.26757991,0.68917577,0.46955281,0.62457338,0.85302594,0.7852077,0.47906755,17.83837733,73.08184670275591,0.14623172,"Josh Bell",13145,605137
"Spencer Torkelson","DET",649,0.22368421,0.65946349,0.44570995,0.48096886,0.85423729,0.76235094,0.50949127,18.37626263,73.04756828482824,0.11450382,"Spencer Torkelson",27465,679529
"Teoscar Hernández","LAD",546,0.29950249,0.68518519,0.50397382,0.46179402,0.7992278,0.70500928,0.53015428,18.49684343,72.94308271670191,0.12896406,"Teoscar Hernandez",13066,606192
"Salvador Perez","KCR",641,0.42351974,0.74785918,0.57388619,0.6038835,0.84987277,0.75249808,0.46360829,18.88170055,72.93640720026065,0.13119027,"Salvador Perez",7304,521692
"Marcell Ozuna","ATL",592,0.22295322,0.57932123,0.3943074,0.58688525,0.83514986,0.76227141,0.48083491,18.50933202,72.88362306843267,0.10927152,"Marcell Ozuna",10324,542303
"Pete Crow-Armstrong","CHC",647,0.41390461,0.80372093,0.59515571,0.5546875,0.83796296,0.73255814,0.4649654,19.50543478,72.73589409722223,0.10784314,"Pete Crow-Armstrong",27769,691718
"Nolan Jones","CLE",403,0.26751592,0.63157895,0.4631703,0.58095238,0.81770833,0.75445293,0.53741897,18.78738318,72.7247509057971,0.10289855,"Nolan Jones",20529,666134
"Michael Toglia","COL",337,0.3080292,0.67264574,0.48818316,0.39810427,0.76,0.64447806,0.49409158,18.32906404,72.72457264957265,0.08717949,"Michael Toglia",25845,669911
"Nolan Gorman","STL",402,0.27716728,0.66507177,0.47311178,0.48898678,0.77517986,0.69220945,0.50513595,18.40417001,72.70592248908297,0.08879185,"Nolan Gorman",22263,669357
"Isaac Collins","MIL",441,0.18160096,0.64397906,0.42801339,0.51973684,0.85691057,0.79009126,0.53292411,19.18675595,72.67321330527086,0.11127379,"Isaac Collins",25477,686555
"Nathaniel Lowe","- - -",609,0.2400319,0.63784183,0.44649022,0.57142857,0.85863268,0.78436426,0.51898734,18.26082578,72.6671318312198,0.10338164,"Nathaniel Lowe",19566,663993
"Starling Marte","NYM",329,0.2962963,0.67473525,0.49561753,0.53409091,0.85201794,0.76205788,0.52669323,18.58225108,72.6485591231685,0.12087912,"Starling Marte",9241,516782
"Paul Goldschmidt","NYY",534,0.27336683,0.6627165,0.47753346,0.70955882,0.85694635,0.81681682,0.52437859,19.15182575,72.62916666666666,0.12777778,"Paul Goldschmidt",9218,502671
"Sean Murphy","ATL",337,0.25925926,0.68033946,0.47896679,0.39880952,0.81288981,0.70570108,0.52177122,19.09439528,72.61103940217392,0.10434783,"Sean Murphy",19352,669221
"Anthony Volpe","NYY",596,0.23763251,0.65454545,0.4576554,0.66914498,0.81280193,0.77757521,0.52774301,18.99217002,72.59853185772774,0.11770727,"Anthony Volpe",27647,683011
"Pedro Pagés","STL",389,0.35802469,0.66842801,0.51615074,0.50574713,0.87944664,0.75228162,0.50942127,18.06966086,72.59340734649123,0.09210526,"Pedro Pages",25782,686780
"Lenyn Sosa","CHW",544,0.40900383,0.61462451,0.51021401,0.64871194,0.89389068,0.79408961,0.4922179,18.90884897,72.57412654238198,0.12660944,"Lenyn Sosa",22896,672820
"Andy Pages","LAD",624,0.33212341,0.70467142,0.53107822,0.60382514,0.88202247,0.80095541,0.53403805,18.54598034,72.57069120287254,0.1032316,"Andy Pages",24816,681624
"Corey Seager","TEX",445,0.23031727,0.77968176,0.49940048,0.43877551,0.84301413,0.74789916,0.48980815,18.68137255,72.5523202376881,0.1504788,"Corey Seager",13624,608369
"Alejandro Kirk","TOR",506,0.29,0.6591607,0.47243298,0.74482759,0.87732919,0.83618844,0.49418311,18.58969072,72.53701218157583,0.17298578,"Alejandro Kirk",22581,672386
"Vinnie Pasquantino","KCR",682,0.30424528,0.64846154,0.47822706,0.65374677,0.91577699,0.83333333,0.50544323,19.67321998,72.52840519213174,0.15187557,"Vinnie Pasquantino",27676,686469
"Josh Lowe","TBR",435,0.36870897,0.71538462,0.54166667,0.67655786,0.78648233,0.74898785,0.49890351,18.9544484,72.43918303571428,0.07314286,"Josh Lowe",19953,666139
"Luis García Jr.","WSN",526,0.37604167,0.71070615,0.5359086,0.64819945,0.89903846,0.8071066,0.47769314,18.43220339,72.40223697323462,0.14578588,"Luis Garcia Jr.",20391,671277
"CJ Abrams","WSN",635,0.32560214,0.67389491,0.50560345,0.6109589,0.8490099,0.77493606,0.51681034,17.9826555,72.40084250968054,0.10648596,"CJ Abrams",25768,682928
"Joey Ortiz","MIL",506,0.32779097,0.56935015,0.46075814,0.71014493,0.91482112,0.84936269,0.55045382,18.81116826,72.40083065711462,0.10935441,"Joey Ortiz",25493,687401
"Bo Naylor","CLE",414,0.25534591,0.66365688,0.47055324,0.58128079,0.8707483,0.79646018,0.52706722,19.18406375,72.37169215425531,0.09219858,"Bo Naylor",21865,666310
"Alec Burleson","STL",546,0.28779979,0.69096509,0.49094671,0.72101449,0.88410104,0.83667018,0.50387998,18.88534107,72.36416691527447,0.1575179,"Alec Burleson",27615,676475
"Michael A. Taylor","CHW",325,0.29508197,0.68340944,0.4964483,0.37222222,0.73942094,0.63434022,0.51854775,18.56110521,72.36310271937843,0.10603291,"Michael A. Taylor",11489,572191
"Ryan Jeffers","MIN",464,0.24321503,0.53963084,0.38850452,0.6695279,0.87122736,0.80684932,0.49015434,18.64992928,72.34816522762951,0.13029827,"Ryan Jeffers",24618,680777
"Randy Arozarena","SEA",709,0.25210084,0.62491349,0.43961016,0.58333333,0.77851606,0.72288203,0.50295858,18.56612529,72.32669282768103,0.13290559,"Randy Arozarena",19290,668227
"Victor Caratini","HOU",386,0.23460411,0.68163265,0.46647848,0.64375,0.86626747,0.81240545,0.51870148,18.21365854,72.31962626689189,0.13344595,"Victor Caratini",14968,605170
"Jeremy Peña","HOU",543,0.35508021,0.68327402,0.51068616,0.49698795,0.88368056,0.74229075,0.47412823,17.63480392,72.31732621763256,0.14796547,"Jeremy Pena",21636,665161
"Carlos Narváez","BOS",446,0.29596413,0.67129136,0.48824494,0.5530303,0.82670906,0.74580067,0.5123018,18.96788321,72.28328164258794,0.11557789,"Carlos Narvaez",19722,665966
"Eugenio Suárez","- - -",657,0.31061193,0.69429658,0.50422103,0.41895262,0.81161008,0.69178082,0.50460476,18.6343476,72.2691015625,0.10782609,"Eugenio Suarez",12552,553993
"Brandon Nimmo","NYM",652,0.24155405,0.66220028,0.4707917,0.57342657,0.84664537,0.78285714,0.54496541,19.13316195,72.25357121819039,0.14797361,"Brandon Nimmo",12927,607043
"Bryan Reynolds","PIT",654,0.25889478,0.73282443,0.49486887,0.4619883,0.83229167,0.73502304,0.49790954,19.52845528,72.22186549739357,0.11989574,"Bryan Reynolds",19326,668804
"Xander Bogaerts","SDP",552,0.23616601,0.58601656,0.41734159,0.63179916,0.86656201,0.80251142,0.51786565,19.0234375,72.21288006756757,0.12567568,"Xander Bogaerts",12161,593428
"Yainer Diaz","HOU",567,0.44294004,0.78255675,0.59486905,0.63318777,0.88396947,0.78077269,0.44735436,19.85824345,72.1920326864147,0.13891726,"Yainer Diaz",23003,673237
"Ramón Laureano","- - -",488,0.25632911,0.67142857,0.47447447,0.52674897,0.82411348,0.7478903,0.52552553,18.34021305,72.1862262228261,0.12318841,"Ramon Laureano",17128,657656
"Trevor Larnach","MIN",567,0.27508961,0.62232558,0.44545869,0.42345277,0.86995516,0.7295082,0.49064354,18.46391117,72.18601925872093,0.11976744,"Trevor Larnach",21501,663616
"Kody Clemens","- - -",386,0.27755102,0.67254408,0.48266841,0.59803922,0.84831461,0.77913279,0.51929366,18.60896309,72.17843065886011,0.14155251,"Kody Clemens",20572,665019
"Adolis García","TEX",547,0.35695067,0.69922631,0.52163797,0.58040201,0.79391425,0.71810883,0.48115403,17.6460177,72.12869573353294,0.12175649,"Adolis Garcia",19287,666969
"Kyle Tucker","CHC",597,0.17477477,0.70735786,0.4509974,0.60309278,0.87115839,0.82115385,0.51864701,20.88564761,72.05548899838013,0.12526998,"Kyle Tucker",18345,663656
"Willy Adames","SFG",686,0.26736111,0.67870302,0.46692885,0.46753247,0.834962,0.72664625,0.48516267,18.59067111,72.05416531032986,0.08680556,"Willy Adames",15986,642715
"J.T. Realmuto","PHI",550,0.32289803,0.65584416,0.4863388,0.59279778,0.8854314,0.78651685,0.49089253,19.69226082,72.03594417022411,0.11526147,"J.T. Realmuto",11739,592663
"Jonathan India","KCR",567,0.18609023,0.57837838,0.40144129,0.55555556,0.89586115,0.82470961,0.54896142,17.54054054,71.98980139307228,0.11325301,"Jonathan India",21523,663697
"Jackson Merrill","SDP",483,0.37762238,0.79053254,0.58250147,0.58641975,0.83682635,0.75504032,0.49618321,18.66447368,71.9728437865925,0.11241218,"Jackson Merrill",29490,701538
"Logan O'Hoppe","LAA",451,0.31520533,0.7386231,0.52161547,0.45070423,0.81042654,0.69901854,0.48748578,18.4992284,71.96937344139651,0.11720698,"Logan O'Hoppe",24729,681351
"Maikel Garcia","KCR",666,0.20774938,0.58039816,0.40095276,0.6984127,0.92084433,0.86534653,0.51845971,18.30794342,71.90802556818181,0.18406285,"Maikel Garcia",22715,672580
"Austin Hays","CIN",416,0.34282178,0.71105193,0.52020526,0.50902527,0.80337079,0.702836,0.48171905,19.97627417,71.90686103351955,0.09357542,"Austin Hays",19363,669720
"Kerry Carpenter","DET",464,0.34106729,0.71510297,0.52937788,0.60884354,0.8336,0.7616975,0.50345622,18.90079365,71.89924536192214,0.12530414,"Kerry Carpenter",25961,681481
"Ryan O'Hearn","- - -",544,0.26838235,0.66728625,0.46672828,0.60616438,0.86908078,0.79306931,0.49722736,18.75521472,71.77320974284929,0.11221122,"Ryan O'Hearn",16442,656811
"Alec Bohm","PHI",504,0.26296743,0.66872428,0.48195447,0.73853211,0.91384615,0.86981567,0.53970017,19.17637918,71.71052150974026,0.14935065,"Alec Bohm",21618,664761
"Otto Lopez","MIA",594,0.29534663,0.62732342,0.46312823,0.65916399,0.90814815,0.8296146,0.5054016,18.6312336,71.69750250286042,0.14187643,"Otto Lopez",19608,672640
"Dillon Dingler","DET",469,0.30156815,0.64315353,0.4852203,0.52,0.87096774,0.77011494,0.5376464,18.96423135,71.69090596701164,0.12936611,"Dillon Dingler",27464,693307
"JJ Bleday","ATH",344,0.24924012,0.63731343,0.44503012,0.44512195,0.81030445,0.70896785,0.50451807,17.48261759,71.6761248207457,0.09560229,"JJ Bleday",26368,668709
"Miguel Andujar","- - -",341,0.35794543,0.72250423,0.5354201,0.70403587,0.90866511,0.83846154,0.48682043,19.35125858,71.6753926179847,0.10544218,"Miguel Andujar",15878,609280
"Ian Happ","CHC",663,0.20800628,0.6331484,0.43372607,0.53207547,0.8543264,0.78183362,0.53092784,18.81378299,71.67262620192308,0.12211538,"Ian Happ",17919,664023
"Casey Schmitt","SFG",348,0.31594635,0.71927162,0.51578947,0.51415094,0.86708861,0.75801749,0.49548872,19.46884576,71.65788578308208,0.10720268,"Casey Schmitt",27577,669477
"Ezequiel Tovar","COL",390,0.41092328,0.81571429,0.60381212,0.51265823,0.82136602,0.7113867,0.47651464,18.62907735,71.62644844153746,0.0878553,"Ezequiel Tovar",24064,678662
"Jared Triolo","PIT",376,0.23897582,0.67909454,0.46629986,0.51190476,0.87254902,0.78318584,0.51650619,18.81623134,71.62531064932318,0.11336717,"Jared Triolo",25807,669707
"Willi Castro","- - -",454,0.3180212,0.72009029,0.52334294,0.54074074,0.82445141,0.74008811,0.51066282,18.01098039,71.6126686238354,0.09068323,"Willi Castro",17338,650489
"Rafael Devers","- - -",729,0.25525143,0.70047011,0.47189542,0.63341646,0.73921381,0.7098338,0.48660131,18.86572287,71.57628317720531,0.12334114,"Rafael Devers",17350,646240
"Patrick Bailey","SFG",452,0.28622754,0.67716535,0.48781903,0.47698745,0.84219269,0.73840666,0.51566125,19.58693942,71.56400079484605,0.09772423,"Patrick Bailey",27478,672275
"Nolan Arenado","STL",436,0.33908755,0.64903226,0.49054224,0.66909091,0.92445328,0.83419023,0.48865069,19.11923412,71.4306218479827,0.09654179,"Nolan Arenado",9777,571448
"Zach Neto","LAA",554,0.29991282,0.68945313,0.48364809,0.50581395,0.82577904,0.72095238,0.47167204,18.70087065,71.40877533783784,0.13081081,"Zach Neto",31347,687263
"Brandon Marsh","PHI",425,0.2867215,0.65756824,0.46710923,0.53278689,0.89811321,0.78294574,0.48642124,19.29200653,71.37896852355072,0.1173913,"Brandon Marsh",20202,669016
"Tyler Freeman","COL",428,0.25062657,0.64150943,0.45200486,0.7,0.95404412,0.88575269,0.51518834,18.96779521,71.31927366835147,0.11819596,"Tyler Freeman",22532,671289
"Max Kepler","PHI",474,0.26572668,0.70022124,0.48083242,0.50204082,0.8878357,0.78018223,0.49507119,18.59851852,71.31733797034438,0.13137755,"Max Kepler",12144,596146
"Carlos Santana","- - -",474,0.24751491,0.65946502,0.44994944,0.54618474,0.86427457,0.7752809,0.49140546,18.81763527,71.28159813818993,0.1,"Carlos Santana",2396,467793
"Mark Vientos","NYM",463,0.32840909,0.7081448,0.51870748,0.48096886,0.79552716,0.69617486,0.50113379,18.32534776,71.24039713541667,0.11742424,"Mark Vientos",22184,668901
"Trea Turner","PHI",639,0.31062449,0.72827939,0.51433319,0.53002611,0.87719298,0.76978998,0.48774408,18.92723138,71.19040765977444,0.11184211,"Trea Turner",16252,607208
"Alek Thomas","ARI",469,0.34547739,0.68253968,0.52264601,0.51272727,0.84551495,0.74116306,0.52562574,19.08630705,71.188749180865,0.12188729,"Alek Thomas",23792,677950
"Ke'Bryan Hayes","- - -",570,0.26817753,0.60458716,0.43880875,0.61267606,0.90895296,0.81972428,0.50721266,18.33100381,71.18660835597827,0.13285024,"Ke'Bryan Hayes",18577,663647
"Max Muncy","LAD",388,0.1995221,0.65436654,0.42363636,0.56886228,0.84398496,0.77825465,0.49272727,19.62986497,71.17413062920875,0.12289562,"Max Muncy",13301,571970
"Jorge Polanco","SEA",524,0.26801153,0.66904277,0.46267919,0.56630824,0.87519026,0.78311966,0.4854177,18.62307176,71.1738134765625,0.1475,"Jorge Polanco",13152,593871
"Mike Yastrzemski","- - -",558,0.21880492,0.61182519,0.41778742,0.69477912,0.87535014,0.82866044,0.50629067,18.50663589,71.15706437720848,0.11425206,"Mike Yastrzemski",14854,573262
"Andrew McCutchen","PIT",551,0.20708447,0.69039451,0.45566828,0.51315789,0.82608696,0.75701839,0.51433613,18.71203271,71.12264034219457,0.10746606,"Andrew McCutchen",9847,457705
"Cedric Mullins","- - -",498,0.26280193,0.68164794,0.47551117,0.63235294,0.8489011,0.79,0.50784593,18.93129294,71.11798701825924,0.09006928,"Cedric Mullins",17929,656775
"Masyn Winn","STL",537,0.25662879,0.61833333,0.44902482,0.6900369,0.89622642,0.84106614,0.53191489,18.10910152,71.1013345258137,0.09539843,"Masyn Winn",27479,691026
"Trevor Story","BOS",654,0.35254804,0.72313725,0.54368932,0.48341232,0.84056399,0.72842262,0.5157767,19.21385042,71.08804394197952,0.11604096,"Trevor Story",12564,596115
"J.P. Crawford","SEA",654,0.21800948,0.64754098,0.44835165,0.67753623,0.85970464,0.81862745,0.53626374,18.25497814,71.04489436619718,0.08732394,"J.P. Crawford",15491,641487
"Trent Grisham","NYY",581,0.17198582,0.57470356,0.38487254,0.55154639,0.86244842,0.79695983,0.52862516,19.5867036,71.02788439058604,0.14588529,"Trent Grisham",18564,663757
"Ceddanne Rafaela","BOS",587,0.41706161,0.74557316,0.58270677,0.59545455,0.84125,0.75403226,0.50422932,18.92650919,71.01796025815217,0.10416667,"Ceddanne Rafaela",24262,678882
"Rhys Hoskins","MIL",328,0.1994302,0.60110041,0.40377887,0.52857143,0.82608696,0.75389948,0.50874738,18.61615245,71.01159547583826,0.09861933,"Rhys Hoskins",16472,656555
"Ty France","- - -",490,0.31288981,0.73545554,0.51841965,0.58471761,0.9,0.80226571,0.48638548,19.16339869,71.01060284173977,0.12748538,"Ty France",17982,664034
"Alex Bregman","BOS",495,0.19827586,0.59568204,0.40626605,0.68478261,0.91927512,0.86472819,0.52336929,18.75242047,71.00132396708683,0.13305322,"Alex Bregman",17678,608324
"Dane Myers","MIA",333,0.23529412,0.60364146,0.44721998,0.58870968,0.83526682,0.78018018,0.57534247,18.02428256,70.96560492505353,0.11991435,"Dane Myers",22054,667472
"Francisco Lindor","NYM",732,0.26633872,0.66776533,0.47346939,0.65699208,0.86574531,0.80890805,0.51598639,18.66939891,70.95748808262712,0.11101695,"Francisco Lindor",12916,596019
"Josh Naylor","- - -",604,0.37016053,0.72536688,0.53849975,0.64285714,0.87861272,0.79335793,0.47391952,20.37446198,70.95118667140152,0.12987013,"Josh Naylor",18839,647304
"José Ramírez","CLE",673,0.28922632,0.66017147,0.46774194,0.74,0.91971665,0.86206897,0.48124531,18.76640159,70.94791426429889,0.11439114,"Jose Ramirez",13510,608070
"Jake Cronenworth","SDP",515,0.21919097,0.61819804,0.42399267,0.63090129,0.90620491,0.83693305,0.51327839,19.12484922,70.93840219257179,0.09737828,"Jake Cronenworth",18036,630105
"Jurickson Profar","ATL",371,0.24120603,0.65681234,0.44663278,0.68229167,0.91193738,0.84921764,0.49428208,19.07545605,70.93040551222597,0.09612142,"Jurickson Profar",10815,595777
"Daniel Schneemann","CLE",422,0.25755744,0.64090369,0.45083933,0.53051643,0.79962894,0.72340426,0.50419664,18.3510467,70.92493489583333,0.10606061,"Daniel Schneemann",25180,682177
"Gabriel Moreno","ARI",309,0.25832013,0.60614934,0.4391172,0.69325153,0.89613527,0.83882149,0.51978691,19.46031746,70.9192758704062,0.11411992,"Gabriel Moreno",22664,672515
"Kyle Higashioka","TEX",327,0.27508091,0.61422088,0.45035184,0.56470588,0.87931034,0.78645833,0.51681001,19.02004219,70.90852355957031,0.11328125,"Kyle Higashioka",5517,543309
"Dansby Swanson","CHC",645,0.25143796,0.73599386,0.50198413,0.45751634,0.79457769,0.71304348,0.51706349,19.37138264,70.90506670726306,0.12223206,"Dansby Swanson",18314,621020
"Spencer Steer","CIN",568,0.24692526,0.6727707,0.47816688,0.5440613,0.83313609,0.76491863,0.54301773,18.96720368,70.87228467987805,0.07621951,"Spencer Steer",26323,668715
"Ramón Urías","- - -",391,0.27604871,0.69868421,0.49032688,0.57843137,0.826742,0.75782313,0.50700467,19.08445642,70.84798889160156,0.1078125,"Ramon Urias",18795,602104
"Brenton Doyle","COL",538,0.29817444,0.70545829,0.50025549,0.45238095,0.84087591,0.72420838,0.4961676,18.00426136,70.75345762035963,0.11484919,"Brenton Doyle",25479,686668
"Colt Keith","DET",468,0.25223214,0.63763441,0.44852136,0.58849558,0.87352445,0.79487179,0.50930997,18.27400295,70.74610975922131,0.12021858,"Colt Keith",27899,690993
"Jeff McNeil","NYM",462,0.2680798,0.75327511,0.52677532,0.64651163,0.91449275,0.85082873,0.53317811,20.33652313,70.74508886349307,0.07818411,"Jeff McNeil",15362,643446
"Jordan Westburg","BAL",352,0.26540284,0.72713643,0.50230769,0.52380952,0.80206186,0.73047473,0.51307692,18.7404661,70.74357067393238,0.113879,"Jordan Westburg",27815,676059
"Brooks Baldwin","CHW",328,0.32958199,0.7154213,0.52358114,0.6,0.84888889,0.77099237,0.50279776,19.28478261,70.67203152221255,0.10452962,"Brooks Baldwin",31394,681460
"Andrew Vaughn","- - -",447,0.28342857,0.65997639,0.46864111,0.61290323,0.8765653,0.79553903,0.49186992,18.62893082,70.66642104225105,0.14586255,"Andrew Vaughn",26197,683734
"Brice Turang","MIL",659,0.23780488,0.62191781,0.44011544,0.64102564,0.86453744,0.80737705,0.52669553,17.92165242,70.6529132593458,0.11588785,"Brice Turang",22186,668930
"Miguel Vargas","CHW",569,0.21568627,0.69109076,0.46147223,0.67768595,0.86626506,0.82369403,0.51700387,18.59816829,70.63169049202128,0.10851064,"Miguel Vargas",20178,678246
"Jackson Holliday","BAL",649,0.22251773,0.67963387,0.46822468,0.55378486,0.84624018,0.78196147,0.53751538,17.91466815,70.6183483935743,0.11646586,"Jackson Holliday",31781,702616
"Kyle Manzardo","CLE",531,0.27444795,0.67010309,0.48364718,0.57088123,0.82377622,0.75614754,0.52874133,18.78398385,70.59499725877193,0.10409357,"Kyle Manzardo",29794,700932
"Lourdes Gurriel Jr.","ARI",546,0.34521385,0.69367589,0.5220662,0.6519174,0.88746439,0.81075889,0.50752257,20.03194444,70.59314480633803,0.10617551,"Lourdes Gurriel Jr.",19238,666971
"Wenceel Pérez","DET",383,0.32660782,0.67071525,0.4928292,0.64864865,0.83098592,0.76851852,0.48305085,18.38791594,70.54541379470939,0.10581222,"Wenceel Perez",22857,672761
"Nick Castellanos","PHI",589,0.40920716,0.79959718,0.58818098,0.52708333,0.85264484,0.7299843,0.45844875,19.54469987,70.53208259325045,0.08436945,"Nick Castellanos",11737,592206
"Kyle Isbel","KCR",409,0.26578561,0.60329531,0.44693878,0.59116022,0.93067227,0.83713851,0.53673469,18.60894386,70.52722886029412,0.125,"Kyle Isbel",21614,664728
"Nick Gonzales","PIT",408,0.31481481,0.79392338,0.57295374,0.51470588,0.85856905,0.77142857,0.53879004,18.73111782,70.51789568345323,0.10215827,"Nick Gonzales",27490,693304
"Jonathan Aranda","TBR",422,0.28023952,0.6814562,0.48599767,0.65384615,0.8163606,0.77070828,0.51283547,19.07298137,70.47447559931507,0.12739726,"Jonathan Aranda",21837,666018
"Carson Kelly","CHC",421,0.21912833,0.67419738,0.44871026,0.62983425,0.86948854,0.81149733,0.5044991,18.99109312,70.43202186561561,0.11711712,"Carson Kelly",13620,608348
"Tyrone Taylor","NYM",341,0.30517241,0.65067466,0.48997594,0.51977401,0.9078341,0.79541735,0.53488372,19.09070796,70.30038697429906,0.0953271,"Tyrone Taylor",13675,621438
"Josh Jung","TEX",511,0.33162743,0.69496855,0.51113413,0.61111111,0.84917044,0.7710233,0.49404454,19.02972399,70.28374191810344,0.12873563,"Josh Jung",26299,673962
"Angel Martínez","CLE",484,0.38716814,0.67637178,0.53088481,0.66285714,0.87913907,0.79979036,0.49693934,19.43947571,70.19062786522005,0.07457213,"Angel Martinez",26540,682657
"Gleyber Torres","DET",628,0.17078652,0.64768413,0.40761689,0.6622807,0.87690504,0.83163737,0.49660633,17.7936665,70.18973332014768,0.11814346,"Gleyber Torres",16997,650402
"Tommy Edman","LAD",377,0.28365385,0.6512605,0.47982063,0.59887006,0.92903226,0.83800623,0.53363229,18.13179916,70.18382840106007,0.13074205,"Tommy Edman",19470,669242
"Tyler Stephenson","CIN",342,0.25217391,0.6199422,0.43632417,0.52298851,0.81118881,0.72802653,0.50072359,18.52157239,70.14075716635338,0.10338346,"Tyler Stephenson",17988,663886
"Cody Bellinger","NYY",656,0.29954268,0.66770671,0.48149576,0.70992366,0.90303738,0.84227382,0.49421742,18.68779221,70.11089429081177,0.1043711,"Cody Bellinger",15998,641355
"Adley Rutschman","BAL",365,0.21673525,0.58661417,0.40576794,0.70253165,0.92393736,0.8661157,0.5110664,19.16756272,70.06744593631178,0.11026616,"Adley Rutschman",26288,668939
"Brayan Rocchio","CLE",383,0.30276565,0.70027624,0.50673281,0.61057692,0.84220907,0.77482517,0.51311127,18.73189824,69.99753654233871,0.1,"Brayan Rocchio",23690,677587
"TJ Friedl","CIN",685,0.1752,0.57451404,0.38537325,0.56621005,0.91102757,0.83677483,0.52633573,18.22256569,69.87742773656215,0.09854423,"TJ Friedl",19522,670770
"Freddie Freeman","LAD",627,0.28429752,0.76109215,0.51889169,0.59011628,0.79932735,0.74110032,0.49202351,18.7377423,69.86002304147465,0.11797235,"Freddie Freeman",5361,518692
"Will Smith","LAD",436,0.19527897,0.56841046,0.38785047,0.60989011,0.86371681,0.80187416,0.51609553,19.09090909,69.79143759645062,0.12962963,"Will Smith",19197,669257
"Jose Altuve","HOU",654,0.38346457,0.62260536,0.49135696,0.72073922,0.89384615,0.81970097,0.45116681,20.13373494,69.71363341968912,0.08290155,"Jose Altuve",5417,514888
"Matt McLain","CIN",577,0.25935374,0.59848485,0.42978003,0.53442623,0.82700422,0.73917323,0.50253807,18.47469066,69.69367711888509,0.08987486,"Matt McLain",29695,680574
"Michael Busch","CHC",592,0.23000898,0.68290669,0.46600688,0.46484375,0.85610641,0.76361958,0.52108434,18.20023283,69.63458089798087,0.13071201,"Michael Busch",26319,683737
"Freddy Fermin","- - -",347,0.30769231,0.72099448,0.52547307,0.565,0.86015326,0.77839335,0.52692868,18.80901077,69.58296875,0.0848,"Freddy Fermin",21840,666023
"Matt Shaw","CHC",437,0.30111524,0.62979189,0.4755814,0.66666667,0.86434783,0.80562347,0.53081395,18.97875688,69.57936143207283,0.08123249,"Matt Shaw",33322,807713
"Gavin Lux","CIN",503,0.19444444,0.64942529,0.42592593,0.55102041,0.8879056,0.81235698,0.50877193,18.47696301,69.5698304948586,0.09768638,"Gavin Lux",19955,666158
"Luis Rengifo","LAA",541,0.30461538,0.71345595,0.51494024,0.62289562,0.8724559,0.80077369,0.51444223,18.72126635,69.53773446151716,0.08527132,"Luis Rengifo",19858,650859
"Brooks Lee","MIN",527,0.31809339,0.68597561,0.49801193,0.53211009,0.88888889,0.77245509,0.48906561,18.59038592,69.51198404566745,0.07494145,"Brooks Lee",31595,686797
"Danny Jansen","- - -",337,0.19571865,0.65367965,0.43132888,0.546875,0.84547461,0.77969019,0.51447661,19.36597428,69.47956345537476,0.08481262,"Danny Jansen",16535,643376
"Taylor Ward","LAA",663,0.20676968,0.53743877,0.37625538,0.51957295,0.87890625,0.78265014,0.5125538,18.35096835,69.47051439606741,0.11348315,"Taylor Ward",17548,621493
"Luis Urías","ATH",330,0.22875817,0.59275362,0.42165899,0.75714286,0.92176039,0.87978142,0.52995392,18.27835052,69.41637880940083,0.08471074,"Luis Urias",16622,649966
"Bryson Stott","PHI",560,0.23261803,0.55495772,0.4026764,0.74907749,0.89889197,0.85800604,0.52757502,19.29461457,69.35848822360954,0.08967083,"Bryson Stott",26294,681082
"Connor Norby","MIA",337,0.32206119,0.76121795,0.54216867,0.48,0.81684211,0.71703704,0.50120482,18.68625277,69.34324919871794,0.08205128,"Connor Norby",29592,681393
"Brendan Donovan","STL",515,0.24458874,0.60960961,0.43421737,0.76106195,0.92118227,0.87784431,0.51950078,18.03418803,69.32450313358517,0.15247253,"Brendan Donovan",24679,680977
"Andrés Giménez","TOR",369,0.34356725,0.66927083,0.51584022,0.69361702,0.85214008,0.8024032,0.52892562,18.09599254,69.28238658116386,0.06125574,"Andres Gimenez",19950,665926
"Daylen Lile","WSN",351,0.26731079,0.75036496,0.52067381,0.62650602,0.90272374,0.83529412,0.5245023,18.156283,69.15122861018364,0.09348915,"Daylen Lile",29995,695734
"Bo Bichette","TOR",628,0.35155593,0.72117962,0.53076256,0.67942584,0.90954151,0.83102041,0.48483536,19.06332139,69.12050988428157,0.12825458,"Bo Bichette",19612,666182
"Mike Tauchman","CHW",385,0.23796791,0.66903073,0.46675031,0.6011236,0.83392226,0.77822581,0.53074028,18.13289037,69.07824427480917,0.09007634,"Mike Tauchman",15274,643565
"José Caballero","- - -",370,0.2751938,0.61103448,0.43762508,0.54929577,0.86004515,0.75914634,0.48365577,19.53859805,69.07288676015901,0.06537102,"Jose Caballero",23401,676609
"Josh Smith","TEX",563,0.25371747,0.62510322,0.45037167,0.61172161,0.89299868,0.8184466,0.52951465,18.37908879,69.0622618140244,0.08425721,"Josh Smith",26396,669701
"Victor Scott II","STL",463,0.22921615,0.70731707,0.47093365,0.4611399,0.84893268,0.75561097,0.50557839,18.48824006,69.02627403846154,0.05384615,"Victor Scott II",31349,687363
"Mookie Betts","LAD",663,0.21630616,0.59856916,0.41178862,0.64230769,0.92961487,0.85587364,0.51138211,18.20958751,69.02410973837209,0.11744186,"Mookie Betts",13611,605141
"Ozzie Albies","ATL",667,0.3346395,0.77797672,0.54157961,0.69320843,0.86536249,0.80864198,0.4667781,19.13855072,68.98156389508928,0.06607143,"Ozzie Albies",16556,645277
"Isaac Paredes","HOU",438,0.21443299,0.60390947,0.40937178,0.73076923,0.89948893,0.85534591,0.50051493,18.52755376,68.96310963901689,0.07987711,"Isaac Paredes",20036,670623
"Jonah Heim","TEX",433,0.29878049,0.68099548,0.49706573,0.66530612,0.82724252,0.78040142,0.51877934,18.98415214,68.9555604757085,0.08906883,"Jonah Heim",16930,641680
"Jose Trevino","CIN",302,0.32206759,0.59285714,0.46472248,0.72839506,0.87951807,0.82995951,0.52681091,17.75464191,68.9226727552817,0.11971831,"Jose Trevino",16725,624431
"Jose Iglesias","SDP",343,0.3353566,0.55274262,0.44817518,0.71493213,0.8956743,0.83061889,0.5189781,18.29101563,68.87950550426136,0.05871212,"Jose Iglesias",10231,578428
"Taylor Walls","TBR",317,0.20508167,0.62880886,0.44540456,0.59292035,0.88105727,0.82363316,0.56716418,19.02513089,68.77934431933198,0.05668016,"Taylor Walls",22458,670764
"Andrew Benintendi","CHW",470,0.28863636,0.72413793,0.50145264,0.6496063,0.82594417,0.77404403,0.48866938,18.36956522,68.74635484927916,0.0982962,"Andrew Benintendi",17901,643217
"Spencer Horwitz","PIT",411,0.23296159,0.67003367,0.4623086,0.64361702,0.89782245,0.83694268,0.52473498,18.34612373,68.51409122242647,0.07352941,"Spencer Horwitz",26477,687462
"Nico Hoerner","CHC",649,0.32296432,0.6320132,0.48546638,0.76487252,0.95953003,0.89812332,0.52581345,17.84255319,68.46316964285714,0.0881459,"Nico Hoerner",21479,663538
"Santiago Espinal","CIN",328,0.23709677,0.64076246,0.44854071,0.71428571,0.92677346,0.87328767,0.52380952,18.29278351,68.46130395459082,0.06387226,"Santiago Espinal",19997,669289
"Marcus Semien","TEX",534,0.2345679,0.75244618,0.48963855,0.52226721,0.88036411,0.79330709,0.49253012,18.61830065,68.43482658959537,0.09364162,"Marcus Semien",12533,543760
"Jake Meyers","HOU",381,0.23410853,0.68633094,0.46865672,0.50331126,0.90775681,0.81050955,0.51865672,18.25,68.38555136494253,0.09578544,"Jake Meyers",20308,676694
"Jung Hoo Lee","SFG",617,0.22402891,0.64389068,0.44619311,0.74596774,0.92009988,0.87893232,0.52913654,18.30364372,68.34337695526894,0.09440176,"Jung Hoo Lee",33824,808982
"Jacob Young","WSN",364,0.22778675,0.5844504,0.42271062,0.65957447,0.91284404,0.85095321,0.54652015,17.71313131,68.34002635924797,0.09349593,"Jacob Young",29931,696285
"Javier Sanoja","MIA",342,0.29893238,0.5945122,0.45812808,0.79761905,0.92820513,0.88888889,0.53858785,18.47362385,68.32903728768578,0.11889597,"Javier Sanoja",28253,691594
"Geraldo Perdomo","ARI",720,0.18745441,0.56295844,0.39175258,0.75486381,0.93376764,0.89473684,0.54406385,18.00176056,68.25662180432646,0.09144543,"Geraldo Perdomo",22799,672695
"Mauricio Dubón","HOU",398,0.34743202,0.71783626,0.53566122,0.72173913,0.91649695,0.85436893,0.50817236,19.35911017,68.19521829782958,0.06752412,"Mauricio Dubon",16530,643289
"Sal Frelick","MIL",594,0.26031164,0.59508197,0.43704024,0.81338028,0.92975207,0.8970297,0.52791,18.45231129,68.18970788043478,0.06521739,"Sal Frelick",29622,686217
"Miguel Rojas","LAD",317,0.26116838,0.62328767,0.44253859,0.61184211,0.92582418,0.83333333,0.50085763,18.99525504,68.14781767265981,0.08675799,"Miguel Rojas",7802,500743
"Nathan Lukes","TOR",438,0.31410256,0.64131669,0.48765804,0.79183673,0.91327434,0.87654321,0.53040337,19.53119869,68.0124646956997,0.09475219,"Nathan Lukes",18123,664770
"Caleb Durbin","MIL",506,0.2396204,0.6040201,0.43688792,0.74752475,0.92845258,0.88293898,0.54134929,18.48192771,67.91519134477825,0.07153076,"Caleb Durbin",29646,702332
"Ernie Clement","TOR",588,0.36259143,0.71553611,0.53500802,0.7204611,0.94036697,0.86413586,0.48850882,18.49606918,67.61823341094296,0.08265425,"Ernie Clement",20352,676391
"Zach McKinstry","DET",511,0.26380368,0.65373699,0.46633907,0.62015504,0.85817656,0.79346681,0.51941032,18.52305665,67.54029361670617,0.06990521,"Zach McKinstry",19392,656716
"Nolan Schanuel","LAA",564,0.23923445,0.64940963,0.44967381,0.692,0.91888112,0.86010363,0.51304753,18.1747449,67.53248431691449,0.08054523,"Nolan Schanuel",33189,694384
"Edgar Quero","CHW",403,0.19007092,0.6833713,0.46367656,0.62686567,0.86166667,0.81880109,0.55464308,17.87819421,67.49907166280865,0.11882716,"Edgar Quero",28022,700337
"Chase Meidroth","CHW",505,0.22337125,0.52385321,0.38259601,0.7962963,0.91768827,0.88437103,0.52989791,17.9210356,67.4344630599711,0.10693642,"Chase Meidroth",31580,805367
"Liam Hicks","MIA",390,0.17558299,0.55321782,0.3741054,0.6484375,0.93064877,0.86782609,0.52569941,18.15248227,67.36711760685884,0.07554672,"Liam Hicks",29844,689414
"Jake Mangum","TBR",428,0.43567251,0.78428762,0.61811847,0.73489933,0.8811545,0.83201804,0.52334495,20.03777336,67.30838734313078,0.07793923,"Jake Mangum",26202,663968
"Xavier Edwards","MIA",619,0.25631431,0.67739204,0.47733333,0.76642336,0.935,0.89199255,0.52488889,19.24002455,66.87790432224025,0.05952381,"Xavier Edwards",22266,669364
"Kyle Farmer","COL",300,0.2989899,0.6369637,0.48501362,0.58783784,0.88601036,0.80337079,0.55040872,18.33166458,66.58197331832628,0.09110169,"Kyle Farmer",14813,571657
"Isiah Kiner-Falefa","- - -",459,0.31739708,0.63211845,0.4868179,0.71966527,0.94594595,0.87783375,0.53832005,18.14408233,66.5668382185219,0.07737226,"Isiah Kiner-Falefa",16512,643396
"Alex Call","- - -",322,0.1722973,0.54269972,0.37632777,0.65686275,0.87817259,0.83266129,0.5508346,18.1353001,66.09560546875,0.09302326,"Alex Call",19296,669743
"Adam Frazier","- - -",459,0.29418472,0.7033195,0.50841934,0.68604651,0.88938053,0.83333333,0.52362846,18.58623188,65.88624797203337,0.03461063,"Adam Frazier",15223,624428
"Wilmer Flores","SFG",463,0.2926045,0.63248731,0.46715328,0.66300366,0.87640449,0.81138393,0.51355579,18.66345492,65.5298871190013,0.04928664,"Wilmer Flores",5827,527038
"Nick Allen","ATL",416,0.24760602,0.66744731,0.47381703,0.59668508,0.87192982,0.80559254,0.53880126,18.59776055,64.52730095852895,0.03599374,"Nick Allen",22277,669397
"Chandler Simpson","TBR",441,0.29658385,0.61123853,0.47757256,0.76963351,0.94371482,0.89779006,0.57519789,19.13912232,64.18700214460785,0.01960784,"Chandler Simpson",31912,802415
"Jacob Wilson","ATH",523,0.32066508,0.66517357,0.49798271,0.86666667,0.93939394,0.91666667,0.51469741,19.0785124,63.87875996879334,0.03744799,"Jacob Wilson",33266,805779
"Steven Kwan","CLE",693,0.22699387,0.58434548,0.41708543,0.78378378,0.96766744,0.92082616,0.53194544,18.07684918,63.68114927279874,0.03773585,"Steven Kwan",24610,680757
"Luis Arraez","SDP",675,0.33916084,0.61829176,0.48885286,0.93298969,0.97188264,0.95936982,0.53627888,18.28724002,62.648734421273446,0.0207305,"Luis Arraez",18568,650333